<gpx xmlns:ns3="http://www.garmin.com/xmlschemas/TrackPointExtension/v1" xmlns="http://www.topografix.com/GPX/1/1" xmlns:xsi="http://www.w3.org/2001/XMLSchema-instance" xmlns:ns2="http://www.garmin.com/xmlschemas/GpxExtensions/v3" creator="Garmin Connect" version="1.1" xsi:schemaLocation="http://www.topografix.com/GPX/1/1 http://www.topografix.com/GPX/11.xsd">
  <extensions>
<distance>5500.15</distance>
<average_hr>142.0</average_hr>
<average_speed>2.5789999961853027</average_speed>
<start_time>2026-09-08T23:25:01+00:00</start_time>
<end_time>2026-09-09T00:00:33.444000+00:00</end_time>
<moving_time>2127.282</moving_time>
<elapsed_time>2184.186</elapsed_time>
</extensions>
<metadata>
    <link href="connect.garmin.com">
      <text>Garmin Connect</text>
    </link>
    <time>2026-09-08T23:25:01.000Z</time>
  </metadata>
  <trk>
    <name>东城区 跑步</name>
    <type>running</type>
    <trkseg>
      <trkpt lat="39.9467897973954677581787109375" lon="116.39063444919884204864501953125">
        <ele>51.799999237060546875</ele>
        <time>2026-09-08T23:25:01.000Z</time>
        <extensions>
          <ns3:TrackPointExtension>
            <ns3:atemp>29.0</ns3:atemp>
            <ns3:hr>89</ns3:hr>
            <ns3:cad>0</ns3:cad>
          </ns3:TrackPointExtension>
        </extensions>
      </trkpt>
      <trkpt lat="39.94668829254806041717529296875" lon="116.3906301744282245635986328125">
        <ele>51.799999237060546875</ele>
        <time>2026-09-08T23:25:02.000Z</time>
        <extensions>
          <ns3:TrackPointExtension>
            <ns3:atemp>29.0</ns3:atemp>
            <ns3:hr>89</ns3:hr>
            <ns3:cad>0</ns3:cad>
          </ns3:TrackPointExtension>
        </extensions>
      </trkpt>
      <trkpt lat="39.94666834361851215362548828125" lon="116.39062455855309963226318359375">
        <ele>51.799999237060546875</ele>
        <time>2026-09-08T23:25:03.000Z</time>
        <extensions>
          <ns3:TrackPointExtension>
            <ns3:atemp>29.0</ns3:atemp>
            <ns3:hr>89</ns3:hr>
            <ns3:cad>0</ns3:cad>
          </ns3:TrackPointExtension>
        </extensions>
      </trkpt>
      <trkpt lat="39.94664319790899753570556640625" lon="116.3906233012676239013671875">
        <ele>51.59999847412109375</ele>
        <time>2026-09-08T23:25:04.000Z</time>
        <extensions>
          <ns3:TrackPointExtension>
            <ns3:atemp>29.0</ns3:atemp>
            <ns3:hr>90</ns3:hr>
            <ns3:cad>0</ns3:cad>
          </ns3:TrackPointExtension>
        </extensions>
      </trkpt>
      <trkpt lat="39.946610592305660247802734375" lon="116.3906197808682918548583984375">
        <ele>51.59999847412109375</ele>
        <time>2026-09-08T23:25:05.000Z</time>
        <extensions>
          <ns3:TrackPointExtension>
            <ns3:atemp>29.0</ns3:atemp>
            <ns3:hr>90</ns3:hr>
            <ns3:cad>0</ns3:cad>
          </ns3:TrackPointExtension>
        </extensions>
      </trkpt>
      <trkpt lat="39.9465876258909702301025390625" lon="116.390619613230228424072265625">
        <ele>51.799999237060546875</ele>
        <time>2026-09-08T23:25:06.000Z</time>
        <extensions>
          <ns3:TrackPointExtension>
            <ns3:atemp>29.0</ns3:atemp>
            <ns3:hr>91</ns3:hr>
            <ns3:cad>88</ns3:cad>
          </ns3:TrackPointExtension>
        </extensions>
      </trkpt>
      <trkpt lat="39.94655904360115528106689453125" lon="116.390616260468959808349609375">
        <ele>51.799999237060546875</ele>
        <time>2026-09-08T23:25:07.000Z</time>
        <extensions>
          <ns3:TrackPointExtension>
            <ns3:atemp>28.0</ns3:atemp>
            <ns3:hr>91</ns3:hr>
            <ns3:cad>88</ns3:cad>
          </ns3:TrackPointExtension>
        </extensions>
      </trkpt>
      <trkpt lat="39.9465329758822917938232421875" lon="116.3906154222786426544189453125">
        <ele>51.799999237060546875</ele>
        <time>2026-09-08T23:25:08.000Z</time>
        <extensions>
          <ns3:TrackPointExtension>
            <ns3:atemp>29.0</ns3:atemp>
            <ns3:hr>91</ns3:hr>
            <ns3:cad>88</ns3:cad>
          </ns3:TrackPointExtension>
        </extensions>
      </trkpt>
      <trkpt lat="39.9465049803256988525390625" lon="116.3906167633831501007080078125">
        <ele>51.799999237060546875</ele>
        <time>2026-09-08T23:25:09.000Z</time>
        <extensions>
          <ns3:TrackPointExtension>
            <ns3:atemp>28.0</ns3:atemp>
            <ns3:hr>91</ns3:hr>
            <ns3:cad>89</ns3:cad>
          </ns3:TrackPointExtension>
        </extensions>
      </trkpt>
      <trkpt lat="39.9464769847691059112548828125" lon="116.390616931021213531494140625">
        <ele>51.799999237060546875</ele>
        <time>2026-09-08T23:25:10.000Z</time>
        <extensions>
          <ns3:TrackPointExtension>
            <ns3:atemp>29.0</ns3:atemp>
            <ns3:hr>90</ns3:hr>
            <ns3:cad>89</ns3:cad>
          </ns3:TrackPointExtension>
        </extensions>
      </trkpt>
      <trkpt lat="39.94644823484122753143310546875" lon="116.39061785303056240081787109375">
        <ele>51.799999237060546875</ele>
        <time>2026-09-08T23:25:11.000Z</time>
        <extensions>
          <ns3:TrackPointExtension>
            <ns3:atemp>28.0</ns3:atemp>
            <ns3:hr>91</ns3:hr>
            <ns3:cad>89</ns3:cad>
          </ns3:TrackPointExtension>
        </extensions>
      </trkpt>
      <trkpt lat="39.9464260227978229522705078125" lon="116.39061785303056240081787109375">
        <ele>51.799999237060546875</ele>
        <time>2026-09-08T23:25:12.000Z</time>
        <extensions>
          <ns3:TrackPointExtension>
            <ns3:atemp>28.0</ns3:atemp>
            <ns3:hr>92</ns3:hr>
            <ns3:cad>89</ns3:cad>
          </ns3:TrackPointExtension>
        </extensions>
      </trkpt>
      <trkpt lat="39.94640029035508632659912109375" lon="116.3906179368495941162109375">
        <ele>52</ele>
        <time>2026-09-08T23:25:13.000Z</time>
        <extensions>
          <ns3:TrackPointExtension>
            <ns3:atemp>28.0</ns3:atemp>
            <ns3:hr>92</ns3:hr>
            <ns3:cad>89</ns3:cad>
          </ns3:TrackPointExtension>
        </extensions>
      </trkpt>
      <trkpt lat="39.94637749157845973968505859375" lon="116.39062221162021160125732421875">
        <ele>52</ele>
        <time>2026-09-08T23:25:14.000Z</time>
        <extensions>
          <ns3:TrackPointExtension>
            <ns3:atemp>28.0</ns3:atemp>
            <ns3:hr>93</ns3:hr>
            <ns3:cad>89</ns3:cad>
          </ns3:TrackPointExtension>
        </extensions>
      </trkpt>
      <trkpt lat="39.9463519267737865447998046875" lon="116.390626318752765655517578125">
        <ele>52</ele>
        <time>2026-09-08T23:25:15.000Z</time>
        <extensions>
          <ns3:TrackPointExtension>
            <ns3:atemp>28.0</ns3:atemp>
            <ns3:hr>93</ns3:hr>
            <ns3:cad>89</ns3:cad>
          </ns3:TrackPointExtension>
        </extensions>
      </trkpt>
      <trkpt lat="39.94632988236844539642333984375" lon="116.39063126407563686370849609375">
        <ele>52</ele>
        <time>2026-09-08T23:25:16.000Z</time>
        <extensions>
          <ns3:TrackPointExtension>
            <ns3:atemp>28.0</ns3:atemp>
            <ns3:hr>94</ns3:hr>
            <ns3:cad>89</ns3:cad>
          </ns3:TrackPointExtension>
        </extensions>
      </trkpt>
      <trkpt lat="39.9463006295263767242431640625" lon="116.39063076116144657135009765625">
        <ele>52</ele>
        <time>2026-09-08T23:25:17.000Z</time>
        <extensions>
          <ns3:TrackPointExtension>
            <ns3:atemp>28.0</ns3:atemp>
            <ns3:hr>96</ns3:hr>
            <ns3:cad>89</ns3:cad>
          </ns3:TrackPointExtension>
        </extensions>
      </trkpt>
      <trkpt lat="39.94627187959849834442138671875" lon="116.39062740840017795562744140625">
        <ele>52</ele>
        <time>2026-09-08T23:25:18.000Z</time>
        <extensions>
          <ns3:TrackPointExtension>
            <ns3:atemp>28.0</ns3:atemp>
            <ns3:hr>99</ns3:hr>
            <ns3:cad>89</ns3:cad>
          </ns3:TrackPointExtension>
        </extensions>
      </trkpt>
      <trkpt lat="39.94624304585158824920654296875" lon="116.390620954334735870361328125">
        <ele>52</ele>
        <time>2026-09-08T23:25:19.000Z</time>
        <extensions>
          <ns3:TrackPointExtension>
            <ns3:atemp>28.0</ns3:atemp>
            <ns3:hr>101</ns3:hr>
            <ns3:cad>89</ns3:cad>
          </ns3:TrackPointExtension>
        </extensions>
      </trkpt>
      <trkpt lat="39.94622074998915195465087890625" lon="116.390622295439243316650390625">
        <ele>52</ele>
        <time>2026-09-08T23:25:20.000Z</time>
        <extensions>
          <ns3:TrackPointExtension>
            <ns3:atemp>28.0</ns3:atemp>
            <ns3:hr>101</ns3:hr>
            <ns3:cad>89</ns3:cad>
          </ns3:TrackPointExtension>
        </extensions>
      </trkpt>
      <trkpt lat="39.94619577191770076751708984375" lon="116.3906248100101947784423828125">
        <ele>52</ele>
        <time>2026-09-08T23:25:21.000Z</time>
        <extensions>
          <ns3:TrackPointExtension>
            <ns3:atemp>28.0</ns3:atemp>
            <ns3:hr>102</ns3:hr>
            <ns3:cad>89</ns3:cad>
          </ns3:TrackPointExtension>
        </extensions>
      </trkpt>
      <trkpt lat="39.946170039474964141845703125" lon="116.39062757603824138641357421875">
        <ele>52</ele>
        <time>2026-09-08T23:25:22.000Z</time>
        <extensions>
          <ns3:TrackPointExtension>
            <ns3:atemp>28.0</ns3:atemp>
            <ns3:hr>102</ns3:hr>
            <ns3:cad>89</ns3:cad>
          </ns3:TrackPointExtension>
        </extensions>
      </trkpt>
      <trkpt lat="39.94614430703222751617431640625" lon="116.39062522910535335540771484375">
        <ele>52</ele>
        <time>2026-09-08T23:25:23.000Z</time>
        <extensions>
          <ns3:TrackPointExtension>
            <ns3:atemp>28.0</ns3:atemp>
            <ns3:hr>103</ns3:hr>
            <ns3:cad>89</ns3:cad>
          </ns3:TrackPointExtension>
        </extensions>
      </trkpt>
      <trkpt lat="39.94612502865493297576904296875" lon="116.390624307096004486083984375">
        <ele>52</ele>
        <time>2026-09-08T23:25:24.000Z</time>
        <extensions>
          <ns3:TrackPointExtension>
            <ns3:atemp>28.0</ns3:atemp>
            <ns3:hr>102</ns3:hr>
            <ns3:cad>89</ns3:cad>
          </ns3:TrackPointExtension>
        </extensions>
      </trkpt>
      <trkpt lat="39.94609669782221317291259765625" lon="116.39060662128031253814697265625">
        <ele>52</ele>
        <time>2026-09-08T23:25:25.000Z</time>
        <extensions>
          <ns3:TrackPointExtension>
            <ns3:atemp>28.0</ns3:atemp>
            <ns3:hr>102</ns3:hr>
            <ns3:cad>89</ns3:cad>
          </ns3:TrackPointExtension>
        </extensions>
      </trkpt>
      <trkpt lat="39.946073479950428009033203125" lon="116.3905936293303966522216796875">
        <ele>52</ele>
        <time>2026-09-08T23:25:26.000Z</time>
        <extensions>
          <ns3:TrackPointExtension>
            <ns3:atemp>28.0</ns3:atemp>
            <ns3:hr>103</ns3:hr>
            <ns3:cad>89</ns3:cad>
          </ns3:TrackPointExtension>
        </extensions>
      </trkpt>
      <trkpt lat="39.94604389183223247528076171875" lon="116.39058105647563934326171875">
        <ele>52</ele>
        <time>2026-09-08T23:25:27.000Z</time>
        <extensions>
          <ns3:TrackPointExtension>
            <ns3:atemp>28.0</ns3:atemp>
            <ns3:hr>103</ns3:hr>
            <ns3:cad>89</ns3:cad>
          </ns3:TrackPointExtension>
        </extensions>
      </trkpt>
      <trkpt lat="39.94602327235043048858642578125" lon="116.3905785419046878814697265625">
        <ele>52</ele>
        <time>2026-09-08T23:25:28.000Z</time>
        <extensions>
          <ns3:TrackPointExtension>
            <ns3:atemp>28.0</ns3:atemp>
            <ns3:hr>104</ns3:hr>
            <ns3:cad>89</ns3:cad>
          </ns3:TrackPointExtension>
        </extensions>
      </trkpt>
      <trkpt lat="39.94599360041320323944091796875" lon="116.39057141728699207305908203125">
        <ele>52</ele>
        <time>2026-09-08T23:25:29.000Z</time>
        <extensions>
          <ns3:TrackPointExtension>
            <ns3:atemp>28.0</ns3:atemp>
            <ns3:hr>104</ns3:hr>
            <ns3:cad>89</ns3:cad>
          </ns3:TrackPointExtension>
        </extensions>
      </trkpt>
      <trkpt lat="39.94597055017948150634765625" lon="116.3905711658298969268798828125">
        <ele>52.200000762939453125</ele>
        <time>2026-09-08T23:25:30.000Z</time>
        <extensions>
          <ns3:TrackPointExtension>
            <ns3:atemp>28.0</ns3:atemp>
            <ns3:hr>105</ns3:hr>
            <ns3:cad>89</ns3:cad>
          </ns3:TrackPointExtension>
        </extensions>
      </trkpt>
      <trkpt lat="39.9459412135183811187744140625" lon="116.39056898653507232666015625">
        <ele>52.200000762939453125</ele>
        <time>2026-09-08T23:25:31.000Z</time>
        <extensions>
          <ns3:TrackPointExtension>
            <ns3:atemp>28.0</ns3:atemp>
            <ns3:hr>106</ns3:hr>
            <ns3:cad>89</ns3:cad>
          </ns3:TrackPointExtension>
        </extensions>
      </trkpt>
      <trkpt lat="39.94592000730335712432861328125" lon="116.3905669748783111572265625">
        <ele>52.40000152587890625</ele>
        <time>2026-09-08T23:25:32.000Z</time>
        <extensions>
          <ns3:TrackPointExtension>
            <ns3:atemp>28.0</ns3:atemp>
            <ns3:hr>107</ns3:hr>
            <ns3:cad>89</ns3:cad>
          </ns3:TrackPointExtension>
        </extensions>
      </trkpt>
      <trkpt lat="39.945891089737415313720703125" lon="116.39056404121220111846923828125">
        <ele>52.40000152587890625</ele>
        <time>2026-09-08T23:25:33.000Z</time>
        <extensions>
          <ns3:TrackPointExtension>
            <ns3:atemp>27.0</ns3:atemp>
            <ns3:hr>109</ns3:hr>
            <ns3:cad>89</ns3:cad>
          </ns3:TrackPointExtension>
        </extensions>
      </trkpt>
      <trkpt lat="39.94586384855210781097412109375" lon="116.39056630432605743408203125">
        <ele>52.40000152587890625</ele>
        <time>2026-09-08T23:25:34.000Z</time>
        <extensions>
          <ns3:TrackPointExtension>
            <ns3:atemp>27.0</ns3:atemp>
            <ns3:hr>111</ns3:hr>
            <ns3:cad>89</ns3:cad>
          </ns3:TrackPointExtension>
        </extensions>
      </trkpt>
      <trkpt lat="39.945837445557117462158203125" lon="116.39055767096579074859619140625">
        <ele>52.40000152587890625</ele>
        <time>2026-09-08T23:25:35.000Z</time>
        <extensions>
          <ns3:TrackPointExtension>
            <ns3:atemp>27.0</ns3:atemp>
            <ns3:hr>111</ns3:hr>
            <ns3:cad>89</ns3:cad>
          </ns3:TrackPointExtension>
        </extensions>
      </trkpt>
      <trkpt lat="39.94581422768533229827880859375" lon="116.3905574195086956024169921875">
        <ele>52.40000152587890625</ele>
        <time>2026-09-08T23:25:36.000Z</time>
        <extensions>
          <ns3:TrackPointExtension>
            <ns3:atemp>27.0</ns3:atemp>
            <ns3:hr>112</ns3:hr>
            <ns3:cad>90</ns3:cad>
          </ns3:TrackPointExtension>
        </extensions>
      </trkpt>
      <trkpt lat="39.94578572921454906463623046875" lon="116.3905550725758075714111328125">
        <ele>52.40000152587890625</ele>
        <time>2026-09-08T23:25:37.000Z</time>
        <extensions>
          <ns3:TrackPointExtension>
            <ns3:atemp>27.0</ns3:atemp>
            <ns3:hr>112</ns3:hr>
            <ns3:cad>90</ns3:cad>
          </ns3:TrackPointExtension>
        </extensions>
      </trkpt>
      <trkpt lat="39.94576309807598590850830078125" lon="116.3905562460422515869140625">
        <ele>52.40000152587890625</ele>
        <time>2026-09-08T23:25:38.000Z</time>
        <extensions>
          <ns3:TrackPointExtension>
            <ns3:atemp>27.0</ns3:atemp>
            <ns3:hr>113</ns3:hr>
            <ns3:cad>90</ns3:cad>
          </ns3:TrackPointExtension>
        </extensions>
      </trkpt>
      <trkpt lat="39.94573661126196384429931640625" lon="116.39056018553674221038818359375">
        <ele>52.59999847412109375</ele>
        <time>2026-09-08T23:25:39.000Z</time>
        <extensions>
          <ns3:TrackPointExtension>
            <ns3:atemp>27.0</ns3:atemp>
            <ns3:hr>113</ns3:hr>
            <ns3:cad>90</ns3:cad>
          </ns3:TrackPointExtension>
        </extensions>
      </trkpt>
      <trkpt lat="39.94571515358984470367431640625" lon="116.390561275184154510498046875">
        <ele>52.59999847412109375</ele>
        <time>2026-09-08T23:25:40.000Z</time>
        <extensions>
          <ns3:TrackPointExtension>
            <ns3:atemp>27.0</ns3:atemp>
            <ns3:hr>114</ns3:hr>
            <ns3:cad>90</ns3:cad>
          </ns3:TrackPointExtension>
        </extensions>
      </trkpt>
      <trkpt lat="39.94568799622356891632080078125" lon="116.390561945736408233642578125">
        <ele>52.59999847412109375</ele>
        <time>2026-09-08T23:25:41.000Z</time>
        <extensions>
          <ns3:TrackPointExtension>
            <ns3:atemp>27.0</ns3:atemp>
            <ns3:hr>114</ns3:hr>
            <ns3:cad>90</ns3:cad>
          </ns3:TrackPointExtension>
        </extensions>
      </trkpt>
      <trkpt lat="39.9456646107137203216552734375" lon="116.39056035317480564117431640625">
        <ele>52.59999847412109375</ele>
        <time>2026-09-08T23:25:42.000Z</time>
        <extensions>
          <ns3:TrackPointExtension>
            <ns3:atemp>27.0</ns3:atemp>
            <ns3:hr>114</ns3:hr>
            <ns3:cad>90</ns3:cad>
          </ns3:TrackPointExtension>
        </extensions>
      </trkpt>
      <trkpt lat="39.94563921354711055755615234375" lon="116.3905577547848224639892578125">
        <ele>52.59999847412109375</ele>
        <time>2026-09-08T23:25:43.000Z</time>
        <extensions>
          <ns3:TrackPointExtension>
            <ns3:atemp>27.0</ns3:atemp>
            <ns3:hr>115</ns3:hr>
            <ns3:cad>90</ns3:cad>
          </ns3:TrackPointExtension>
        </extensions>
      </trkpt>
      <trkpt lat="39.9456146545708179473876953125" lon="116.39055985026061534881591796875">
        <ele>52.59999847412109375</ele>
        <time>2026-09-08T23:25:44.000Z</time>
        <extensions>
          <ns3:TrackPointExtension>
            <ns3:atemp>27.0</ns3:atemp>
            <ns3:hr>115</ns3:hr>
            <ns3:cad>90</ns3:cad>
          </ns3:TrackPointExtension>
        </extensions>
      </trkpt>
      <trkpt lat="39.94558967649936676025390625" lon="116.390561275184154510498046875">
        <ele>52.59999847412109375</ele>
        <time>2026-09-08T23:25:45.000Z</time>
        <extensions>
          <ns3:TrackPointExtension>
            <ns3:atemp>27.0</ns3:atemp>
            <ns3:hr>115</ns3:hr>
            <ns3:cad>90</ns3:cad>
          </ns3:TrackPointExtension>
        </extensions>
      </trkpt>
      <trkpt lat="39.9455657042562961578369140625" lon="116.39056253246963024139404296875">
        <ele>52.59999847412109375</ele>
        <time>2026-09-08T23:25:46.000Z</time>
        <extensions>
          <ns3:TrackPointExtension>
            <ns3:atemp>27.0</ns3:atemp>
            <ns3:hr>116</ns3:hr>
            <ns3:cad>90</ns3:cad>
          </ns3:TrackPointExtension>
        </extensions>
      </trkpt>
      <trkpt lat="39.94554139673709869384765625" lon="116.39056236483156681060791015625">
        <ele>52.59999847412109375</ele>
        <time>2026-09-08T23:25:47.000Z</time>
        <extensions>
          <ns3:TrackPointExtension>
            <ns3:atemp>27.0</ns3:atemp>
            <ns3:hr>116</ns3:hr>
            <ns3:cad>90</ns3:cad>
          </ns3:TrackPointExtension>
        </extensions>
      </trkpt>
      <trkpt lat="39.94551935233175754547119140625" lon="116.39056370593607425689697265625">
        <ele>52.59999847412109375</ele>
        <time>2026-09-08T23:25:48.000Z</time>
        <extensions>
          <ns3:TrackPointExtension>
            <ns3:atemp>27.0</ns3:atemp>
            <ns3:hr>117</ns3:hr>
            <ns3:cad>90</ns3:cad>
          </ns3:TrackPointExtension>
        </extensions>
      </trkpt>
      <trkpt lat="39.94549605064094066619873046875" lon="116.39056286774575710296630859375">
        <ele>52.799999237060546875</ele>
        <time>2026-09-08T23:25:49.000Z</time>
        <extensions>
          <ns3:TrackPointExtension>
            <ns3:atemp>27.0</ns3:atemp>
            <ns3:hr>118</ns3:hr>
            <ns3:cad>90</ns3:cad>
          </ns3:TrackPointExtension>
        </extensions>
      </trkpt>
      <trkpt lat="39.9454745091497898101806640625" lon="116.39056806452572345733642578125">
        <ele>52.799999237060546875</ele>
        <time>2026-09-08T23:25:50.000Z</time>
        <extensions>
          <ns3:TrackPointExtension>
            <ns3:atemp>27.0</ns3:atemp>
            <ns3:hr>118</ns3:hr>
            <ns3:cad>89</ns3:cad>
          </ns3:TrackPointExtension>
        </extensions>
      </trkpt>
      <trkpt lat="39.9454481899738311767578125" lon="116.390567310154438018798828125">
        <ele>52.799999237060546875</ele>
        <time>2026-09-08T23:25:51.000Z</time>
        <extensions>
          <ns3:TrackPointExtension>
            <ns3:atemp>27.0</ns3:atemp>
            <ns3:hr>118</ns3:hr>
            <ns3:cad>89</ns3:cad>
          </ns3:TrackPointExtension>
        </extensions>
      </trkpt>
      <trkpt lat="39.94543100707232952117919921875" lon="116.3905684836208820343017578125">
        <ele>52.799999237060546875</ele>
        <time>2026-09-08T23:25:52.000Z</time>
        <extensions>
          <ns3:TrackPointExtension>
            <ns3:atemp>27.0</ns3:atemp>
            <ns3:hr>118</ns3:hr>
            <ns3:cad>89</ns3:cad>
          </ns3:TrackPointExtension>
        </extensions>
      </trkpt>
      <trkpt lat="39.94540301151573657989501953125" lon="116.39055767096579074859619140625">
        <ele>52.799999237060546875</ele>
        <time>2026-09-08T23:25:53.000Z</time>
        <extensions>
          <ns3:TrackPointExtension>
            <ns3:atemp>27.0</ns3:atemp>
            <ns3:hr>119</ns3:hr>
            <ns3:cad>89</ns3:cad>
          </ns3:TrackPointExtension>
        </extensions>
      </trkpt>
      <trkpt lat="39.9453839845955371856689453125" lon="116.3905510492622852325439453125">
        <ele>52.799999237060546875</ele>
        <time>2026-09-08T23:25:54.000Z</time>
        <extensions>
          <ns3:TrackPointExtension>
            <ns3:atemp>27.0</ns3:atemp>
            <ns3:hr>120</ns3:hr>
            <ns3:cad>89</ns3:cad>
          </ns3:TrackPointExtension>
        </extensions>
      </trkpt>
      <trkpt lat="39.945354647934436798095703125" lon="116.390541158616542816162109375">
        <ele>52.799999237060546875</ele>
        <time>2026-09-08T23:25:55.000Z</time>
        <extensions>
          <ns3:TrackPointExtension>
            <ns3:atemp>27.0</ns3:atemp>
            <ns3:hr>120</ns3:hr>
            <ns3:cad>88</ns3:cad>
          </ns3:TrackPointExtension>
        </extensions>
      </trkpt>
      <trkpt lat="39.9453269876539707183837890625" lon="116.39054710976779460906982421875">
        <ele>52.799999237060546875</ele>
        <time>2026-09-08T23:25:56.000Z</time>
        <extensions>
          <ns3:TrackPointExtension>
            <ns3:atemp>27.0</ns3:atemp>
            <ns3:hr>121</ns3:hr>
            <ns3:cad>89</ns3:cad>
          </ns3:TrackPointExtension>
        </extensions>
      </trkpt>
      <trkpt lat="39.9452988244593143463134765625" lon="116.39054979197680950164794921875">
        <ele>52.799999237060546875</ele>
        <time>2026-09-08T23:25:57.000Z</time>
        <extensions>
          <ns3:TrackPointExtension>
            <ns3:atemp>27.0</ns3:atemp>
            <ns3:hr>121</ns3:hr>
            <ns3:cad>89</ns3:cad>
          </ns3:TrackPointExtension>
        </extensions>
      </trkpt>
      <trkpt lat="39.9452787078917026519775390625" lon="116.39055247418582439422607421875">
        <ele>52.799999237060546875</ele>
        <time>2026-09-08T23:25:58.000Z</time>
        <extensions>
          <ns3:TrackPointExtension>
            <ns3:atemp>27.0</ns3:atemp>
            <ns3:hr>121</ns3:hr>
            <ns3:cad>89</ns3:cad>
          </ns3:TrackPointExtension>
        </extensions>
      </trkpt>
      <trkpt lat="39.94525029323995113372802734375" lon="116.39055599458515644073486328125">
        <ele>52.799999237060546875</ele>
        <time>2026-09-08T23:25:59.000Z</time>
        <extensions>
          <ns3:TrackPointExtension>
            <ns3:atemp>27.0</ns3:atemp>
            <ns3:hr>121</ns3:hr>
            <ns3:cad>89</ns3:cad>
          </ns3:TrackPointExtension>
        </extensions>
      </trkpt>
      <trkpt lat="39.94523151777684688568115234375" lon="116.390562616288661956787109375">
        <ele>53</ele>
        <time>2026-09-08T23:26:00.000Z</time>
        <extensions>
          <ns3:TrackPointExtension>
            <ns3:atemp>27.0</ns3:atemp>
            <ns3:hr>121</ns3:hr>
            <ns3:cad>89</ns3:cad>
          </ns3:TrackPointExtension>
        </extensions>
      </trkpt>
      <trkpt lat="39.945203103125095367431640625" lon="116.39056454412639141082763671875">
        <ele>53</ele>
        <time>2026-09-08T23:26:01.000Z</time>
        <extensions>
          <ns3:TrackPointExtension>
            <ns3:atemp>27.0</ns3:atemp>
            <ns3:hr>121</ns3:hr>
            <ns3:cad>89</ns3:cad>
          </ns3:TrackPointExtension>
        </extensions>
      </trkpt>
      <trkpt lat="39.9451824836432933807373046875" lon="116.3905681483447551727294921875">
        <ele>53</ele>
        <time>2026-09-08T23:26:02.000Z</time>
        <extensions>
          <ns3:TrackPointExtension>
            <ns3:atemp>27.0</ns3:atemp>
            <ns3:hr>122</ns3:hr>
            <ns3:cad>89</ns3:cad>
          </ns3:TrackPointExtension>
        </extensions>
      </trkpt>
      <trkpt lat="39.9451553262770175933837890625" lon="116.3905718363821506500244140625">
        <ele>53</ele>
        <time>2026-09-08T23:26:03.000Z</time>
        <extensions>
          <ns3:TrackPointExtension>
            <ns3:atemp>27.0</ns3:atemp>
            <ns3:hr>121</ns3:hr>
            <ns3:cad>89</ns3:cad>
          </ns3:TrackPointExtension>
        </extensions>
      </trkpt>
      <trkpt lat="39.945130683481693267822265625" lon="116.390572004020214080810546875">
        <ele>53</ele>
        <time>2026-09-08T23:26:04.000Z</time>
        <extensions>
          <ns3:TrackPointExtension>
            <ns3:atemp>26.0</ns3:atemp>
            <ns3:hr>121</ns3:hr>
            <ns3:cad>89</ns3:cad>
          </ns3:TrackPointExtension>
        </extensions>
      </trkpt>
      <trkpt lat="39.94510528631508350372314453125" lon="116.39057242311537265777587890625">
        <ele>53</ele>
        <time>2026-09-08T23:26:05.000Z</time>
        <extensions>
          <ns3:TrackPointExtension>
            <ns3:atemp>26.0</ns3:atemp>
            <ns3:hr>121</ns3:hr>
            <ns3:cad>89</ns3:cad>
          </ns3:TrackPointExtension>
        </extensions>
      </trkpt>
      <trkpt lat="39.94508382864296436309814453125" lon="116.39057225547730922698974609375">
        <ele>53.200000762939453125</ele>
        <time>2026-09-08T23:26:06.000Z</time>
        <extensions>
          <ns3:TrackPointExtension>
            <ns3:atemp>26.0</ns3:atemp>
            <ns3:hr>121</ns3:hr>
            <ns3:cad>88</ns3:cad>
          </ns3:TrackPointExtension>
        </extensions>
      </trkpt>
      <trkpt lat="39.945062287151813507080078125" lon="116.3905704952776432037353515625">
        <ele>53.200000762939453125</ele>
        <time>2026-09-08T23:26:07.000Z</time>
        <extensions>
          <ns3:TrackPointExtension>
            <ns3:atemp>26.0</ns3:atemp>
            <ns3:hr>122</ns3:hr>
            <ns3:cad>88</ns3:cad>
          </ns3:TrackPointExtension>
        </extensions>
      </trkpt>
      <trkpt lat="39.9450383149087429046630859375" lon="116.39057694934308528900146484375">
        <ele>53.200000762939453125</ele>
        <time>2026-09-08T23:26:08.000Z</time>
        <extensions>
          <ns3:TrackPointExtension>
            <ns3:atemp>27.0</ns3:atemp>
            <ns3:hr>121</ns3:hr>
            <ns3:cad>88</ns3:cad>
          </ns3:TrackPointExtension>
        </extensions>
      </trkpt>
      <trkpt lat="39.9450158514082431793212890625" lon="116.3905778713524341583251953125">
        <ele>53.200000762939453125</ele>
        <time>2026-09-08T23:26:09.000Z</time>
        <extensions>
          <ns3:TrackPointExtension>
            <ns3:atemp>26.0</ns3:atemp>
            <ns3:hr>121</ns3:hr>
            <ns3:cad>88</ns3:cad>
          </ns3:TrackPointExtension>
        </extensions>
      </trkpt>
      <trkpt lat="39.94499347172677516937255859375" lon="116.39057778753340244293212890625">
        <ele>53.200000762939453125</ele>
        <time>2026-09-08T23:26:10.000Z</time>
        <extensions>
          <ns3:TrackPointExtension>
            <ns3:atemp>26.0</ns3:atemp>
            <ns3:hr>122</ns3:hr>
            <ns3:cad>88</ns3:cad>
          </ns3:TrackPointExtension>
        </extensions>
      </trkpt>
      <trkpt lat="39.944970421493053436279296875" lon="116.39057929627597332000732421875">
        <ele>53.200000762939453125</ele>
        <time>2026-09-08T23:26:11.000Z</time>
        <extensions>
          <ns3:TrackPointExtension>
            <ns3:atemp>26.0</ns3:atemp>
            <ns3:hr>122</ns3:hr>
            <ns3:cad>88</ns3:cad>
          </ns3:TrackPointExtension>
        </extensions>
      </trkpt>
      <trkpt lat="39.94494586251676082611083984375" lon="116.3905808888375759124755859375">
        <ele>53.200000762939453125</ele>
        <time>2026-09-08T23:26:12.000Z</time>
        <extensions>
          <ns3:TrackPointExtension>
            <ns3:atemp>26.0</ns3:atemp>
            <ns3:hr>122</ns3:hr>
            <ns3:cad>88</ns3:cad>
          </ns3:TrackPointExtension>
        </extensions>
      </trkpt>
      <trkpt lat="39.94492272846400737762451171875" lon="116.39058801345527172088623046875">
        <ele>53.200000762939453125</ele>
        <time>2026-09-08T23:26:13.000Z</time>
        <extensions>
          <ns3:TrackPointExtension>
            <ns3:atemp>26.0</ns3:atemp>
            <ns3:hr>122</ns3:hr>
            <ns3:cad>88</ns3:cad>
          </ns3:TrackPointExtension>
        </extensions>
      </trkpt>
      <trkpt lat="39.94489858858287334442138671875" lon="116.3905939646065235137939453125">
        <ele>53.200000762939453125</ele>
        <time>2026-09-08T23:26:14.000Z</time>
        <extensions>
          <ns3:TrackPointExtension>
            <ns3:atemp>26.0</ns3:atemp>
            <ns3:hr>122</ns3:hr>
            <ns3:cad>88</ns3:cad>
          </ns3:TrackPointExtension>
        </extensions>
      </trkpt>
      <trkpt lat="39.944875873625278472900390625" lon="116.39060192741453647613525390625">
        <ele>53.200000762939453125</ele>
        <time>2026-09-08T23:26:15.000Z</time>
        <extensions>
          <ns3:TrackPointExtension>
            <ns3:atemp>26.0</ns3:atemp>
            <ns3:hr>122</ns3:hr>
            <ns3:cad>88</ns3:cad>
          </ns3:TrackPointExtension>
        </extensions>
      </trkpt>
      <trkpt lat="39.94484913535416126251220703125" lon="116.3906063698232173919677734375">
        <ele>53.200000762939453125</ele>
        <time>2026-09-08T23:26:16.000Z</time>
        <extensions>
          <ns3:TrackPointExtension>
            <ns3:atemp>26.0</ns3:atemp>
            <ns3:hr>122</ns3:hr>
            <ns3:cad>89</ns3:cad>
          </ns3:TrackPointExtension>
        </extensions>
      </trkpt>
      <trkpt lat="39.944829605519771575927734375" lon="116.39061324298381805419921875">
        <ele>53.40000152587890625</ele>
        <time>2026-09-08T23:26:17.000Z</time>
        <extensions>
          <ns3:TrackPointExtension>
            <ns3:atemp>26.0</ns3:atemp>
            <ns3:hr>122</ns3:hr>
            <ns3:cad>89</ns3:cad>
          </ns3:TrackPointExtension>
        </extensions>
      </trkpt>
      <trkpt lat="39.94480311870574951171875" lon="116.3906127400696277618408203125">
        <ele>53.200000762939453125</ele>
        <time>2026-09-08T23:26:18.000Z</time>
        <extensions>
          <ns3:TrackPointExtension>
            <ns3:atemp>26.0</ns3:atemp>
            <ns3:hr>123</ns3:hr>
            <ns3:cad>88</ns3:cad>
          </ns3:TrackPointExtension>
        </extensions>
      </trkpt>
      <trkpt lat="39.944786019623279571533203125" lon="116.39061391353607177734375">
        <ele>53.40000152587890625</ele>
        <time>2026-09-08T23:26:19.000Z</time>
        <extensions>
          <ns3:TrackPointExtension>
            <ns3:atemp>26.0</ns3:atemp>
            <ns3:hr>123</ns3:hr>
            <ns3:cad>88</ns3:cad>
          </ns3:TrackPointExtension>
        </extensions>
      </trkpt>
      <trkpt lat="39.944760538637638092041015625" lon="116.39060653746128082275390625">
        <ele>53.40000152587890625</ele>
        <time>2026-09-08T23:26:20.000Z</time>
        <extensions>
          <ns3:TrackPointExtension>
            <ns3:atemp>26.0</ns3:atemp>
            <ns3:hr>124</ns3:hr>
            <ns3:cad>88</ns3:cad>
          </ns3:TrackPointExtension>
        </extensions>
      </trkpt>
      <trkpt lat="39.94473597966134548187255859375" lon="116.39060813002288341522216796875">
        <ele>53.40000152587890625</ele>
        <time>2026-09-08T23:26:21.000Z</time>
        <extensions>
          <ns3:TrackPointExtension>
            <ns3:atemp>26.0</ns3:atemp>
            <ns3:hr>124</ns3:hr>
            <ns3:cad>88</ns3:cad>
          </ns3:TrackPointExtension>
        </extensions>
      </trkpt>
      <trkpt lat="39.94470697827637195587158203125" lon="116.3906073756515979766845703125">
        <ele>53.40000152587890625</ele>
        <time>2026-09-08T23:26:22.000Z</time>
        <extensions>
          <ns3:TrackPointExtension>
            <ns3:atemp>26.0</ns3:atemp>
            <ns3:hr>125</ns3:hr>
            <ns3:cad>88</ns3:cad>
          </ns3:TrackPointExtension>
        </extensions>
      </trkpt>
      <trkpt lat="39.94468501769006252288818359375" lon="116.39061416499316692352294921875">
        <ele>53.40000152587890625</ele>
        <time>2026-09-08T23:26:23.000Z</time>
        <extensions>
          <ns3:TrackPointExtension>
            <ns3:atemp>26.0</ns3:atemp>
            <ns3:hr>125</ns3:hr>
            <ns3:cad>89</ns3:cad>
          </ns3:TrackPointExtension>
        </extensions>
      </trkpt>
      <trkpt lat="39.94465936906635761260986328125" lon="116.390622295439243316650390625">
        <ele>53.40000152587890625</ele>
        <time>2026-09-08T23:26:24.000Z</time>
        <extensions>
          <ns3:TrackPointExtension>
            <ns3:atemp>26.0</ns3:atemp>
            <ns3:hr>125</ns3:hr>
            <ns3:cad>89</ns3:cad>
          </ns3:TrackPointExtension>
        </extensions>
      </trkpt>
      <trkpt lat="39.9446423538029193878173828125" lon="116.39062271453440189361572265625">
        <ele>53.40000152587890625</ele>
        <time>2026-09-08T23:26:25.000Z</time>
        <extensions>
          <ns3:TrackPointExtension>
            <ns3:atemp>26.0</ns3:atemp>
            <ns3:hr>125</ns3:hr>
            <ns3:cad>89</ns3:cad>
          </ns3:TrackPointExtension>
        </extensions>
      </trkpt>
      <trkpt lat="39.94461142458021640777587890625" lon="116.39062673784792423248291015625">
        <ele>53.40000152587890625</ele>
        <time>2026-09-08T23:26:26.000Z</time>
        <extensions>
          <ns3:TrackPointExtension>
            <ns3:atemp>26.0</ns3:atemp>
            <ns3:hr>126</ns3:hr>
            <ns3:cad>89</ns3:cad>
          </ns3:TrackPointExtension>
        </extensions>
      </trkpt>
      <trkpt lat="39.94459231384098529815673828125" lon="116.3906278274953365325927734375">
        <ele>53.40000152587890625</ele>
        <time>2026-09-08T23:26:27.000Z</time>
        <extensions>
          <ns3:TrackPointExtension>
            <ns3:atemp>26.0</ns3:atemp>
            <ns3:hr>126</ns3:hr>
            <ns3:cad>89</ns3:cad>
          </ns3:TrackPointExtension>
        </extensions>
      </trkpt>
      <trkpt lat="39.9445719458162784576416015625" lon="116.39062942005693912506103515625">
        <ele>53.59999847412109375</ele>
        <time>2026-09-08T23:26:28.000Z</time>
        <extensions>
          <ns3:TrackPointExtension>
            <ns3:atemp>26.0</ns3:atemp>
            <ns3:hr>126</ns3:hr>
            <ns3:cad>89</ns3:cad>
          </ns3:TrackPointExtension>
        </extensions>
      </trkpt>
      <trkpt lat="39.94455509819090366363525390625" lon="116.39063059352338314056396484375">
        <ele>53.59999847412109375</ele>
        <time>2026-09-08T23:26:29.000Z</time>
        <extensions>
          <ns3:TrackPointExtension>
            <ns3:atemp>26.0</ns3:atemp>
            <ns3:hr>126</ns3:hr>
            <ns3:cad>89</ns3:cad>
          </ns3:TrackPointExtension>
        </extensions>
      </trkpt>
      <trkpt lat="39.9445253424346446990966796875" lon="116.39063277281820774078369140625">
        <ele>53.59999847412109375</ele>
        <time>2026-09-08T23:26:30.000Z</time>
        <extensions>
          <ns3:TrackPointExtension>
            <ns3:atemp>26.0</ns3:atemp>
            <ns3:hr>126</ns3:hr>
            <ns3:cad>90</ns3:cad>
          </ns3:TrackPointExtension>
        </extensions>
      </trkpt>
      <trkpt lat="39.94450212456285953521728515625" lon="116.39063025824725627899169921875">
        <ele>53.59999847412109375</ele>
        <time>2026-09-08T23:26:31.000Z</time>
        <extensions>
          <ns3:TrackPointExtension>
            <ns3:atemp>26.0</ns3:atemp>
            <ns3:hr>126</ns3:hr>
            <ns3:cad>89</ns3:cad>
          </ns3:TrackPointExtension>
        </extensions>
      </trkpt>
      <trkpt lat="39.94447245262563228607177734375" lon="116.39062573201954364776611328125">
        <ele>53.59999847412109375</ele>
        <time>2026-09-08T23:26:32.000Z</time>
        <extensions>
          <ns3:TrackPointExtension>
            <ns3:atemp>26.0</ns3:atemp>
            <ns3:hr>126</ns3:hr>
            <ns3:cad>89</ns3:cad>
          </ns3:TrackPointExtension>
        </extensions>
      </trkpt>
      <trkpt lat="39.944450072944164276123046875" lon="116.39062556438148021697998046875">
        <ele>53.59999847412109375</ele>
        <time>2026-09-08T23:26:33.000Z</time>
        <extensions>
          <ns3:TrackPointExtension>
            <ns3:atemp>26.0</ns3:atemp>
            <ns3:hr>126</ns3:hr>
            <ns3:cad>89</ns3:cad>
          </ns3:TrackPointExtension>
        </extensions>
      </trkpt>
      <trkpt lat="39.9444214068353176116943359375" lon="116.39062103815376758575439453125">
        <ele>53.59999847412109375</ele>
        <time>2026-09-08T23:26:34.000Z</time>
        <extensions>
          <ns3:TrackPointExtension>
            <ns3:atemp>26.0</ns3:atemp>
            <ns3:hr>126</ns3:hr>
            <ns3:cad>89</ns3:cad>
          </ns3:TrackPointExtension>
        </extensions>
      </trkpt>
      <trkpt lat="39.9443996138870716094970703125" lon="116.390619613230228424072265625">
        <ele>53.59999847412109375</ele>
        <time>2026-09-08T23:26:35.000Z</time>
        <extensions>
          <ns3:TrackPointExtension>
            <ns3:atemp>26.0</ns3:atemp>
            <ns3:hr>126</ns3:hr>
            <ns3:cad>89</ns3:cad>
          </ns3:TrackPointExtension>
        </extensions>
      </trkpt>
      <trkpt lat="39.9443697743117809295654296875" lon="116.39061701484024524688720703125">
        <ele>53.59999847412109375</ele>
        <time>2026-09-08T23:26:36.000Z</time>
        <extensions>
          <ns3:TrackPointExtension>
            <ns3:atemp>26.0</ns3:atemp>
            <ns3:hr>127</ns3:hr>
            <ns3:cad>89</ns3:cad>
          </ns3:TrackPointExtension>
        </extensions>
      </trkpt>
      <trkpt lat="39.94434990920126438140869140625" lon="116.39061919413506984710693359375">
        <ele>53.59999847412109375</ele>
        <time>2026-09-08T23:26:37.000Z</time>
        <extensions>
          <ns3:TrackPointExtension>
            <ns3:atemp>26.0</ns3:atemp>
            <ns3:hr>126</ns3:hr>
            <ns3:cad>89</ns3:cad>
          </ns3:TrackPointExtension>
        </extensions>
      </trkpt>
      <trkpt lat="39.94431923143565654754638671875" lon="116.39061416499316692352294921875">
        <ele>53.59999847412109375</ele>
        <time>2026-09-08T23:26:38.000Z</time>
        <extensions>
          <ns3:TrackPointExtension>
            <ns3:atemp>26.0</ns3:atemp>
            <ns3:hr>126</ns3:hr>
            <ns3:cad>89</ns3:cad>
          </ns3:TrackPointExtension>
        </extensions>
      </trkpt>
      <trkpt lat="39.9443007074296474456787109375" lon="116.3906140811741352081298828125">
        <ele>53.59999847412109375</ele>
        <time>2026-09-08T23:26:39.000Z</time>
        <extensions>
          <ns3:TrackPointExtension>
            <ns3:atemp>26.0</ns3:atemp>
            <ns3:hr>126</ns3:hr>
            <ns3:cad>89</ns3:cad>
          </ns3:TrackPointExtension>
        </extensions>
      </trkpt>
      <trkpt lat="39.9442707002162933349609375" lon="116.3906157575547695159912109375">
        <ele>53.799999237060546875</ele>
        <time>2026-09-08T23:26:40.000Z</time>
        <extensions>
          <ns3:TrackPointExtension>
            <ns3:atemp>26.0</ns3:atemp>
            <ns3:hr>127</ns3:hr>
            <ns3:cad>89</ns3:cad>
          </ns3:TrackPointExtension>
        </extensions>
      </trkpt>
      <trkpt lat="39.94424949400126934051513671875" lon="116.39061835594475269317626953125">
        <ele>53.59999847412109375</ele>
        <time>2026-09-08T23:26:41.000Z</time>
        <extensions>
          <ns3:TrackPointExtension>
            <ns3:atemp>26.0</ns3:atemp>
            <ns3:hr>127</ns3:hr>
            <ns3:cad>89</ns3:cad>
          </ns3:TrackPointExtension>
        </extensions>
      </trkpt>
      <trkpt lat="39.944219402968883514404296875" lon="116.39061165042221546173095703125">
        <ele>53.59999847412109375</ele>
        <time>2026-09-08T23:26:42.000Z</time>
        <extensions>
          <ns3:TrackPointExtension>
            <ns3:atemp>26.0</ns3:atemp>
            <ns3:hr>127</ns3:hr>
            <ns3:cad>90</ns3:cad>
          </ns3:TrackPointExtension>
        </extensions>
      </trkpt>
      <trkpt lat="39.9441981129348278045654296875" lon="116.39060997404158115386962890625">
        <ele>53.59999847412109375</ele>
        <time>2026-09-08T23:26:43.000Z</time>
        <extensions>
          <ns3:TrackPointExtension>
            <ns3:atemp>26.0</ns3:atemp>
            <ns3:hr>127</ns3:hr>
            <ns3:cad>90</ns3:cad>
          </ns3:TrackPointExtension>
        </extensions>
      </trkpt>
      <trkpt lat="39.94417288340628147125244140625" lon="116.3906085491180419921875">
        <ele>53.59999847412109375</ele>
        <time>2026-09-08T23:26:44.000Z</time>
        <extensions>
          <ns3:TrackPointExtension>
            <ns3:atemp>26.0</ns3:atemp>
            <ns3:hr>127</ns3:hr>
            <ns3:cad>90</ns3:cad>
          </ns3:TrackPointExtension>
        </extensions>
      </trkpt>
      <trkpt lat="39.94415679015219211578369140625" lon="116.39060595072805881500244140625">
        <ele>53.59999847412109375</ele>
        <time>2026-09-08T23:26:45.000Z</time>
        <extensions>
          <ns3:TrackPointExtension>
            <ns3:atemp>26.0</ns3:atemp>
            <ns3:hr>127</ns3:hr>
            <ns3:cad>90</ns3:cad>
          </ns3:TrackPointExtension>
        </extensions>
      </trkpt>
      <trkpt lat="39.9441283755004405975341796875" lon="116.39060175977647304534912109375">
        <ele>53.799999237060546875</ele>
        <time>2026-09-08T23:26:46.000Z</time>
        <extensions>
          <ns3:TrackPointExtension>
            <ns3:atemp>26.0</ns3:atemp>
            <ns3:hr>127</ns3:hr>
            <ns3:cad>89</ns3:cad>
          </ns3:TrackPointExtension>
        </extensions>
      </trkpt>
      <trkpt lat="39.94410834275186061859130859375" lon="116.3906003348529338836669921875">
        <ele>53.799999237060546875</ele>
        <time>2026-09-08T23:26:47.000Z</time>
        <extensions>
          <ns3:TrackPointExtension>
            <ns3:atemp>26.0</ns3:atemp>
            <ns3:hr>126</ns3:hr>
            <ns3:cad>89</ns3:cad>
          </ns3:TrackPointExtension>
        </extensions>
      </trkpt>
      <trkpt lat="39.94407867081463336944580078125" lon="116.3905936293303966522216796875">
        <ele>53.799999237060546875</ele>
        <time>2026-09-08T23:26:48.000Z</time>
        <extensions>
          <ns3:TrackPointExtension>
            <ns3:atemp>26.0</ns3:atemp>
            <ns3:hr>126</ns3:hr>
            <ns3:cad>89</ns3:cad>
          </ns3:TrackPointExtension>
        </extensions>
      </trkpt>
      <trkpt lat="39.9440588057041168212890625" lon="116.39059245586395263671875">
        <ele>54</ele>
        <time>2026-09-08T23:26:49.000Z</time>
        <extensions>
          <ns3:TrackPointExtension>
            <ns3:atemp>26.0</ns3:atemp>
            <ns3:hr>125</ns3:hr>
            <ns3:cad>88</ns3:cad>
          </ns3:TrackPointExtension>
        </extensions>
      </trkpt>
      <trkpt lat="39.94403223507106304168701171875" lon="116.39058382250368595123291015625">
        <ele>54</ele>
        <time>2026-09-08T23:26:50.000Z</time>
        <extensions>
          <ns3:TrackPointExtension>
            <ns3:atemp>26.0</ns3:atemp>
            <ns3:hr>124</ns3:hr>
            <ns3:cad>88</ns3:cad>
          </ns3:TrackPointExtension>
        </extensions>
      </trkpt>
      <trkpt lat="39.94401329196989536285400390625" lon="116.39058466069400310516357421875">
        <ele>54</ele>
        <time>2026-09-08T23:26:51.000Z</time>
        <extensions>
          <ns3:TrackPointExtension>
            <ns3:atemp>26.0</ns3:atemp>
            <ns3:hr>123</ns3:hr>
            <ns3:cad>88</ns3:cad>
          </ns3:TrackPointExtension>
        </extensions>
      </trkpt>
      <trkpt lat="39.94399133138358592987060546875" lon="116.39058315195143222808837890625">
        <ele>54</ele>
        <time>2026-09-08T23:26:52.000Z</time>
        <extensions>
          <ns3:TrackPointExtension>
            <ns3:atemp>26.0</ns3:atemp>
            <ns3:hr>122</ns3:hr>
            <ns3:cad>89</ns3:cad>
          </ns3:TrackPointExtension>
        </extensions>
      </trkpt>
      <trkpt lat="39.9439741484820842742919921875" lon="116.39058784581720829010009765625">
        <ele>54</ele>
        <time>2026-09-08T23:26:53.000Z</time>
        <extensions>
          <ns3:TrackPointExtension>
            <ns3:atemp>26.0</ns3:atemp>
            <ns3:hr>122</ns3:hr>
            <ns3:cad>89</ns3:cad>
          </ns3:TrackPointExtension>
        </extensions>
      </trkpt>
      <trkpt lat="39.94395461864769458770751953125" lon="116.39058968983590602874755859375">
        <ele>54</ele>
        <time>2026-09-08T23:26:54.000Z</time>
        <extensions>
          <ns3:TrackPointExtension>
            <ns3:atemp>26.0</ns3:atemp>
            <ns3:hr>121</ns3:hr>
            <ns3:cad>88</ns3:cad>
          </ns3:TrackPointExtension>
        </extensions>
      </trkpt>
      <trkpt lat="39.94393131695687770843505859375" lon="116.3905906118452548980712890625">
        <ele>54</ele>
        <time>2026-09-08T23:26:55.000Z</time>
        <extensions>
          <ns3:TrackPointExtension>
            <ns3:atemp>26.0</ns3:atemp>
            <ns3:hr>122</ns3:hr>
            <ns3:cad>88</ns3:cad>
          </ns3:TrackPointExtension>
        </extensions>
      </trkpt>
      <trkpt lat="39.94391086511313915252685546875" lon="116.390589438378810882568359375">
        <ele>54</ele>
        <time>2026-09-08T23:26:56.000Z</time>
        <extensions>
          <ns3:TrackPointExtension>
            <ns3:atemp>26.0</ns3:atemp>
            <ns3:hr>122</ns3:hr>
            <ns3:cad>88</ns3:cad>
          </ns3:TrackPointExtension>
        </extensions>
      </trkpt>
      <trkpt lat="39.94388622231781482696533203125" lon="116.39059153385460376739501953125">
        <ele>54</ele>
        <time>2026-09-08T23:26:57.000Z</time>
        <extensions>
          <ns3:TrackPointExtension>
            <ns3:atemp>26.0</ns3:atemp>
            <ns3:hr>122</ns3:hr>
            <ns3:cad>87</ns3:cad>
          </ns3:TrackPointExtension>
        </extensions>
      </trkpt>
      <trkpt lat="39.94386929087340831756591796875" lon="116.39059488661587238311767578125">
        <ele>54</ele>
        <time>2026-09-08T23:26:58.000Z</time>
        <extensions>
          <ns3:TrackPointExtension>
            <ns3:atemp>26.0</ns3:atemp>
            <ns3:hr>123</ns3:hr>
            <ns3:cad>87</ns3:cad>
          </ns3:TrackPointExtension>
        </extensions>
      </trkpt>
      <trkpt lat="39.94384347461163997650146484375" lon="116.3905911147594451904296875">
        <ele>54</ele>
        <time>2026-09-08T23:26:59.000Z</time>
        <extensions>
          <ns3:TrackPointExtension>
            <ns3:atemp>26.0</ns3:atemp>
            <ns3:hr>123</ns3:hr>
            <ns3:cad>87</ns3:cad>
          </ns3:TrackPointExtension>
        </extensions>
      </trkpt>
      <trkpt lat="39.94382235221564769744873046875" lon="116.39058968983590602874755859375">
        <ele>54</ele>
        <time>2026-09-08T23:27:00.000Z</time>
        <extensions>
          <ns3:TrackPointExtension>
            <ns3:atemp>26.0</ns3:atemp>
            <ns3:hr>124</ns3:hr>
            <ns3:cad>88</ns3:cad>
          </ns3:TrackPointExtension>
        </extensions>
      </trkpt>
      <trkpt lat="39.94379318319261074066162109375" lon="116.39058784581720829010009765625">
        <ele>54</ele>
        <time>2026-09-08T23:27:01.000Z</time>
        <extensions>
          <ns3:TrackPointExtension>
            <ns3:atemp>26.0</ns3:atemp>
            <ns3:hr>126</ns3:hr>
            <ns3:cad>88</ns3:cad>
          </ns3:TrackPointExtension>
        </extensions>
      </trkpt>
      <trkpt lat="39.9437744915485382080078125" lon="116.39059170149266719818115234375">
        <ele>54</ele>
        <time>2026-09-08T23:27:02.000Z</time>
        <extensions>
          <ns3:TrackPointExtension>
            <ns3:atemp>26.0</ns3:atemp>
            <ns3:hr>127</ns3:hr>
            <ns3:cad>88</ns3:cad>
          </ns3:TrackPointExtension>
        </extensions>
      </trkpt>
      <trkpt lat="39.94374389760196208953857421875" lon="116.39059002511203289031982421875">
        <ele>54</ele>
        <time>2026-09-08T23:27:03.000Z</time>
        <extensions>
          <ns3:TrackPointExtension>
            <ns3:atemp>26.0</ns3:atemp>
            <ns3:hr>128</ns3:hr>
            <ns3:cad>87</ns3:cad>
          </ns3:TrackPointExtension>
        </extensions>
      </trkpt>
      <trkpt lat="39.94372176937758922576904296875" lon="116.39059488661587238311767578125">
        <ele>54</ele>
        <time>2026-09-08T23:27:04.000Z</time>
        <extensions>
          <ns3:TrackPointExtension>
            <ns3:atemp>25.0</ns3:atemp>
            <ns3:hr>129</ns3:hr>
            <ns3:cad>88</ns3:cad>
          </ns3:TrackPointExtension>
        </extensions>
      </trkpt>
      <trkpt lat="39.94369511492550373077392578125" lon="116.39059589244425296783447265625">
        <ele>54</ele>
        <time>2026-09-08T23:27:05.000Z</time>
        <extensions>
          <ns3:TrackPointExtension>
            <ns3:atemp>26.0</ns3:atemp>
            <ns3:hr>129</ns3:hr>
            <ns3:cad>88</ns3:cad>
          </ns3:TrackPointExtension>
        </extensions>
      </trkpt>
      <trkpt lat="39.94367231614887714385986328125" lon="116.39059857465326786041259765625">
        <ele>54</ele>
        <time>2026-09-08T23:27:06.000Z</time>
        <extensions>
          <ns3:TrackPointExtension>
            <ns3:atemp>26.0</ns3:atemp>
            <ns3:hr>130</ns3:hr>
            <ns3:cad>88</ns3:cad>
          </ns3:TrackPointExtension>
        </extensions>
      </trkpt>
      <trkpt lat="39.943652115762233734130859375" lon="116.39059438370168209075927734375">
        <ele>54</ele>
        <time>2026-09-08T23:27:07.000Z</time>
        <extensions>
          <ns3:TrackPointExtension>
            <ns3:atemp>26.0</ns3:atemp>
            <ns3:hr>130</ns3:hr>
            <ns3:cad>89</ns3:cad>
          </ns3:TrackPointExtension>
        </extensions>
      </trkpt>
      <trkpt lat="39.9436291493475437164306640625" lon="116.3905859179794788360595703125">
        <ele>54.200000762939453125</ele>
        <time>2026-09-08T23:27:08.000Z</time>
        <extensions>
          <ns3:TrackPointExtension>
            <ns3:atemp>26.0</ns3:atemp>
            <ns3:hr>131</ns3:hr>
            <ns3:cad>89</ns3:cad>
          </ns3:TrackPointExtension>
        </extensions>
      </trkpt>
      <trkpt lat="39.94360559619963169097900390625" lon="116.39057711698114871978759765625">
        <ele>54.200000762939453125</ele>
        <time>2026-09-08T23:27:09.000Z</time>
        <extensions>
          <ns3:TrackPointExtension>
            <ns3:atemp>25.0</ns3:atemp>
            <ns3:hr>131</ns3:hr>
            <ns3:cad>89</ns3:cad>
          </ns3:TrackPointExtension>
        </extensions>
      </trkpt>
      <trkpt lat="39.94358330033719539642333984375" lon="116.39057175256311893463134765625">
        <ele>54.200000762939453125</ele>
        <time>2026-09-08T23:27:10.000Z</time>
        <extensions>
          <ns3:TrackPointExtension>
            <ns3:atemp>25.0</ns3:atemp>
            <ns3:hr>133</ns3:hr>
            <ns3:cad>88</ns3:cad>
          </ns3:TrackPointExtension>
        </extensions>
      </trkpt>
      <trkpt lat="39.943563938140869140625" lon="116.3905698247253894805908203125">
        <ele>54.200000762939453125</ele>
        <time>2026-09-08T23:27:11.000Z</time>
        <extensions>
          <ns3:TrackPointExtension>
            <ns3:atemp>26.0</ns3:atemp>
            <ns3:hr>134</ns3:hr>
            <ns3:cad>88</ns3:cad>
          </ns3:TrackPointExtension>
        </extensions>
      </trkpt>
      <trkpt lat="39.94354239664971828460693359375" lon="116.39057124964892864227294921875">
        <ele>54.200000762939453125</ele>
        <time>2026-09-08T23:27:12.000Z</time>
        <extensions>
          <ns3:TrackPointExtension>
            <ns3:atemp>26.0</ns3:atemp>
            <ns3:hr>134</ns3:hr>
            <ns3:cad>88</ns3:cad>
          </ns3:TrackPointExtension>
        </extensions>
      </trkpt>
      <trkpt lat="39.94352110661566257476806640625" lon="116.39056873507797718048095703125">
        <ele>54.200000762939453125</ele>
        <time>2026-09-08T23:27:13.000Z</time>
        <extensions>
          <ns3:TrackPointExtension>
            <ns3:atemp>26.0</ns3:atemp>
            <ns3:hr>134</ns3:hr>
            <ns3:cad>88</ns3:cad>
          </ns3:TrackPointExtension>
        </extensions>
      </trkpt>
      <trkpt lat="39.94349797256290912628173828125" lon="116.39056622050702571868896484375">
        <ele>54.200000762939453125</ele>
        <time>2026-09-08T23:27:14.000Z</time>
        <extensions>
          <ns3:TrackPointExtension>
            <ns3:atemp>25.0</ns3:atemp>
            <ns3:hr>134</ns3:hr>
            <ns3:cad>88</ns3:cad>
          </ns3:TrackPointExtension>
        </extensions>
      </trkpt>
      <trkpt lat="39.94347886182367801666259765625" lon="116.39056756161153316497802734375">
        <ele>54.200000762939453125</ele>
        <time>2026-09-08T23:27:15.000Z</time>
        <extensions>
          <ns3:TrackPointExtension>
            <ns3:atemp>25.0</ns3:atemp>
            <ns3:hr>133</ns3:hr>
            <ns3:cad>88</ns3:cad>
          </ns3:TrackPointExtension>
        </extensions>
      </trkpt>
      <trkpt lat="39.9434507824480533599853515625" lon="116.39056957326829433441162109375">
        <ele>54.200000762939453125</ele>
        <time>2026-09-08T23:27:16.000Z</time>
        <extensions>
          <ns3:TrackPointExtension>
            <ns3:atemp>25.0</ns3:atemp>
            <ns3:hr>133</ns3:hr>
            <ns3:cad>89</ns3:cad>
          </ns3:TrackPointExtension>
        </extensions>
      </trkpt>
      <trkpt lat="39.94343007914721965789794921875" lon="116.390573680400848388671875">
        <ele>54.200000762939453125</ele>
        <time>2026-09-08T23:27:17.000Z</time>
        <extensions>
          <ns3:TrackPointExtension>
            <ns3:atemp>25.0</ns3:atemp>
            <ns3:hr>133</ns3:hr>
            <ns3:cad>89</ns3:cad>
          </ns3:TrackPointExtension>
        </extensions>
      </trkpt>
      <trkpt lat="39.9434030055999755859375" lon="116.390575356781482696533203125">
        <ele>54.200000762939453125</ele>
        <time>2026-09-08T23:27:18.000Z</time>
        <extensions>
          <ns3:TrackPointExtension>
            <ns3:atemp>25.0</ns3:atemp>
            <ns3:hr>133</ns3:hr>
            <ns3:cad>88</ns3:cad>
          </ns3:TrackPointExtension>
        </extensions>
      </trkpt>
      <trkpt lat="39.9433860741555690765380859375" lon="116.39058105647563934326171875">
        <ele>54.200000762939453125</ele>
        <time>2026-09-08T23:27:19.000Z</time>
        <extensions>
          <ns3:TrackPointExtension>
            <ns3:atemp>25.0</ns3:atemp>
            <ns3:hr>133</ns3:hr>
            <ns3:cad>88</ns3:cad>
          </ns3:TrackPointExtension>
        </extensions>
      </trkpt>
      <trkpt lat="39.943361096084117889404296875" lon="116.39058767817914485931396484375">
        <ele>54.200000762939453125</ele>
        <time>2026-09-08T23:27:20.000Z</time>
        <extensions>
          <ns3:TrackPointExtension>
            <ns3:atemp>25.0</ns3:atemp>
            <ns3:hr>133</ns3:hr>
            <ns3:cad>88</ns3:cad>
          </ns3:TrackPointExtension>
        </extensions>
      </trkpt>
      <trkpt lat="39.94334240444004535675048828125" lon="116.39059639535844326019287109375">
        <ele>54.200000762939453125</ele>
        <time>2026-09-08T23:27:21.000Z</time>
        <extensions>
          <ns3:TrackPointExtension>
            <ns3:atemp>25.0</ns3:atemp>
            <ns3:hr>133</ns3:hr>
            <ns3:cad>89</ns3:cad>
          </ns3:TrackPointExtension>
        </extensions>
      </trkpt>
      <trkpt lat="39.94331784546375274658203125" lon="116.39059371314942836761474609375">
        <ele>54.200000762939453125</ele>
        <time>2026-09-08T23:27:22.000Z</time>
        <extensions>
          <ns3:TrackPointExtension>
            <ns3:atemp>25.0</ns3:atemp>
            <ns3:hr>133</ns3:hr>
            <ns3:cad>89</ns3:cad>
          </ns3:TrackPointExtension>
        </extensions>
      </trkpt>
      <trkpt lat="39.94329881854355335235595703125" lon="116.39059337787330150604248046875">
        <ele>54.200000762939453125</ele>
        <time>2026-09-08T23:27:23.000Z</time>
        <extensions>
          <ns3:TrackPointExtension>
            <ns3:atemp>25.0</ns3:atemp>
            <ns3:hr>132</ns3:hr>
            <ns3:cad>89</ns3:cad>
          </ns3:TrackPointExtension>
        </extensions>
      </trkpt>
      <trkpt lat="39.94327266700565814971923828125" lon="116.39058801345527172088623046875">
        <ele>54.200000762939453125</ele>
        <time>2026-09-08T23:27:24.000Z</time>
        <extensions>
          <ns3:TrackPointExtension>
            <ns3:atemp>25.0</ns3:atemp>
            <ns3:hr>132</ns3:hr>
            <ns3:cad>89</ns3:cad>
          </ns3:TrackPointExtension>
        </extensions>
      </trkpt>
      <trkpt lat="39.9432519637048244476318359375" lon="116.390589773654937744140625">
        <ele>54.200000762939453125</ele>
        <time>2026-09-08T23:27:25.000Z</time>
        <extensions>
          <ns3:TrackPointExtension>
            <ns3:atemp>25.0</ns3:atemp>
            <ns3:hr>132</ns3:hr>
            <ns3:cad>89</ns3:cad>
          </ns3:TrackPointExtension>
        </extensions>
      </trkpt>
      <trkpt lat="39.94322396814823150634765625" lon="116.39058734290301799774169921875">
        <ele>54.200000762939453125</ele>
        <time>2026-09-08T23:27:26.000Z</time>
        <extensions>
          <ns3:TrackPointExtension>
            <ns3:atemp>25.0</ns3:atemp>
            <ns3:hr>132</ns3:hr>
            <ns3:cad>89</ns3:cad>
          </ns3:TrackPointExtension>
        </extensions>
      </trkpt>
      <trkpt lat="39.94320443831384181976318359375" lon="116.3905875943601131439208984375">
        <ele>54.200000762939453125</ele>
        <time>2026-09-08T23:27:27.000Z</time>
        <extensions>
          <ns3:TrackPointExtension>
            <ns3:atemp>25.0</ns3:atemp>
            <ns3:hr>133</ns3:hr>
            <ns3:cad>89</ns3:cad>
          </ns3:TrackPointExtension>
        </extensions>
      </trkpt>
      <trkpt lat="39.9431748501956462860107421875" lon="116.39058767817914485931396484375">
        <ele>54.200000762939453125</ele>
        <time>2026-09-08T23:27:28.000Z</time>
        <extensions>
          <ns3:TrackPointExtension>
            <ns3:atemp>25.0</ns3:atemp>
            <ns3:hr>132</ns3:hr>
            <ns3:cad>89</ns3:cad>
          </ns3:TrackPointExtension>
        </extensions>
      </trkpt>
      <trkpt lat="39.94315381161868572235107421875" lon="116.390587426722049713134765625">
        <ele>54.200000762939453125</ele>
        <time>2026-09-08T23:27:29.000Z</time>
        <extensions>
          <ns3:TrackPointExtension>
            <ns3:atemp>25.0</ns3:atemp>
            <ns3:hr>132</ns3:hr>
            <ns3:cad>89</ns3:cad>
          </ns3:TrackPointExtension>
        </extensions>
      </trkpt>
      <trkpt lat="39.9431272409856319427490234375" lon="116.390586756169795989990234375">
        <ele>54.40000152587890625</ele>
        <time>2026-09-08T23:27:30.000Z</time>
        <extensions>
          <ns3:TrackPointExtension>
            <ns3:atemp>25.0</ns3:atemp>
            <ns3:hr>132</ns3:hr>
            <ns3:cad>88</ns3:cad>
          </ns3:TrackPointExtension>
        </extensions>
      </trkpt>
      <trkpt lat="39.9431044422090053558349609375" lon="116.39058315195143222808837890625">
        <ele>54.40000152587890625</ele>
        <time>2026-09-08T23:27:31.000Z</time>
        <extensions>
          <ns3:TrackPointExtension>
            <ns3:atemp>25.0</ns3:atemp>
            <ns3:hr>132</ns3:hr>
            <ns3:cad>88</ns3:cad>
          </ns3:TrackPointExtension>
        </extensions>
      </trkpt>
      <trkpt lat="39.943078793585300445556640625" lon="116.3905857503414154052734375">
        <ele>54.40000152587890625</ele>
        <time>2026-09-08T23:27:32.000Z</time>
        <extensions>
          <ns3:TrackPointExtension>
            <ns3:atemp>25.0</ns3:atemp>
            <ns3:hr>132</ns3:hr>
            <ns3:cad>88</ns3:cad>
          </ns3:TrackPointExtension>
        </extensions>
      </trkpt>
      <trkpt lat="39.9430595152080059051513671875" lon="116.390591450035572052001953125">
        <ele>54.40000152587890625</ele>
        <time>2026-09-08T23:27:33.000Z</time>
        <extensions>
          <ns3:TrackPointExtension>
            <ns3:atemp>25.0</ns3:atemp>
            <ns3:hr>131</ns3:hr>
            <ns3:cad>88</ns3:cad>
          </ns3:TrackPointExtension>
        </extensions>
      </trkpt>
      <trkpt lat="39.94303076528012752532958984375" lon="116.39059119857847690582275390625">
        <ele>54.40000152587890625</ele>
        <time>2026-09-08T23:27:34.000Z</time>
        <extensions>
          <ns3:TrackPointExtension>
            <ns3:atemp>25.0</ns3:atemp>
            <ns3:hr>130</ns3:hr>
            <ns3:cad>89</ns3:cad>
          </ns3:TrackPointExtension>
        </extensions>
      </trkpt>
      <trkpt lat="39.9430100619792938232421875" lon="116.39059178531169891357421875">
        <ele>54.40000152587890625</ele>
        <time>2026-09-08T23:27:35.000Z</time>
        <extensions>
          <ns3:TrackPointExtension>
            <ns3:atemp>25.0</ns3:atemp>
            <ns3:hr>130</ns3:hr>
            <ns3:cad>88</ns3:cad>
          </ns3:TrackPointExtension>
        </extensions>
      </trkpt>
      <trkpt lat="39.9429834075272083282470703125" lon="116.39058910310268402099609375">
        <ele>54.40000152587890625</ele>
        <time>2026-09-08T23:27:36.000Z</time>
        <extensions>
          <ns3:TrackPointExtension>
            <ns3:atemp>25.0</ns3:atemp>
            <ns3:hr>130</ns3:hr>
            <ns3:cad>88</ns3:cad>
          </ns3:TrackPointExtension>
        </extensions>
      </trkpt>
      <trkpt lat="39.9429626204073429107666015625" lon="116.39058910310268402099609375">
        <ele>54.40000152587890625</ele>
        <time>2026-09-08T23:27:37.000Z</time>
        <extensions>
          <ns3:TrackPointExtension>
            <ns3:atemp>25.0</ns3:atemp>
            <ns3:hr>131</ns3:hr>
            <ns3:cad>88</ns3:cad>
          </ns3:TrackPointExtension>
        </extensions>
      </trkpt>
      <trkpt lat="39.94294325821101665496826171875" lon="116.39058968983590602874755859375">
        <ele>54.40000152587890625</ele>
        <time>2026-09-08T23:27:38.000Z</time>
        <extensions>
          <ns3:TrackPointExtension>
            <ns3:atemp>25.0</ns3:atemp>
            <ns3:hr>131</ns3:hr>
            <ns3:cad>89</ns3:cad>
          </ns3:TrackPointExtension>
        </extensions>
      </trkpt>
      <trkpt lat="39.9429237283766269683837890625" lon="116.3905896060168743133544921875">
        <ele>54.40000152587890625</ele>
        <time>2026-09-08T23:27:39.000Z</time>
        <extensions>
          <ns3:TrackPointExtension>
            <ns3:atemp>25.0</ns3:atemp>
            <ns3:hr>130</ns3:hr>
            <ns3:cad>89</ns3:cad>
          </ns3:TrackPointExtension>
        </extensions>
      </trkpt>
      <trkpt lat="39.9428985826671123504638671875" lon="116.39058952219784259796142578125">
        <ele>54.200000762939453125</ele>
        <time>2026-09-08T23:27:40.000Z</time>
        <extensions>
          <ns3:TrackPointExtension>
            <ns3:atemp>25.0</ns3:atemp>
            <ns3:hr>130</ns3:hr>
            <ns3:cad>89</ns3:cad>
          </ns3:TrackPointExtension>
        </extensions>
      </trkpt>
      <trkpt lat="39.94287586770951747894287109375" lon="116.39058868400752544403076171875">
        <ele>54.200000762939453125</ele>
        <time>2026-09-08T23:27:41.000Z</time>
        <extensions>
          <ns3:TrackPointExtension>
            <ns3:atemp>25.0</ns3:atemp>
            <ns3:hr>130</ns3:hr>
            <ns3:cad>90</ns3:cad>
          </ns3:TrackPointExtension>
        </extensions>
      </trkpt>
      <trkpt lat="39.94285273365676403045654296875" lon="116.3905882649123668670654296875">
        <ele>54.200000762939453125</ele>
        <time>2026-09-08T23:27:42.000Z</time>
        <extensions>
          <ns3:TrackPointExtension>
            <ns3:atemp>25.0</ns3:atemp>
            <ns3:hr>131</ns3:hr>
            <ns3:cad>90</ns3:cad>
          </ns3:TrackPointExtension>
        </extensions>
      </trkpt>
      <trkpt lat="39.942829348146915435791015625" lon="116.39058717526495456695556640625">
        <ele>54.200000762939453125</ele>
        <time>2026-09-08T23:27:43.000Z</time>
        <extensions>
          <ns3:TrackPointExtension>
            <ns3:atemp>25.0</ns3:atemp>
            <ns3:hr>131</ns3:hr>
            <ns3:cad>90</ns3:cad>
          </ns3:TrackPointExtension>
        </extensions>
      </trkpt>
      <trkpt lat="39.9428063817322254180908203125" lon="116.39058466069400310516357421875">
        <ele>54.40000152587890625</ele>
        <time>2026-09-08T23:27:44.000Z</time>
        <extensions>
          <ns3:TrackPointExtension>
            <ns3:atemp>25.0</ns3:atemp>
            <ns3:hr>131</ns3:hr>
            <ns3:cad>90</ns3:cad>
          </ns3:TrackPointExtension>
        </extensions>
      </trkpt>
      <trkpt lat="39.94278953410685062408447265625" lon="116.39058507978916168212890625">
        <ele>54.40000152587890625</ele>
        <time>2026-09-08T23:27:45.000Z</time>
        <extensions>
          <ns3:TrackPointExtension>
            <ns3:atemp>25.0</ns3:atemp>
            <ns3:hr>131</ns3:hr>
            <ns3:cad>90</ns3:cad>
          </ns3:TrackPointExtension>
        </extensions>
      </trkpt>
      <trkpt lat="39.94276841171085834503173828125" lon="116.39058063738048076629638671875">
        <ele>54.40000152587890625</ele>
        <time>2026-09-08T23:27:46.000Z</time>
        <extensions>
          <ns3:TrackPointExtension>
            <ns3:atemp>25.0</ns3:atemp>
            <ns3:hr>131</ns3:hr>
            <ns3:cad>90</ns3:cad>
          </ns3:TrackPointExtension>
        </extensions>
      </trkpt>
      <trkpt lat="39.94274779222905635833740234375" lon="116.3905782066285610198974609375">
        <ele>54.40000152587890625</ele>
        <time>2026-09-08T23:27:47.000Z</time>
        <extensions>
          <ns3:TrackPointExtension>
            <ns3:atemp>25.0</ns3:atemp>
            <ns3:hr>131</ns3:hr>
            <ns3:cad>90</ns3:cad>
          </ns3:TrackPointExtension>
        </extensions>
      </trkpt>
      <trkpt lat="39.94272717274725437164306640625" lon="116.39057460241019725799560546875">
        <ele>54.200000762939453125</ele>
        <time>2026-09-08T23:27:48.000Z</time>
        <extensions>
          <ns3:TrackPointExtension>
            <ns3:atemp>25.0</ns3:atemp>
            <ns3:hr>131</ns3:hr>
            <ns3:cad>90</ns3:cad>
          </ns3:TrackPointExtension>
        </extensions>
      </trkpt>
      <trkpt lat="39.94270227849483489990234375" lon="116.39057225547730922698974609375">
        <ele>54.200000762939453125</ele>
        <time>2026-09-08T23:27:49.000Z</time>
        <extensions>
          <ns3:TrackPointExtension>
            <ns3:atemp>25.0</ns3:atemp>
            <ns3:hr>132</ns3:hr>
            <ns3:cad>89</ns3:cad>
          </ns3:TrackPointExtension>
        </extensions>
      </trkpt>
      <trkpt lat="39.9426866881549358367919921875" lon="116.39057426713407039642333984375">
        <ele>54.200000762939453125</ele>
        <time>2026-09-08T23:27:50.000Z</time>
        <extensions>
          <ns3:TrackPointExtension>
            <ns3:atemp>25.0</ns3:atemp>
            <ns3:hr>132</ns3:hr>
            <ns3:cad>89</ns3:cad>
          </ns3:TrackPointExtension>
        </extensions>
      </trkpt>
      <trkpt lat="39.94267051108181476593017578125" lon="116.3905715011060237884521484375">
        <ele>54.40000152587890625</ele>
        <time>2026-09-08T23:27:51.000Z</time>
        <extensions>
          <ns3:TrackPointExtension>
            <ns3:atemp>25.0</ns3:atemp>
            <ns3:hr>132</ns3:hr>
            <ns3:cad>88</ns3:cad>
          </ns3:TrackPointExtension>
        </extensions>
      </trkpt>
      <trkpt lat="39.94265743531286716461181640625" lon="116.3905728422105312347412109375">
        <ele>54.40000152587890625</ele>
        <time>2026-09-08T23:27:52.000Z</time>
        <extensions>
          <ns3:TrackPointExtension>
            <ns3:atemp>25.0</ns3:atemp>
            <ns3:hr>132</ns3:hr>
            <ns3:cad>88</ns3:cad>
          </ns3:TrackPointExtension>
        </extensions>
      </trkpt>
      <trkpt lat="39.94265290908515453338623046875" lon="116.39057108201086521148681640625">
        <ele>54.59999847412109375</ele>
        <time>2026-09-08T23:27:53.000Z</time>
        <extensions>
          <ns3:TrackPointExtension>
            <ns3:atemp>25.0</ns3:atemp>
            <ns3:hr>132</ns3:hr>
            <ns3:cad>88</ns3:cad>
          </ns3:TrackPointExtension>
        </extensions>
      </trkpt>
      <trkpt lat="39.94265223853290081024169921875" lon="116.390574015676975250244140625">
        <ele>54.59999847412109375</ele>
        <time>2026-09-08T23:27:54.000Z</time>
        <extensions>
          <ns3:TrackPointExtension>
            <ns3:atemp>25.0</ns3:atemp>
            <ns3:hr>132</ns3:hr>
            <ns3:cad>88</ns3:cad>
          </ns3:TrackPointExtension>
        </extensions>
      </trkpt>
      <trkpt lat="39.942652322351932525634765625" lon="116.39057845808565616607666015625">
        <ele>54.59999847412109375</ele>
        <time>2026-09-08T23:27:55.000Z</time>
        <extensions>
          <ns3:TrackPointExtension>
            <ns3:atemp>25.0</ns3:atemp>
            <ns3:hr>131</ns3:hr>
            <ns3:cad>88</ns3:cad>
          </ns3:TrackPointExtension>
        </extensions>
      </trkpt>
      <trkpt lat="39.94264486245810985565185546875" lon="116.39058507978916168212890625">
        <ele>54.799999237060546875</ele>
        <time>2026-09-08T23:27:56.000Z</time>
        <extensions>
          <ns3:TrackPointExtension>
            <ns3:atemp>25.0</ns3:atemp>
            <ns3:hr>131</ns3:hr>
            <ns3:cad>0</ns3:cad>
          </ns3:TrackPointExtension>
        </extensions>
      </trkpt>
      <trkpt lat="39.94262692518532276153564453125" lon="116.39058918692171573638916015625">
        <ele>54.59999847412109375</ele>
        <time>2026-09-08T23:27:57.000Z</time>
        <extensions>
          <ns3:TrackPointExtension>
            <ns3:atemp>25.0</ns3:atemp>
            <ns3:hr>131</ns3:hr>
            <ns3:cad>0</ns3:cad>
          </ns3:TrackPointExtension>
        </extensions>
      </trkpt>
      <trkpt lat="39.94260781444609165191650390625" lon="116.39059170149266719818115234375">
        <ele>54.40000152587890625</ele>
        <time>2026-09-08T23:27:58.000Z</time>
        <extensions>
          <ns3:TrackPointExtension>
            <ns3:atemp>25.0</ns3:atemp>
            <ns3:hr>131</ns3:hr>
            <ns3:cad>0</ns3:cad>
          </ns3:TrackPointExtension>
        </extensions>
      </trkpt>
      <trkpt lat="39.9425807408988475799560546875" lon="116.39058918692171573638916015625">
        <ele>54.40000152587890625</ele>
        <time>2026-09-08T23:27:59.000Z</time>
        <extensions>
          <ns3:TrackPointExtension>
            <ns3:atemp>25.0</ns3:atemp>
            <ns3:hr>130</ns3:hr>
            <ns3:cad>0</ns3:cad>
          </ns3:TrackPointExtension>
        </extensions>
      </trkpt>
      <trkpt lat="39.94255349971354007720947265625" lon="116.39058751054108142852783203125">
        <ele>54.200000762939453125</ele>
        <time>2026-09-08T23:28:00.000Z</time>
        <extensions>
          <ns3:TrackPointExtension>
            <ns3:atemp>25.0</ns3:atemp>
            <ns3:hr>129</ns3:hr>
            <ns3:cad>0</ns3:cad>
          </ns3:TrackPointExtension>
        </extensions>
      </trkpt>
      <trkpt lat="39.94253153912723064422607421875" lon="116.3905642926692962646484375">
        <ele>54</ele>
        <time>2026-09-08T23:28:01.000Z</time>
        <extensions>
          <ns3:TrackPointExtension>
            <ns3:atemp>25.0</ns3:atemp>
            <ns3:hr>128</ns3:hr>
            <ns3:cad>0</ns3:cad>
          </ns3:TrackPointExtension>
        </extensions>
      </trkpt>
      <trkpt lat="39.94252684526145458221435546875" lon="116.39053805731236934661865234375">
        <ele>54</ele>
        <time>2026-09-08T23:28:02.000Z</time>
        <extensions>
          <ns3:TrackPointExtension>
            <ns3:atemp>25.0</ns3:atemp>
            <ns3:hr>128</ns3:hr>
            <ns3:cad>88</ns3:cad>
          </ns3:TrackPointExtension>
        </extensions>
      </trkpt>
      <trkpt lat="39.942519553005695343017578125" lon="116.39050922356545925140380859375">
        <ele>54.200000762939453125</ele>
        <time>2026-09-08T23:28:03.000Z</time>
        <extensions>
          <ns3:TrackPointExtension>
            <ns3:atemp>25.0</ns3:atemp>
            <ns3:hr>128</ns3:hr>
            <ns3:cad>88</ns3:cad>
          </ns3:TrackPointExtension>
        </extensions>
      </trkpt>
      <trkpt lat="39.94251452386379241943359375" lon="116.39047804288566112518310546875">
        <ele>54.200000762939453125</ele>
        <time>2026-09-08T23:28:04.000Z</time>
        <extensions>
          <ns3:TrackPointExtension>
            <ns3:atemp>25.0</ns3:atemp>
            <ns3:hr>130</ns3:hr>
            <ns3:cad>88</ns3:cad>
          </ns3:TrackPointExtension>
        </extensions>
      </trkpt>
      <trkpt lat="39.94251226074993610382080078125" lon="116.39044736512005329132080078125">
        <ele>54.200000762939453125</ele>
        <time>2026-09-08T23:28:05.000Z</time>
        <extensions>
          <ns3:TrackPointExtension>
            <ns3:atemp>25.0</ns3:atemp>
            <ns3:hr>131</ns3:hr>
            <ns3:cad>88</ns3:cad>
          </ns3:TrackPointExtension>
        </extensions>
      </trkpt>
      <trkpt lat="39.94251192547380924224853515625" lon="116.3904149271547794342041015625">
        <ele>54.200000762939453125</ele>
        <time>2026-09-08T23:28:06.000Z</time>
        <extensions>
          <ns3:TrackPointExtension>
            <ns3:atemp>25.0</ns3:atemp>
            <ns3:hr>131</ns3:hr>
            <ns3:cad>88</ns3:cad>
          </ns3:TrackPointExtension>
        </extensions>
      </trkpt>
      <trkpt lat="39.94251058436930179595947265625" lon="116.3903837464749813079833984375">
        <ele>54.200000762939453125</ele>
        <time>2026-09-08T23:28:07.000Z</time>
        <extensions>
          <ns3:TrackPointExtension>
            <ns3:atemp>25.0</ns3:atemp>
            <ns3:hr>131</ns3:hr>
            <ns3:cad>88</ns3:cad>
          </ns3:TrackPointExtension>
        </extensions>
      </trkpt>
      <trkpt lat="39.9425110034644603729248046875" lon="116.39034912921488285064697265625">
        <ele>54.200000762939453125</ele>
        <time>2026-09-08T23:28:08.000Z</time>
        <extensions>
          <ns3:TrackPointExtension>
            <ns3:atemp>25.0</ns3:atemp>
            <ns3:hr>131</ns3:hr>
            <ns3:cad>89</ns3:cad>
          </ns3:TrackPointExtension>
        </extensions>
      </trkpt>
      <trkpt lat="39.942506812512874603271484375" lon="116.3903203792870044708251953125">
        <ele>54</ele>
        <time>2026-09-08T23:28:09.000Z</time>
        <extensions>
          <ns3:TrackPointExtension>
            <ns3:atemp>25.0</ns3:atemp>
            <ns3:hr>132</ns3:hr>
            <ns3:cad>89</ns3:cad>
          </ns3:TrackPointExtension>
        </extensions>
      </trkpt>
      <trkpt lat="39.9425036273896694183349609375" lon="116.390283666551113128662109375">
        <ele>54</ele>
        <time>2026-09-08T23:28:10.000Z</time>
        <extensions>
          <ns3:TrackPointExtension>
            <ns3:atemp>25.0</ns3:atemp>
            <ns3:hr>132</ns3:hr>
            <ns3:cad>89</ns3:cad>
          </ns3:TrackPointExtension>
        </extensions>
      </trkpt>
      <trkpt lat="39.9425019510090351104736328125" lon="116.39025391079485416412353515625">
        <ele>54</ele>
        <time>2026-09-08T23:28:11.000Z</time>
        <extensions>
          <ns3:TrackPointExtension>
            <ns3:atemp>25.0</ns3:atemp>
            <ns3:hr>133</ns3:hr>
            <ns3:cad>89</ns3:cad>
          </ns3:TrackPointExtension>
        </extensions>
      </trkpt>
      <trkpt lat="39.942499101161956787109375" lon="116.39021954499185085296630859375">
        <ele>54</ele>
        <time>2026-09-08T23:28:12.000Z</time>
        <extensions>
          <ns3:TrackPointExtension>
            <ns3:atemp>25.0</ns3:atemp>
            <ns3:hr>133</ns3:hr>
            <ns3:cad>89</ns3:cad>
          </ns3:TrackPointExtension>
        </extensions>
      </trkpt>
      <trkpt lat="39.942495413124561309814453125" lon="116.390189789235591888427734375">
        <ele>54</ele>
        <time>2026-09-08T23:28:13.000Z</time>
        <extensions>
          <ns3:TrackPointExtension>
            <ns3:atemp>25.0</ns3:atemp>
            <ns3:hr>133</ns3:hr>
            <ns3:cad>89</ns3:cad>
          </ns3:TrackPointExtension>
        </extensions>
      </trkpt>
      <trkpt lat="39.9424923956394195556640625" lon="116.3901567645370960235595703125">
        <ele>54</ele>
        <time>2026-09-08T23:28:14.000Z</time>
        <extensions>
          <ns3:TrackPointExtension>
            <ns3:atemp>25.0</ns3:atemp>
            <ns3:hr>133</ns3:hr>
            <ns3:cad>89</ns3:cad>
          </ns3:TrackPointExtension>
        </extensions>
      </trkpt>
      <trkpt lat="39.9424898810684680938720703125" lon="116.390126086771488189697265625">
        <ele>54</ele>
        <time>2026-09-08T23:28:15.000Z</time>
        <extensions>
          <ns3:TrackPointExtension>
            <ns3:atemp>25.0</ns3:atemp>
            <ns3:hr>133</ns3:hr>
            <ns3:cad>90</ns3:cad>
          </ns3:TrackPointExtension>
        </extensions>
      </trkpt>
      <trkpt lat="39.94249013252556324005126953125" lon="116.3900954090058803558349609375">
        <ele>54</ele>
        <time>2026-09-08T23:28:16.000Z</time>
        <extensions>
          <ns3:TrackPointExtension>
            <ns3:atemp>25.0</ns3:atemp>
            <ns3:hr>133</ns3:hr>
            <ns3:cad>90</ns3:cad>
          </ns3:TrackPointExtension>
        </extensions>
      </trkpt>
      <trkpt lat="39.9424868635833263397216796875" lon="116.3900655694305896759033203125">
        <ele>54</ele>
        <time>2026-09-08T23:28:17.000Z</time>
        <extensions>
          <ns3:TrackPointExtension>
            <ns3:atemp>25.0</ns3:atemp>
            <ns3:hr>133</ns3:hr>
            <ns3:cad>90</ns3:cad>
          </ns3:TrackPointExtension>
        </extensions>
      </trkpt>
      <trkpt lat="39.942488372325897216796875" lon="116.39003128744661808013916015625">
        <ele>54</ele>
        <time>2026-09-08T23:28:18.000Z</time>
        <extensions>
          <ns3:TrackPointExtension>
            <ns3:atemp>25.0</ns3:atemp>
            <ns3:hr>132</ns3:hr>
            <ns3:cad>90</ns3:cad>
          </ns3:TrackPointExtension>
        </extensions>
      </trkpt>
      <trkpt lat="39.9424905516207218170166015625" lon="116.39000312425196170806884765625">
        <ele>54</ele>
        <time>2026-09-08T23:28:19.000Z</time>
        <extensions>
          <ns3:TrackPointExtension>
            <ns3:atemp>25.0</ns3:atemp>
            <ns3:hr>132</ns3:hr>
            <ns3:cad>90</ns3:cad>
          </ns3:TrackPointExtension>
        </extensions>
      </trkpt>
      <trkpt lat="39.94249113835394382476806640625" lon="116.38997496105730533599853515625">
        <ele>54</ele>
        <time>2026-09-08T23:28:20.000Z</time>
        <extensions>
          <ns3:TrackPointExtension>
            <ns3:atemp>25.0</ns3:atemp>
            <ns3:hr>132</ns3:hr>
            <ns3:cad>90</ns3:cad>
          </ns3:TrackPointExtension>
        </extensions>
      </trkpt>
      <trkpt lat="39.9424908868968486785888671875" lon="116.3899478875100612640380859375">
        <ele>54</ele>
        <time>2026-09-08T23:28:21.000Z</time>
        <extensions>
          <ns3:TrackPointExtension>
            <ns3:atemp>25.0</ns3:atemp>
            <ns3:hr>132</ns3:hr>
            <ns3:cad>89</ns3:cad>
          </ns3:TrackPointExtension>
        </extensions>
      </trkpt>
      <trkpt lat="39.94249315001070499420166015625" lon="116.38991444371640682220458984375">
        <ele>54</ele>
        <time>2026-09-08T23:28:22.000Z</time>
        <extensions>
          <ns3:TrackPointExtension>
            <ns3:atemp>25.0</ns3:atemp>
            <ns3:hr>132</ns3:hr>
            <ns3:cad>89</ns3:cad>
          </ns3:TrackPointExtension>
        </extensions>
      </trkpt>
      <trkpt lat="39.94249231182038784027099609375" lon="116.389889381825923919677734375">
        <ele>53.799999237060546875</ele>
        <time>2026-09-08T23:28:23.000Z</time>
        <extensions>
          <ns3:TrackPointExtension>
            <ns3:atemp>25.0</ns3:atemp>
            <ns3:hr>132</ns3:hr>
            <ns3:cad>90</ns3:cad>
          </ns3:TrackPointExtension>
        </extensions>
      </trkpt>
      <trkpt lat="39.94249214418232440948486328125" lon="116.3898597098886966705322265625">
        <ele>53.799999237060546875</ele>
        <time>2026-09-08T23:28:24.000Z</time>
        <extensions>
          <ns3:TrackPointExtension>
            <ns3:atemp>25.0</ns3:atemp>
            <ns3:hr>132</ns3:hr>
            <ns3:cad>89</ns3:cad>
          </ns3:TrackPointExtension>
        </extensions>
      </trkpt>
      <trkpt lat="39.94249247945845127105712890625" lon="116.38983464799821376800537109375">
        <ele>53.799999237060546875</ele>
        <time>2026-09-08T23:28:25.000Z</time>
        <extensions>
          <ns3:TrackPointExtension>
            <ns3:atemp>25.0</ns3:atemp>
            <ns3:hr>132</ns3:hr>
            <ns3:cad>89</ns3:cad>
          </ns3:TrackPointExtension>
        </extensions>
      </trkpt>
      <trkpt lat="39.94249298237264156341552734375" lon="116.3898010365664958953857421875">
        <ele>53.799999237060546875</ele>
        <time>2026-09-08T23:28:26.000Z</time>
        <extensions>
          <ns3:TrackPointExtension>
            <ns3:atemp>25.0</ns3:atemp>
            <ns3:hr>132</ns3:hr>
            <ns3:cad>89</ns3:cad>
          </ns3:TrackPointExtension>
        </extensions>
      </trkpt>
      <trkpt lat="39.94248895905911922454833984375" lon="116.38977614231407642364501953125">
        <ele>53.799999237060546875</ele>
        <time>2026-09-08T23:28:27.000Z</time>
        <extensions>
          <ns3:TrackPointExtension>
            <ns3:atemp>25.0</ns3:atemp>
            <ns3:hr>132</ns3:hr>
            <ns3:cad>89</ns3:cad>
          </ns3:TrackPointExtension>
        </extensions>
      </trkpt>
      <trkpt lat="39.94248040951788425445556640625" lon="116.3897443749010562896728515625">
        <ele>53.59999847412109375</ele>
        <time>2026-09-08T23:28:28.000Z</time>
        <extensions>
          <ns3:TrackPointExtension>
            <ns3:atemp>25.0</ns3:atemp>
            <ns3:hr>132</ns3:hr>
            <ns3:cad>90</ns3:cad>
          </ns3:TrackPointExtension>
        </extensions>
      </trkpt>
      <trkpt lat="39.9424677528440952301025390625" lon="116.3897242583334445953369140625">
        <ele>53.59999847412109375</ele>
        <time>2026-09-08T23:28:29.000Z</time>
        <extensions>
          <ns3:TrackPointExtension>
            <ns3:atemp>25.0</ns3:atemp>
            <ns3:hr>132</ns3:hr>
            <ns3:cad>90</ns3:cad>
          </ns3:TrackPointExtension>
        </extensions>
      </trkpt>
      <trkpt lat="39.942452497780323028564453125" lon="116.38970489613711833953857421875">
        <ele>53.59999847412109375</ele>
        <time>2026-09-08T23:28:30.000Z</time>
        <extensions>
          <ns3:TrackPointExtension>
            <ns3:atemp>25.0</ns3:atemp>
            <ns3:hr>132</ns3:hr>
            <ns3:cad>90</ns3:cad>
          </ns3:TrackPointExtension>
        </extensions>
      </trkpt>
      <trkpt lat="39.94243347086012363433837890625" lon="116.389693915843963623046875">
        <ele>53.59999847412109375</ele>
        <time>2026-09-08T23:28:31.000Z</time>
        <extensions>
          <ns3:TrackPointExtension>
            <ns3:atemp>25.0</ns3:atemp>
            <ns3:hr>132</ns3:hr>
            <ns3:cad>90</ns3:cad>
          </ns3:TrackPointExtension>
        </extensions>
      </trkpt>
      <trkpt lat="39.94240321218967437744140625" lon="116.3896800018846988677978515625">
        <ele>53.59999847412109375</ele>
        <time>2026-09-08T23:28:32.000Z</time>
        <extensions>
          <ns3:TrackPointExtension>
            <ns3:atemp>25.0</ns3:atemp>
            <ns3:hr>132</ns3:hr>
            <ns3:cad>89</ns3:cad>
          </ns3:TrackPointExtension>
        </extensions>
      </trkpt>
      <trkpt lat="39.94237773120403289794921875" lon="116.3896769843995571136474609375">
        <ele>53.799999237060546875</ele>
        <time>2026-09-08T23:28:33.000Z</time>
        <extensions>
          <ns3:TrackPointExtension>
            <ns3:atemp>25.0</ns3:atemp>
            <ns3:hr>132</ns3:hr>
            <ns3:cad>89</ns3:cad>
          </ns3:TrackPointExtension>
        </extensions>
      </trkpt>
      <trkpt lat="39.94234847836196422576904296875" lon="116.38967220671474933624267578125">
        <ele>53.799999237060546875</ele>
        <time>2026-09-08T23:28:34.000Z</time>
        <extensions>
          <ns3:TrackPointExtension>
            <ns3:atemp>25.0</ns3:atemp>
            <ns3:hr>133</ns3:hr>
            <ns3:cad>89</ns3:cad>
          </ns3:TrackPointExtension>
        </extensions>
      </trkpt>
      <trkpt lat="39.9423262663185596466064453125" lon="116.389674134552478790283203125">
        <ele>53.799999237060546875</ele>
        <time>2026-09-08T23:28:35.000Z</time>
        <extensions>
          <ns3:TrackPointExtension>
            <ns3:atemp>25.0</ns3:atemp>
            <ns3:hr>132</ns3:hr>
            <ns3:cad>89</ns3:cad>
          </ns3:TrackPointExtension>
        </extensions>
      </trkpt>
      <trkpt lat="39.94229986332356929779052734375" lon="116.389671452343463897705078125">
        <ele>53.799999237060546875</ele>
        <time>2026-09-08T23:28:36.000Z</time>
        <extensions>
          <ns3:TrackPointExtension>
            <ns3:atemp>25.0</ns3:atemp>
            <ns3:hr>133</ns3:hr>
            <ns3:cad>89</ns3:cad>
          </ns3:TrackPointExtension>
        </extensions>
      </trkpt>
      <trkpt lat="39.94227706454694271087646484375" lon="116.3896743021905422210693359375">
        <ele>53.59999847412109375</ele>
        <time>2026-09-08T23:28:37.000Z</time>
        <extensions>
          <ns3:TrackPointExtension>
            <ns3:atemp>25.0</ns3:atemp>
            <ns3:hr>133</ns3:hr>
            <ns3:cad>90</ns3:cad>
          </ns3:TrackPointExtension>
        </extensions>
      </trkpt>
      <trkpt lat="39.94224957190454006195068359375" lon="116.3896769843995571136474609375">
        <ele>53.59999847412109375</ele>
        <time>2026-09-08T23:28:38.000Z</time>
        <extensions>
          <ns3:TrackPointExtension>
            <ns3:atemp>25.0</ns3:atemp>
            <ns3:hr>133</ns3:hr>
            <ns3:cad>90</ns3:cad>
          </ns3:TrackPointExtension>
        </extensions>
      </trkpt>
      <trkpt lat="39.94222895242273807525634765625" lon="116.38967824168503284454345703125">
        <ele>53.59999847412109375</ele>
        <time>2026-09-08T23:28:39.000Z</time>
        <extensions>
          <ns3:TrackPointExtension>
            <ns3:atemp>25.0</ns3:atemp>
            <ns3:hr>134</ns3:hr>
            <ns3:cad>90</ns3:cad>
          </ns3:TrackPointExtension>
        </extensions>
      </trkpt>
      <trkpt lat="39.94220204651355743408203125" lon="116.38967539183795452117919921875">
        <ele>53.59999847412109375</ele>
        <time>2026-09-08T23:28:40.000Z</time>
        <extensions>
          <ns3:TrackPointExtension>
            <ns3:atemp>25.0</ns3:atemp>
            <ns3:hr>134</ns3:hr>
            <ns3:cad>90</ns3:cad>
          </ns3:TrackPointExtension>
        </extensions>
      </trkpt>
      <trkpt lat="39.94218134321272373199462890625" lon="116.3896779902279376983642578125">
        <ele>53.40000152587890625</ele>
        <time>2026-09-08T23:28:41.000Z</time>
        <extensions>
          <ns3:TrackPointExtension>
            <ns3:atemp>25.0</ns3:atemp>
            <ns3:hr>134</ns3:hr>
            <ns3:cad>90</ns3:cad>
          </ns3:TrackPointExtension>
        </extensions>
      </trkpt>
      <trkpt lat="39.9421552754938602447509765625" lon="116.389677487313747406005859375">
        <ele>53.40000152587890625</ele>
        <time>2026-09-08T23:28:42.000Z</time>
        <extensions>
          <ns3:TrackPointExtension>
            <ns3:atemp>25.0</ns3:atemp>
            <ns3:hr>134</ns3:hr>
            <ns3:cad>90</ns3:cad>
          </ns3:TrackPointExtension>
        </extensions>
      </trkpt>
      <trkpt lat="39.942134320735931396484375" lon="116.38967958278954029083251953125">
        <ele>53.40000152587890625</ele>
        <time>2026-09-08T23:28:43.000Z</time>
        <extensions>
          <ns3:TrackPointExtension>
            <ns3:atemp>25.0</ns3:atemp>
            <ns3:hr>134</ns3:hr>
            <ns3:cad>90</ns3:cad>
          </ns3:TrackPointExtension>
        </extensions>
      </trkpt>
      <trkpt lat="39.94210909120738506317138671875" lon="116.389677822589874267578125">
        <ele>53.59999847412109375</ele>
        <time>2026-09-08T23:28:44.000Z</time>
        <extensions>
          <ns3:TrackPointExtension>
            <ns3:atemp>25.0</ns3:atemp>
            <ns3:hr>133</ns3:hr>
            <ns3:cad>89</ns3:cad>
          </ns3:TrackPointExtension>
        </extensions>
      </trkpt>
      <trkpt lat="39.942085705697536468505859375" lon="116.3896830193698406219482421875">
        <ele>53.59999847412109375</ele>
        <time>2026-09-08T23:28:45.000Z</time>
        <extensions>
          <ns3:TrackPointExtension>
            <ns3:atemp>25.0</ns3:atemp>
            <ns3:hr>134</ns3:hr>
            <ns3:cad>89</ns3:cad>
          </ns3:TrackPointExtension>
        </extensions>
      </trkpt>
      <trkpt lat="39.9420593865215778350830078125" lon="116.38968310318887233734130859375">
        <ele>53.59999847412109375</ele>
        <time>2026-09-08T23:28:46.000Z</time>
        <extensions>
          <ns3:TrackPointExtension>
            <ns3:atemp>25.0</ns3:atemp>
            <ns3:hr>133</ns3:hr>
            <ns3:cad>89</ns3:cad>
          </ns3:TrackPointExtension>
        </extensions>
      </trkpt>
      <trkpt lat="39.94204035960137844085693359375" lon="116.3896858692169189453125">
        <ele>53.59999847412109375</ele>
        <time>2026-09-08T23:28:47.000Z</time>
        <extensions>
          <ns3:TrackPointExtension>
            <ns3:atemp>25.0</ns3:atemp>
            <ns3:hr>133</ns3:hr>
            <ns3:cad>89</ns3:cad>
          </ns3:TrackPointExtension>
        </extensions>
      </trkpt>
      <trkpt lat="39.9420137889683246612548828125" lon="116.38969014398753643035888671875">
        <ele>53.59999847412109375</ele>
        <time>2026-09-08T23:28:48.000Z</time>
        <extensions>
          <ns3:TrackPointExtension>
            <ns3:atemp>25.0</ns3:atemp>
            <ns3:hr>133</ns3:hr>
            <ns3:cad>89</ns3:cad>
          </ns3:TrackPointExtension>
        </extensions>
      </trkpt>
      <trkpt lat="39.94199140928685665130615234375" lon="116.38969416730105876922607421875">
        <ele>53.59999847412109375</ele>
        <time>2026-09-08T23:28:49.000Z</time>
        <extensions>
          <ns3:TrackPointExtension>
            <ns3:atemp>25.0</ns3:atemp>
            <ns3:hr>133</ns3:hr>
            <ns3:cad>89</ns3:cad>
          </ns3:TrackPointExtension>
        </extensions>
      </trkpt>
      <trkpt lat="39.941967017948627471923828125" lon="116.38969165273010730743408203125">
        <ele>53.59999847412109375</ele>
        <time>2026-09-08T23:28:50.000Z</time>
        <extensions>
          <ns3:TrackPointExtension>
            <ns3:atemp>25.0</ns3:atemp>
            <ns3:hr>132</ns3:hr>
            <ns3:cad>90</ns3:cad>
          </ns3:TrackPointExtension>
        </extensions>
      </trkpt>
      <trkpt lat="39.94194664992392063140869140625" lon="116.389692910015583038330078125">
        <ele>53.59999847412109375</ele>
        <time>2026-09-08T23:28:51.000Z</time>
        <extensions>
          <ns3:TrackPointExtension>
            <ns3:atemp>25.0</ns3:atemp>
            <ns3:hr>132</ns3:hr>
            <ns3:cad>89</ns3:cad>
          </ns3:TrackPointExtension>
        </extensions>
      </trkpt>
      <trkpt lat="39.941922090947628021240234375" lon="116.38968762941658496856689453125">
        <ele>53.59999847412109375</ele>
        <time>2026-09-08T23:28:52.000Z</time>
        <extensions>
          <ns3:TrackPointExtension>
            <ns3:atemp>25.0</ns3:atemp>
            <ns3:hr>132</ns3:hr>
            <ns3:cad>90</ns3:cad>
          </ns3:TrackPointExtension>
        </extensions>
      </trkpt>
      <trkpt lat="39.94190021418035030364990234375" lon="116.3896920718252658843994140625">
        <ele>53.59999847412109375</ele>
        <time>2026-09-08T23:28:53.000Z</time>
        <extensions>
          <ns3:TrackPointExtension>
            <ns3:atemp>25.0</ns3:atemp>
            <ns3:hr>132</ns3:hr>
            <ns3:cad>90</ns3:cad>
          </ns3:TrackPointExtension>
        </extensions>
      </trkpt>
      <trkpt lat="39.94187691248953342437744140625" lon="116.3896930776536464691162109375">
        <ele>53.59999847412109375</ele>
        <time>2026-09-08T23:28:54.000Z</time>
        <extensions>
          <ns3:TrackPointExtension>
            <ns3:atemp>25.0</ns3:atemp>
            <ns3:hr>132</ns3:hr>
            <ns3:cad>90</ns3:cad>
          </ns3:TrackPointExtension>
        </extensions>
      </trkpt>
      <trkpt lat="39.9418540298938751220703125" lon="116.38969735242426395416259765625">
        <ele>53.59999847412109375</ele>
        <time>2026-09-08T23:28:55.000Z</time>
        <extensions>
          <ns3:TrackPointExtension>
            <ns3:atemp>24.0</ns3:atemp>
            <ns3:hr>132</ns3:hr>
            <ns3:cad>90</ns3:cad>
          </ns3:TrackPointExtension>
        </extensions>
      </trkpt>
      <trkpt lat="39.9418243579566478729248046875" lon="116.38970221392810344696044921875">
        <ele>53.59999847412109375</ele>
        <time>2026-09-08T23:28:56.000Z</time>
        <extensions>
          <ns3:TrackPointExtension>
            <ns3:atemp>24.0</ns3:atemp>
            <ns3:hr>132</ns3:hr>
            <ns3:cad>90</ns3:cad>
          </ns3:TrackPointExtension>
        </extensions>
      </trkpt>
      <trkpt lat="39.94180231355130672454833984375" lon="116.3897048123180866241455078125">
        <ele>53.59999847412109375</ele>
        <time>2026-09-08T23:28:57.000Z</time>
        <extensions>
          <ns3:TrackPointExtension>
            <ns3:atemp>25.0</ns3:atemp>
            <ns3:hr>131</ns3:hr>
            <ns3:cad>90</ns3:cad>
          </ns3:TrackPointExtension>
        </extensions>
      </trkpt>
      <trkpt lat="39.9417747370898723602294921875" lon="116.3897054828703403472900390625">
        <ele>53.59999847412109375</ele>
        <time>2026-09-08T23:28:58.000Z</time>
        <extensions>
          <ns3:TrackPointExtension>
            <ns3:atemp>24.0</ns3:atemp>
            <ns3:hr>131</ns3:hr>
            <ns3:cad>90</ns3:cad>
          </ns3:TrackPointExtension>
        </extensions>
      </trkpt>
      <trkpt lat="39.94175411760807037353515625" lon="116.38970623724162578582763671875">
        <ele>53.59999847412109375</ele>
        <time>2026-09-08T23:28:59.000Z</time>
        <extensions>
          <ns3:TrackPointExtension>
            <ns3:atemp>25.0</ns3:atemp>
            <ns3:hr>131</ns3:hr>
            <ns3:cad>90</ns3:cad>
          </ns3:TrackPointExtension>
        </extensions>
      </trkpt>
      <trkpt lat="39.94173089973628520965576171875" lon="116.389704309403896331787109375">
        <ele>53.59999847412109375</ele>
        <time>2026-09-08T23:29:00.000Z</time>
        <extensions>
          <ns3:TrackPointExtension>
            <ns3:atemp>24.0</ns3:atemp>
            <ns3:hr>131</ns3:hr>
            <ns3:cad>90</ns3:cad>
          </ns3:TrackPointExtension>
        </extensions>
      </trkpt>
      <trkpt lat="39.9417123757302761077880859375" lon="116.3897038064897060394287109375">
        <ele>53.59999847412109375</ele>
        <time>2026-09-08T23:29:01.000Z</time>
        <extensions>
          <ns3:TrackPointExtension>
            <ns3:atemp>24.0</ns3:atemp>
            <ns3:hr>131</ns3:hr>
            <ns3:cad>90</ns3:cad>
          </ns3:TrackPointExtension>
        </extensions>
      </trkpt>
      <trkpt lat="39.94168966077268123626708984375" lon="116.38970757834613323211669921875">
        <ele>53.59999847412109375</ele>
        <time>2026-09-08T23:29:02.000Z</time>
        <extensions>
          <ns3:TrackPointExtension>
            <ns3:atemp>24.0</ns3:atemp>
            <ns3:hr>131</ns3:hr>
            <ns3:cad>90</ns3:cad>
          </ns3:TrackPointExtension>
        </extensions>
      </trkpt>
      <trkpt lat="39.94166954420506954193115234375" lon="116.38971076346933841705322265625">
        <ele>53.59999847412109375</ele>
        <time>2026-09-08T23:29:03.000Z</time>
        <extensions>
          <ns3:TrackPointExtension>
            <ns3:atemp>25.0</ns3:atemp>
            <ns3:hr>131</ns3:hr>
            <ns3:cad>90</ns3:cad>
          </ns3:TrackPointExtension>
        </extensions>
      </trkpt>
      <trkpt lat="39.94164548814296722412109375" lon="116.38971067965030670166015625">
        <ele>53.59999847412109375</ele>
        <time>2026-09-08T23:29:04.000Z</time>
        <extensions>
          <ns3:TrackPointExtension>
            <ns3:atemp>24.0</ns3:atemp>
            <ns3:hr>131</ns3:hr>
            <ns3:cad>91</ns3:cad>
          </ns3:TrackPointExtension>
        </extensions>
      </trkpt>
      <trkpt lat="39.941624365746974945068359375" lon="116.38971193693578243255615234375">
        <ele>53.59999847412109375</ele>
        <time>2026-09-08T23:29:05.000Z</time>
        <extensions>
          <ns3:TrackPointExtension>
            <ns3:atemp>24.0</ns3:atemp>
            <ns3:hr>131</ns3:hr>
            <ns3:cad>91</ns3:cad>
          </ns3:TrackPointExtension>
        </extensions>
      </trkpt>
      <trkpt lat="39.9415997229516506195068359375" lon="116.3897113502025604248046875">
        <ele>53.59999847412109375</ele>
        <time>2026-09-08T23:29:06.000Z</time>
        <extensions>
          <ns3:TrackPointExtension>
            <ns3:atemp>24.0</ns3:atemp>
            <ns3:hr>130</ns3:hr>
            <ns3:cad>90</ns3:cad>
          </ns3:TrackPointExtension>
        </extensions>
      </trkpt>
      <trkpt lat="39.94157751090824604034423828125" lon="116.3897140324115753173828125">
        <ele>53.59999847412109375</ele>
        <time>2026-09-08T23:29:07.000Z</time>
        <extensions>
          <ns3:TrackPointExtension>
            <ns3:atemp>24.0</ns3:atemp>
            <ns3:hr>131</ns3:hr>
            <ns3:cad>90</ns3:cad>
          </ns3:TrackPointExtension>
        </extensions>
      </trkpt>
      <trkpt lat="39.94155286811292171478271484375" lon="116.38972031883895397186279296875">
        <ele>53.59999847412109375</ele>
        <time>2026-09-08T23:29:08.000Z</time>
        <extensions>
          <ns3:TrackPointExtension>
            <ns3:atemp>24.0</ns3:atemp>
            <ns3:hr>131</ns3:hr>
            <ns3:cad>90</ns3:cad>
          </ns3:TrackPointExtension>
        </extensions>
      </trkpt>
      <trkpt lat="39.94153526611626148223876953125" lon="116.38972987420856952667236328125">
        <ele>53.40000152587890625</ele>
        <time>2026-09-08T23:29:09.000Z</time>
        <extensions>
          <ns3:TrackPointExtension>
            <ns3:atemp>24.0</ns3:atemp>
            <ns3:hr>130</ns3:hr>
            <ns3:cad>90</ns3:cad>
          </ns3:TrackPointExtension>
        </extensions>
      </trkpt>
      <trkpt lat="39.94151263497769832611083984375" lon="116.389739848673343658447265625">
        <ele>53.40000152587890625</ele>
        <time>2026-09-08T23:29:10.000Z</time>
        <extensions>
          <ns3:TrackPointExtension>
            <ns3:atemp>24.0</ns3:atemp>
            <ns3:hr>131</ns3:hr>
            <ns3:cad>90</ns3:cad>
          </ns3:TrackPointExtension>
        </extensions>
      </trkpt>
      <trkpt lat="39.94149352423846721649169921875" lon="116.38975250534713268280029296875">
        <ele>53.200000762939453125</ele>
        <time>2026-09-08T23:29:11.000Z</time>
        <extensions>
          <ns3:TrackPointExtension>
            <ns3:atemp>24.0</ns3:atemp>
            <ns3:hr>131</ns3:hr>
            <ns3:cad>90</ns3:cad>
          </ns3:TrackPointExtension>
        </extensions>
      </trkpt>
      <trkpt lat="39.9414739944040775299072265625" lon="116.38977061025798320770263671875">
        <ele>53.200000762939453125</ele>
        <time>2026-09-08T23:29:12.000Z</time>
        <extensions>
          <ns3:TrackPointExtension>
            <ns3:atemp>24.0</ns3:atemp>
            <ns3:hr>130</ns3:hr>
            <ns3:cad>90</ns3:cad>
          </ns3:TrackPointExtension>
        </extensions>
      </trkpt>
      <trkpt lat="39.94145764969289302825927734375" lon="116.389794833958148956298828125">
        <ele>53.200000762939453125</ele>
        <time>2026-09-08T23:29:13.000Z</time>
        <extensions>
          <ns3:TrackPointExtension>
            <ns3:atemp>24.0</ns3:atemp>
            <ns3:hr>131</ns3:hr>
            <ns3:cad>90</ns3:cad>
          </ns3:TrackPointExtension>
        </extensions>
      </trkpt>
      <trkpt lat="39.94144088588654994964599609375" lon="116.38981654308736324310302734375">
        <ele>53.200000762939453125</ele>
        <time>2026-09-08T23:29:14.000Z</time>
        <extensions>
          <ns3:TrackPointExtension>
            <ns3:atemp>24.0</ns3:atemp>
            <ns3:hr>130</ns3:hr>
            <ns3:cad>89</ns3:cad>
          </ns3:TrackPointExtension>
        </extensions>
      </trkpt>
      <trkpt lat="39.94142479263246059417724609375" lon="116.38983984477818012237548828125">
        <ele>53.40000152587890625</ele>
        <time>2026-09-08T23:29:15.000Z</time>
        <extensions>
          <ns3:TrackPointExtension>
            <ns3:atemp>24.0</ns3:atemp>
            <ns3:hr>130</ns3:hr>
            <ns3:cad>90</ns3:cad>
          </ns3:TrackPointExtension>
        </extensions>
      </trkpt>
      <trkpt lat="39.94140811264514923095703125" lon="116.3898615539073944091796875">
        <ele>53.40000152587890625</ele>
        <time>2026-09-08T23:29:16.000Z</time>
        <extensions>
          <ns3:TrackPointExtension>
            <ns3:atemp>24.0</ns3:atemp>
            <ns3:hr>130</ns3:hr>
            <ns3:cad>90</ns3:cad>
          </ns3:TrackPointExtension>
        </extensions>
      </trkpt>
      <trkpt lat="39.94139344431459903717041015625" lon="116.38988410122692584991455078125">
        <ele>53.40000152587890625</ele>
        <time>2026-09-08T23:29:17.000Z</time>
        <extensions>
          <ns3:TrackPointExtension>
            <ns3:atemp>24.0</ns3:atemp>
            <ns3:hr>131</ns3:hr>
            <ns3:cad>90</ns3:cad>
          </ns3:TrackPointExtension>
        </extensions>
      </trkpt>
      <trkpt lat="39.9413754232227802276611328125" lon="116.38990840874612331390380859375">
        <ele>53.40000152587890625</ele>
        <time>2026-09-08T23:29:18.000Z</time>
        <extensions>
          <ns3:TrackPointExtension>
            <ns3:atemp>24.0</ns3:atemp>
            <ns3:hr>130</ns3:hr>
            <ns3:cad>90</ns3:cad>
          </ns3:TrackPointExtension>
        </extensions>
      </trkpt>
      <trkpt lat="39.941359497606754302978515625" lon="116.3899291120469570159912109375">
        <ele>53.40000152587890625</ele>
        <time>2026-09-08T23:29:19.000Z</time>
        <extensions>
          <ns3:TrackPointExtension>
            <ns3:atemp>24.0</ns3:atemp>
            <ns3:hr>130</ns3:hr>
            <ns3:cad>90</ns3:cad>
          </ns3:TrackPointExtension>
        </extensions>
      </trkpt>
      <trkpt lat="39.9413375370204448699951171875" lon="116.3899527490139007568359375">
        <ele>53.40000152587890625</ele>
        <time>2026-09-08T23:29:20.000Z</time>
        <extensions>
          <ns3:TrackPointExtension>
            <ns3:atemp>24.0</ns3:atemp>
            <ns3:hr>131</ns3:hr>
            <ns3:cad>89</ns3:cad>
          </ns3:TrackPointExtension>
        </extensions>
      </trkpt>
      <trkpt lat="39.9413234554231166839599609375" lon="116.3899753801524639129638671875">
        <ele>53.40000152587890625</ele>
        <time>2026-09-08T23:29:21.000Z</time>
        <extensions>
          <ns3:TrackPointExtension>
            <ns3:atemp>24.0</ns3:atemp>
            <ns3:hr>130</ns3:hr>
            <ns3:cad>89</ns3:cad>
          </ns3:TrackPointExtension>
        </extensions>
      </trkpt>
      <trkpt lat="39.9413036741316318511962890625" lon="116.3900001905858516693115234375">
        <ele>53.40000152587890625</ele>
        <time>2026-09-08T23:29:22.000Z</time>
        <extensions>
          <ns3:TrackPointExtension>
            <ns3:atemp>24.0</ns3:atemp>
            <ns3:hr>130</ns3:hr>
            <ns3:cad>89</ns3:cad>
          </ns3:TrackPointExtension>
        </extensions>
      </trkpt>
      <trkpt lat="39.941288419067859649658203125" lon="116.39002039097249507904052734375">
        <ele>53.40000152587890625</ele>
        <time>2026-09-08T23:29:23.000Z</time>
        <extensions>
          <ns3:TrackPointExtension>
            <ns3:atemp>24.0</ns3:atemp>
            <ns3:hr>130</ns3:hr>
            <ns3:cad>89</ns3:cad>
          </ns3:TrackPointExtension>
        </extensions>
      </trkpt>
      <trkpt lat="39.94126729667186737060546875" lon="116.3900441117584705352783203125">
        <ele>53.40000152587890625</ele>
        <time>2026-09-08T23:29:24.000Z</time>
        <extensions>
          <ns3:TrackPointExtension>
            <ns3:atemp>24.0</ns3:atemp>
            <ns3:hr>131</ns3:hr>
            <ns3:cad>89</ns3:cad>
          </ns3:TrackPointExtension>
        </extensions>
      </trkpt>
      <trkpt lat="39.94125497527420520782470703125" lon="116.3900632224977016448974609375">
        <ele>53.40000152587890625</ele>
        <time>2026-09-08T23:29:25.000Z</time>
        <extensions>
          <ns3:TrackPointExtension>
            <ns3:atemp>24.0</ns3:atemp>
            <ns3:hr>130</ns3:hr>
            <ns3:cad>89</ns3:cad>
          </ns3:TrackPointExtension>
        </extensions>
      </trkpt>
      <trkpt lat="39.94123485870659351348876953125" lon="116.3900883682072162628173828125">
        <ele>53.40000152587890625</ele>
        <time>2026-09-08T23:29:26.000Z</time>
        <extensions>
          <ns3:TrackPointExtension>
            <ns3:atemp>24.0</ns3:atemp>
            <ns3:hr>130</ns3:hr>
            <ns3:cad>89</ns3:cad>
          </ns3:TrackPointExtension>
        </extensions>
      </trkpt>
      <trkpt lat="39.941223375499248504638671875" lon="116.3901083171367645263671875">
        <ele>53.59999847412109375</ele>
        <time>2026-09-08T23:29:27.000Z</time>
        <extensions>
          <ns3:TrackPointExtension>
            <ns3:atemp>24.0</ns3:atemp>
            <ns3:hr>131</ns3:hr>
            <ns3:cad>89</ns3:cad>
          </ns3:TrackPointExtension>
        </extensions>
      </trkpt>
      <trkpt lat="39.94120351038873195648193359375" lon="116.39013740234076976776123046875">
        <ele>53.59999847412109375</ele>
        <time>2026-09-08T23:29:28.000Z</time>
        <extensions>
          <ns3:TrackPointExtension>
            <ns3:atemp>24.0</ns3:atemp>
            <ns3:hr>130</ns3:hr>
            <ns3:cad>89</ns3:cad>
          </ns3:TrackPointExtension>
        </extensions>
      </trkpt>
      <trkpt lat="39.941191859543323516845703125" lon="116.390158273279666900634765625">
        <ele>53.59999847412109375</ele>
        <time>2026-09-08T23:29:29.000Z</time>
        <extensions>
          <ns3:TrackPointExtension>
            <ns3:atemp>24.0</ns3:atemp>
            <ns3:hr>130</ns3:hr>
            <ns3:cad>89</ns3:cad>
          </ns3:TrackPointExtension>
        </extensions>
      </trkpt>
      <trkpt lat="39.941165708005428314208984375" lon="116.39018015004694461822509765625">
        <ele>53.59999847412109375</ele>
        <time>2026-09-08T23:29:30.000Z</time>
        <extensions>
          <ns3:TrackPointExtension>
            <ns3:atemp>24.0</ns3:atemp>
            <ns3:hr>131</ns3:hr>
            <ns3:cad>89</ns3:cad>
          </ns3:TrackPointExtension>
        </extensions>
      </trkpt>
      <trkpt lat="39.9411430768668651580810546875" lon="116.39019012451171875">
        <ele>53.59999847412109375</ele>
        <time>2026-09-08T23:29:31.000Z</time>
        <extensions>
          <ns3:TrackPointExtension>
            <ns3:atemp>24.0</ns3:atemp>
            <ns3:hr>131</ns3:hr>
            <ns3:cad>88</ns3:cad>
          </ns3:TrackPointExtension>
        </extensions>
      </trkpt>
      <trkpt lat="39.94111348874866962432861328125" lon="116.39019205234944820404052734375">
        <ele>53.59999847412109375</ele>
        <time>2026-09-08T23:29:32.000Z</time>
        <extensions>
          <ns3:TrackPointExtension>
            <ns3:atemp>24.0</ns3:atemp>
            <ns3:hr>131</ns3:hr>
            <ns3:cad>88</ns3:cad>
          </ns3:TrackPointExtension>
        </extensions>
      </trkpt>
      <trkpt lat="39.9410922825336456298828125" lon="116.39019590802490711212158203125">
        <ele>53.799999237060546875</ele>
        <time>2026-09-08T23:29:33.000Z</time>
        <extensions>
          <ns3:TrackPointExtension>
            <ns3:atemp>24.0</ns3:atemp>
            <ns3:hr>131</ns3:hr>
            <ns3:cad>88</ns3:cad>
          </ns3:TrackPointExtension>
        </extensions>
      </trkpt>
      <trkpt lat="39.94106168858706951141357421875" lon="116.3901983387768268585205078125">
        <ele>53.799999237060546875</ele>
        <time>2026-09-08T23:29:34.000Z</time>
        <extensions>
          <ns3:TrackPointExtension>
            <ns3:atemp>24.0</ns3:atemp>
            <ns3:hr>131</ns3:hr>
            <ns3:cad>89</ns3:cad>
          </ns3:TrackPointExtension>
        </extensions>
      </trkpt>
      <trkpt lat="39.94104190729558467864990234375" lon="116.39020244590938091278076171875">
        <ele>53.799999237060546875</ele>
        <time>2026-09-08T23:29:35.000Z</time>
        <extensions>
          <ns3:TrackPointExtension>
            <ns3:atemp>24.0</ns3:atemp>
            <ns3:hr>131</ns3:hr>
            <ns3:cad>89</ns3:cad>
          </ns3:TrackPointExtension>
        </extensions>
      </trkpt>
      <trkpt lat="39.94101508520543575286865234375" lon="116.39020026661455631256103515625">
        <ele>53.799999237060546875</ele>
        <time>2026-09-08T23:29:36.000Z</time>
        <extensions>
          <ns3:TrackPointExtension>
            <ns3:atemp>24.0</ns3:atemp>
            <ns3:hr>132</ns3:hr>
            <ns3:cad>89</ns3:cad>
          </ns3:TrackPointExtension>
        </extensions>
      </trkpt>
      <trkpt lat="39.940995387732982635498046875" lon="116.39020278118550777435302734375">
        <ele>53.59999847412109375</ele>
        <time>2026-09-08T23:29:37.000Z</time>
        <extensions>
          <ns3:TrackPointExtension>
            <ns3:atemp>24.0</ns3:atemp>
            <ns3:hr>132</ns3:hr>
            <ns3:cad>89</ns3:cad>
          </ns3:TrackPointExtension>
        </extensions>
      </trkpt>
      <trkpt lat="39.94096864946186542510986328125" lon="116.39019473455846309661865234375">
        <ele>53.59999847412109375</ele>
        <time>2026-09-08T23:29:38.000Z</time>
        <extensions>
          <ns3:TrackPointExtension>
            <ns3:atemp>24.0</ns3:atemp>
            <ns3:hr>133</ns3:hr>
            <ns3:cad>88</ns3:cad>
          </ns3:TrackPointExtension>
        </extensions>
      </trkpt>
      <trkpt lat="39.9409469403326511383056640625" lon="116.390187777578830718994140625">
        <ele>53.59999847412109375</ele>
        <time>2026-09-08T23:29:39.000Z</time>
        <extensions>
          <ns3:TrackPointExtension>
            <ns3:atemp>24.0</ns3:atemp>
            <ns3:hr>133</ns3:hr>
            <ns3:cad>89</ns3:cad>
          </ns3:TrackPointExtension>
        </extensions>
      </trkpt>
      <trkpt lat="39.9409301765263080596923828125" lon="116.39015919528901576995849609375">
        <ele>53.59999847412109375</ele>
        <time>2026-09-08T23:29:40.000Z</time>
        <extensions>
          <ns3:TrackPointExtension>
            <ns3:atemp>24.0</ns3:atemp>
            <ns3:hr>133</ns3:hr>
            <ns3:cad>89</ns3:cad>
          </ns3:TrackPointExtension>
        </extensions>
      </trkpt>
      <trkpt lat="39.9409124068915843963623046875" lon="116.3901431858539581298828125">
        <ele>53.59999847412109375</ele>
        <time>2026-09-08T23:29:41.000Z</time>
        <extensions>
          <ns3:TrackPointExtension>
            <ns3:atemp>24.0</ns3:atemp>
            <ns3:hr>133</ns3:hr>
            <ns3:cad>90</ns3:cad>
          </ns3:TrackPointExtension>
        </extensions>
      </trkpt>
      <trkpt lat="39.94089136831462383270263671875" lon="116.39011762104928493499755859375">
        <ele>53.59999847412109375</ele>
        <time>2026-09-08T23:29:42.000Z</time>
        <extensions>
          <ns3:TrackPointExtension>
            <ns3:atemp>24.0</ns3:atemp>
            <ns3:hr>133</ns3:hr>
            <ns3:cad>89</ns3:cad>
          </ns3:TrackPointExtension>
        </extensions>
      </trkpt>
      <trkpt lat="39.94087426923215389251708984375" lon="116.3901031203567981719970703125">
        <ele>53.59999847412109375</ele>
        <time>2026-09-08T23:29:43.000Z</time>
        <extensions>
          <ns3:TrackPointExtension>
            <ns3:atemp>24.0</ns3:atemp>
            <ns3:hr>132</ns3:hr>
            <ns3:cad>89</ns3:cad>
          </ns3:TrackPointExtension>
        </extensions>
      </trkpt>
      <trkpt lat="39.94085557758808135986328125" lon="116.39007705263793468475341796875">
        <ele>53.59999847412109375</ele>
        <time>2026-09-08T23:29:44.000Z</time>
        <extensions>
          <ns3:TrackPointExtension>
            <ns3:atemp>24.0</ns3:atemp>
            <ns3:hr>133</ns3:hr>
            <ns3:cad>88</ns3:cad>
          </ns3:TrackPointExtension>
        </extensions>
      </trkpt>
      <trkpt lat="39.9408403225243091583251953125" lon="116.39006112702190876007080078125">
        <ele>53.59999847412109375</ele>
        <time>2026-09-08T23:29:45.000Z</time>
        <extensions>
          <ns3:TrackPointExtension>
            <ns3:atemp>24.0</ns3:atemp>
            <ns3:hr>133</ns3:hr>
            <ns3:cad>88</ns3:cad>
          </ns3:TrackPointExtension>
        </extensions>
      </trkpt>
      <trkpt lat="39.94082347489893436431884765625" lon="116.390034891664981842041015625">
        <ele>53.59999847412109375</ele>
        <time>2026-09-08T23:29:46.000Z</time>
        <extensions>
          <ns3:TrackPointExtension>
            <ns3:atemp>24.0</ns3:atemp>
            <ns3:hr>133</ns3:hr>
            <ns3:cad>88</ns3:cad>
          </ns3:TrackPointExtension>
        </extensions>
      </trkpt>
      <trkpt lat="39.94080956093966960906982421875" lon="116.39002181589603424072265625">
        <ele>53.59999847412109375</ele>
        <time>2026-09-08T23:29:47.000Z</time>
        <extensions>
          <ns3:TrackPointExtension>
            <ns3:atemp>24.0</ns3:atemp>
            <ns3:hr>134</ns3:hr>
            <ns3:cad>90</ns3:cad>
          </ns3:TrackPointExtension>
        </extensions>
      </trkpt>
      <trkpt lat="39.9407953955233097076416015625" lon="116.38999558053910732269287109375">
        <ele>53.59999847412109375</ele>
        <time>2026-09-08T23:29:48.000Z</time>
        <extensions>
          <ns3:TrackPointExtension>
            <ns3:atemp>24.0</ns3:atemp>
            <ns3:hr>134</ns3:hr>
            <ns3:cad>90</ns3:cad>
          </ns3:TrackPointExtension>
        </extensions>
      </trkpt>
      <trkpt lat="39.9407796375453472137451171875" lon="116.389982588589191436767578125">
        <ele>53.799999237060546875</ele>
        <time>2026-09-08T23:29:49.000Z</time>
        <extensions>
          <ns3:TrackPointExtension>
            <ns3:atemp>24.0</ns3:atemp>
            <ns3:hr>134</ns3:hr>
            <ns3:cad>89</ns3:cad>
          </ns3:TrackPointExtension>
        </extensions>
      </trkpt>
      <trkpt lat="39.9407622031867504119873046875" lon="116.3899581134319305419921875">
        <ele>53.799999237060546875</ele>
        <time>2026-09-08T23:29:50.000Z</time>
        <extensions>
          <ns3:TrackPointExtension>
            <ns3:atemp>24.0</ns3:atemp>
            <ns3:hr>133</ns3:hr>
            <ns3:cad>89</ns3:cad>
          </ns3:TrackPointExtension>
        </extensions>
      </trkpt>
      <trkpt lat="39.94074770249426364898681640625" lon="116.389939002692699432373046875">
        <ele>53.799999237060546875</ele>
        <time>2026-09-08T23:29:51.000Z</time>
        <extensions>
          <ns3:TrackPointExtension>
            <ns3:atemp>24.0</ns3:atemp>
            <ns3:hr>134</ns3:hr>
            <ns3:cad>89</ns3:cad>
          </ns3:TrackPointExtension>
        </extensions>
      </trkpt>
      <trkpt lat="39.94073026813566684722900390625" lon="116.3899173773825168609619140625">
        <ele>53.799999237060546875</ele>
        <time>2026-09-08T23:29:52.000Z</time>
        <extensions>
          <ns3:TrackPointExtension>
            <ns3:atemp>24.0</ns3:atemp>
            <ns3:hr>134</ns3:hr>
            <ns3:cad>89</ns3:cad>
          </ns3:TrackPointExtension>
        </extensions>
      </trkpt>
      <trkpt lat="39.94071367196738719940185546875" lon="116.3898989371955394744873046875">
        <ele>53.799999237060546875</ele>
        <time>2026-09-08T23:29:53.000Z</time>
        <extensions>
          <ns3:TrackPointExtension>
            <ns3:atemp>24.0</ns3:atemp>
            <ns3:hr>133</ns3:hr>
            <ns3:cad>89</ns3:cad>
          </ns3:TrackPointExtension>
        </extensions>
      </trkpt>
      <trkpt lat="39.9406934715807437896728515625" lon="116.3898821733891963958740234375">
        <ele>53.59999847412109375</ele>
        <time>2026-09-08T23:29:54.000Z</time>
        <extensions>
          <ns3:TrackPointExtension>
            <ns3:atemp>24.0</ns3:atemp>
            <ns3:hr>134</ns3:hr>
            <ns3:cad>89</ns3:cad>
          </ns3:TrackPointExtension>
        </extensions>
      </trkpt>
      <trkpt lat="39.94067142717540264129638671875" lon="116.38987236656248569488525390625">
        <ele>53.59999847412109375</ele>
        <time>2026-09-08T23:29:55.000Z</time>
        <extensions>
          <ns3:TrackPointExtension>
            <ns3:atemp>24.0</ns3:atemp>
            <ns3:hr>134</ns3:hr>
            <ns3:cad>89</ns3:cad>
          </ns3:TrackPointExtension>
        </extensions>
      </trkpt>
      <trkpt lat="39.94064510799944400787353515625" lon="116.3898610509932041168212890625">
        <ele>53.59999847412109375</ele>
        <time>2026-09-08T23:29:56.000Z</time>
        <extensions>
          <ns3:TrackPointExtension>
            <ns3:atemp>24.0</ns3:atemp>
            <ns3:hr>134</ns3:hr>
            <ns3:cad>89</ns3:cad>
          </ns3:TrackPointExtension>
        </extensions>
      </trkpt>
      <trkpt lat="39.940622560679912567138671875" lon="116.38986130245029926300048828125">
        <ele>53.59999847412109375</ele>
        <time>2026-09-08T23:29:57.000Z</time>
        <extensions>
          <ns3:TrackPointExtension>
            <ns3:atemp>24.0</ns3:atemp>
            <ns3:hr>134</ns3:hr>
            <ns3:cad>90</ns3:cad>
          </ns3:TrackPointExtension>
        </extensions>
      </trkpt>
      <trkpt lat="39.94060085155069828033447265625" lon="116.389861889183521270751953125">
        <ele>53.59999847412109375</ele>
        <time>2026-09-08T23:29:58.000Z</time>
        <extensions>
          <ns3:TrackPointExtension>
            <ns3:atemp>24.0</ns3:atemp>
            <ns3:hr>134</ns3:hr>
            <ns3:cad>90</ns3:cad>
          </ns3:TrackPointExtension>
        </extensions>
      </trkpt>
      <trkpt lat="39.940578304231166839599609375" lon="116.38986230827867984771728515625">
        <ele>53.59999847412109375</ele>
        <time>2026-09-08T23:29:59.000Z</time>
        <extensions>
          <ns3:TrackPointExtension>
            <ns3:atemp>24.0</ns3:atemp>
            <ns3:hr>134</ns3:hr>
            <ns3:cad>89</ns3:cad>
          </ns3:TrackPointExtension>
        </extensions>
      </trkpt>
      <trkpt lat="39.94055240415036678314208984375" lon="116.3898570276796817779541015625">
        <ele>53.59999847412109375</ele>
        <time>2026-09-08T23:30:00.000Z</time>
        <extensions>
          <ns3:TrackPointExtension>
            <ns3:atemp>24.0</ns3:atemp>
            <ns3:hr>133</ns3:hr>
            <ns3:cad>89</ns3:cad>
          </ns3:TrackPointExtension>
        </extensions>
      </trkpt>
      <trkpt lat="39.9405281804502010345458984375" lon="116.3898583687841892242431640625">
        <ele>53.59999847412109375</ele>
        <time>2026-09-08T23:30:01.000Z</time>
        <extensions>
          <ns3:TrackPointExtension>
            <ns3:atemp>24.0</ns3:atemp>
            <ns3:hr>134</ns3:hr>
            <ns3:cad>89</ns3:cad>
          </ns3:TrackPointExtension>
        </extensions>
      </trkpt>
      <trkpt lat="39.94050228036940097808837890625" lon="116.38986029662191867828369140625">
        <ele>53.59999847412109375</ele>
        <time>2026-09-08T23:30:02.000Z</time>
        <extensions>
          <ns3:TrackPointExtension>
            <ns3:atemp>24.0</ns3:atemp>
            <ns3:hr>134</ns3:hr>
            <ns3:cad>89</ns3:cad>
          </ns3:TrackPointExtension>
        </extensions>
      </trkpt>
      <trkpt lat="39.94048006832599639892578125" lon="116.38985811732709407806396484375">
        <ele>53.59999847412109375</ele>
        <time>2026-09-08T23:30:03.000Z</time>
        <extensions>
          <ns3:TrackPointExtension>
            <ns3:atemp>24.0</ns3:atemp>
            <ns3:hr>135</ns3:hr>
            <ns3:cad>88</ns3:cad>
          </ns3:TrackPointExtension>
        </extensions>
      </trkpt>
      <trkpt lat="39.94045735336840152740478515625" lon="116.3898603804409503936767578125">
        <ele>53.59999847412109375</ele>
        <time>2026-09-08T23:30:04.000Z</time>
        <extensions>
          <ns3:TrackPointExtension>
            <ns3:atemp>24.0</ns3:atemp>
            <ns3:hr>135</ns3:hr>
            <ns3:cad>88</ns3:cad>
          </ns3:TrackPointExtension>
        </extensions>
      </trkpt>
      <trkpt lat="39.94043271057307720184326171875" lon="116.389863230288028717041015625">
        <ele>53.59999847412109375</ele>
        <time>2026-09-08T23:30:05.000Z</time>
        <extensions>
          <ns3:TrackPointExtension>
            <ns3:atemp>24.0</ns3:atemp>
            <ns3:hr>135</ns3:hr>
            <ns3:cad>89</ns3:cad>
          </ns3:TrackPointExtension>
        </extensions>
      </trkpt>
      <trkpt lat="39.9404136836528778076171875" lon="116.38986482284963130950927734375">
        <ele>53.59999847412109375</ele>
        <time>2026-09-08T23:30:06.000Z</time>
        <extensions>
          <ns3:TrackPointExtension>
            <ns3:atemp>24.0</ns3:atemp>
            <ns3:hr>135</ns3:hr>
            <ns3:cad>88</ns3:cad>
          </ns3:TrackPointExtension>
        </extensions>
      </trkpt>
      <trkpt lat="39.9403917230665683746337890625" lon="116.389865577220916748046875">
        <ele>53.59999847412109375</ele>
        <time>2026-09-08T23:30:07.000Z</time>
        <extensions>
          <ns3:TrackPointExtension>
            <ns3:atemp>24.0</ns3:atemp>
            <ns3:hr>135</ns3:hr>
            <ns3:cad>89</ns3:cad>
          </ns3:TrackPointExtension>
        </extensions>
      </trkpt>
      <trkpt lat="39.94036984629929065704345703125" lon="116.3898633979260921478271484375">
        <ele>53.59999847412109375</ele>
        <time>2026-09-08T23:30:08.000Z</time>
        <extensions>
          <ns3:TrackPointExtension>
            <ns3:atemp>24.0</ns3:atemp>
            <ns3:hr>135</ns3:hr>
            <ns3:cad>88</ns3:cad>
          </ns3:TrackPointExtension>
        </extensions>
      </trkpt>
      <trkpt lat="39.9403457902371883392333984375" lon="116.3898590393364429473876953125">
        <ele>53.40000152587890625</ele>
        <time>2026-09-08T23:30:09.000Z</time>
        <extensions>
          <ns3:TrackPointExtension>
            <ns3:atemp>24.0</ns3:atemp>
            <ns3:hr>135</ns3:hr>
            <ns3:cad>88</ns3:cad>
          </ns3:TrackPointExtension>
        </extensions>
      </trkpt>
      <trkpt lat="39.940324835479259490966796875" lon="116.38985895551741123199462890625">
        <ele>53.40000152587890625</ele>
        <time>2026-09-08T23:30:10.000Z</time>
        <extensions>
          <ns3:TrackPointExtension>
            <ns3:atemp>24.0</ns3:atemp>
            <ns3:hr>134</ns3:hr>
            <ns3:cad>88</ns3:cad>
          </ns3:TrackPointExtension>
        </extensions>
      </trkpt>
      <trkpt lat="39.94029709137976169586181640625" lon="116.3898597098886966705322265625">
        <ele>53.40000152587890625</ele>
        <time>2026-09-08T23:30:11.000Z</time>
        <extensions>
          <ns3:TrackPointExtension>
            <ns3:atemp>24.0</ns3:atemp>
            <ns3:hr>135</ns3:hr>
            <ns3:cad>89</ns3:cad>
          </ns3:TrackPointExtension>
        </extensions>
      </trkpt>
      <trkpt lat="39.94027622044086456298828125" lon="116.3898600451648235321044921875">
        <ele>53.40000152587890625</ele>
        <time>2026-09-08T23:30:12.000Z</time>
        <extensions>
          <ns3:TrackPointExtension>
            <ns3:atemp>24.0</ns3:atemp>
            <ns3:hr>135</ns3:hr>
            <ns3:cad>89</ns3:cad>
          </ns3:TrackPointExtension>
        </extensions>
      </trkpt>
      <trkpt lat="39.9402527511119842529296875" lon="116.38985828496515750885009765625">
        <ele>53.40000152587890625</ele>
        <time>2026-09-08T23:30:13.000Z</time>
        <extensions>
          <ns3:TrackPointExtension>
            <ns3:atemp>24.0</ns3:atemp>
            <ns3:hr>136</ns3:hr>
            <ns3:cad>89</ns3:cad>
          </ns3:TrackPointExtension>
        </extensions>
      </trkpt>
      <trkpt lat="39.9402297846972942352294921875" lon="116.38985845260322093963623046875">
        <ele>53.40000152587890625</ele>
        <time>2026-09-08T23:30:14.000Z</time>
        <extensions>
          <ns3:TrackPointExtension>
            <ns3:atemp>24.0</ns3:atemp>
            <ns3:hr>137</ns3:hr>
            <ns3:cad>89</ns3:cad>
          </ns3:TrackPointExtension>
        </extensions>
      </trkpt>
      <trkpt lat="39.9402053095400333404541015625" lon="116.389857865869998931884765625">
        <ele>53.40000152587890625</ele>
        <time>2026-09-08T23:30:15.000Z</time>
        <extensions>
          <ns3:TrackPointExtension>
            <ns3:atemp>24.0</ns3:atemp>
            <ns3:hr>137</ns3:hr>
            <ns3:cad>89</ns3:cad>
          </ns3:TrackPointExtension>
        </extensions>
      </trkpt>
      <trkpt lat="39.9401808343827724456787109375" lon="116.38985929079353809356689453125">
        <ele>53.40000152587890625</ele>
        <time>2026-09-08T23:30:16.000Z</time>
        <extensions>
          <ns3:TrackPointExtension>
            <ns3:atemp>24.0</ns3:atemp>
            <ns3:hr>137</ns3:hr>
            <ns3:cad>88</ns3:cad>
          </ns3:TrackPointExtension>
        </extensions>
      </trkpt>
      <trkpt lat="39.9401546828448772430419921875" lon="116.38985828496515750885009765625">
        <ele>53.40000152587890625</ele>
        <time>2026-09-08T23:30:17.000Z</time>
        <extensions>
          <ns3:TrackPointExtension>
            <ns3:atemp>24.0</ns3:atemp>
            <ns3:hr>137</ns3:hr>
            <ns3:cad>88</ns3:cad>
          </ns3:TrackPointExtension>
        </extensions>
      </trkpt>
      <trkpt lat="39.94012777693569660186767578125" lon="116.3898600451648235321044921875">
        <ele>53.200000762939453125</ele>
        <time>2026-09-08T23:30:18.000Z</time>
        <extensions>
          <ns3:TrackPointExtension>
            <ns3:atemp>24.0</ns3:atemp>
            <ns3:hr>136</ns3:hr>
            <ns3:cad>88</ns3:cad>
          </ns3:TrackPointExtension>
        </extensions>
      </trkpt>
      <trkpt lat="39.9400990270078182220458984375" lon="116.38985912315547466278076171875">
        <ele>53.200000762939453125</ele>
        <time>2026-09-08T23:30:19.000Z</time>
        <extensions>
          <ns3:TrackPointExtension>
            <ns3:atemp>24.0</ns3:atemp>
            <ns3:hr>136</ns3:hr>
            <ns3:cad>89</ns3:cad>
          </ns3:TrackPointExtension>
        </extensions>
      </trkpt>
      <trkpt lat="39.94007798843085765838623046875" lon="116.38986264355480670928955078125">
        <ele>53.200000762939453125</ele>
        <time>2026-09-08T23:30:20.000Z</time>
        <extensions>
          <ns3:TrackPointExtension>
            <ns3:atemp>24.0</ns3:atemp>
            <ns3:hr>136</ns3:hr>
            <ns3:cad>89</ns3:cad>
          </ns3:TrackPointExtension>
        </extensions>
      </trkpt>
      <trkpt lat="39.94005225598812103271484375" lon="116.3898633979260921478271484375">
        <ele>53.200000762939453125</ele>
        <time>2026-09-08T23:30:21.000Z</time>
        <extensions>
          <ns3:TrackPointExtension>
            <ns3:atemp>24.0</ns3:atemp>
            <ns3:hr>137</ns3:hr>
            <ns3:cad>90</ns3:cad>
          </ns3:TrackPointExtension>
        </extensions>
      </trkpt>
      <trkpt lat="39.94003004394471645355224609375" lon="116.38986532576382160186767578125">
        <ele>53.200000762939453125</ele>
        <time>2026-09-08T23:30:22.000Z</time>
        <extensions>
          <ns3:TrackPointExtension>
            <ns3:atemp>24.0</ns3:atemp>
            <ns3:hr>136</ns3:hr>
            <ns3:cad>90</ns3:cad>
          </ns3:TrackPointExtension>
        </extensions>
      </trkpt>
      <trkpt lat="39.940005652606487274169921875" lon="116.38986147008836269378662109375">
        <ele>53.200000762939453125</ele>
        <time>2026-09-08T23:30:23.000Z</time>
        <extensions>
          <ns3:TrackPointExtension>
            <ns3:atemp>24.0</ns3:atemp>
            <ns3:hr>136</ns3:hr>
            <ns3:cad>89</ns3:cad>
          </ns3:TrackPointExtension>
        </extensions>
      </trkpt>
      <trkpt lat="39.93998662568628787994384765625" lon="116.3898588716983795166015625">
        <ele>53.40000152587890625</ele>
        <time>2026-09-08T23:30:24.000Z</time>
        <extensions>
          <ns3:TrackPointExtension>
            <ns3:atemp>24.0</ns3:atemp>
            <ns3:hr>136</ns3:hr>
            <ns3:cad>89</ns3:cad>
          </ns3:TrackPointExtension>
        </extensions>
      </trkpt>
      <trkpt lat="39.93996600620448589324951171875" lon="116.38985694386065006256103515625">
        <ele>53.40000152587890625</ele>
        <time>2026-09-08T23:30:25.000Z</time>
        <extensions>
          <ns3:TrackPointExtension>
            <ns3:atemp>24.0</ns3:atemp>
            <ns3:hr>135</ns3:hr>
            <ns3:cad>89</ns3:cad>
          </ns3:TrackPointExtension>
        </extensions>
      </trkpt>
      <trkpt lat="39.9399447999894618988037109375" lon="116.3898550160229206085205078125">
        <ele>53.40000152587890625</ele>
        <time>2026-09-08T23:30:26.000Z</time>
        <extensions>
          <ns3:TrackPointExtension>
            <ns3:atemp>24.0</ns3:atemp>
            <ns3:hr>135</ns3:hr>
            <ns3:cad>89</ns3:cad>
          </ns3:TrackPointExtension>
        </extensions>
      </trkpt>
      <trkpt lat="39.9399189837276935577392578125" lon="116.38985107652842998504638671875">
        <ele>53.200000762939453125</ele>
        <time>2026-09-08T23:30:27.000Z</time>
        <extensions>
          <ns3:TrackPointExtension>
            <ns3:atemp>24.0</ns3:atemp>
            <ns3:hr>135</ns3:hr>
            <ns3:cad>90</ns3:cad>
          </ns3:TrackPointExtension>
        </extensions>
      </trkpt>
      <trkpt lat="39.9398965202271938323974609375" lon="116.38984747231006622314453125">
        <ele>53.200000762939453125</ele>
        <time>2026-09-08T23:30:28.000Z</time>
        <extensions>
          <ns3:TrackPointExtension>
            <ns3:atemp>24.0</ns3:atemp>
            <ns3:hr>135</ns3:hr>
            <ns3:cad>89</ns3:cad>
          </ns3:TrackPointExtension>
        </extensions>
      </trkpt>
      <trkpt lat="39.93986877612769603729248046875" lon="116.38984705321490764617919921875">
        <ele>53.200000762939453125</ele>
        <time>2026-09-08T23:30:29.000Z</time>
        <extensions>
          <ns3:TrackPointExtension>
            <ns3:atemp>24.0</ns3:atemp>
            <ns3:hr>134</ns3:hr>
            <ns3:cad>89</ns3:cad>
          </ns3:TrackPointExtension>
        </extensions>
      </trkpt>
      <trkpt lat="39.9398455582559108734130859375" lon="116.38985409401357173919677734375">
        <ele>53.200000762939453125</ele>
        <time>2026-09-08T23:30:30.000Z</time>
        <extensions>
          <ns3:TrackPointExtension>
            <ns3:atemp>24.0</ns3:atemp>
            <ns3:hr>134</ns3:hr>
            <ns3:cad>89</ns3:cad>
          </ns3:TrackPointExtension>
        </extensions>
      </trkpt>
      <trkpt lat="39.9398180656135082244873046875" lon="116.3898627273738384246826171875">
        <ele>53.200000762939453125</ele>
        <time>2026-09-08T23:30:31.000Z</time>
        <extensions>
          <ns3:TrackPointExtension>
            <ns3:atemp>24.0</ns3:atemp>
            <ns3:hr>135</ns3:hr>
            <ns3:cad>89</ns3:cad>
          </ns3:TrackPointExtension>
        </extensions>
      </trkpt>
      <trkpt lat="39.93980155326426029205322265625" lon="116.38988141901791095733642578125">
        <ele>53.200000762939453125</ele>
        <time>2026-09-08T23:30:32.000Z</time>
        <extensions>
          <ns3:TrackPointExtension>
            <ns3:atemp>24.0</ns3:atemp>
            <ns3:hr>135</ns3:hr>
            <ns3:cad>89</ns3:cad>
          </ns3:TrackPointExtension>
        </extensions>
      </trkpt>
      <trkpt lat="39.9397771619260311126708984375" lon="116.38990187086164951324462890625">
        <ele>53.200000762939453125</ele>
        <time>2026-09-08T23:30:33.000Z</time>
        <extensions>
          <ns3:TrackPointExtension>
            <ns3:atemp>24.0</ns3:atemp>
            <ns3:hr>135</ns3:hr>
            <ns3:cad>89</ns3:cad>
          </ns3:TrackPointExtension>
        </extensions>
      </trkpt>
      <trkpt lat="39.93975997902452945709228515625" lon="116.38991695828735828399658203125">
        <ele>53.200000762939453125</ele>
        <time>2026-09-08T23:30:34.000Z</time>
        <extensions>
          <ns3:TrackPointExtension>
            <ns3:atemp>24.0</ns3:atemp>
            <ns3:hr>135</ns3:hr>
            <ns3:cad>89</ns3:cad>
          </ns3:TrackPointExtension>
        </extensions>
      </trkpt>
      <trkpt lat="39.9397365935146808624267578125" lon="116.38993841595947742462158203125">
        <ele>53.40000152587890625</ele>
        <time>2026-09-08T23:30:35.000Z</time>
        <extensions>
          <ns3:TrackPointExtension>
            <ns3:atemp>24.0</ns3:atemp>
            <ns3:hr>135</ns3:hr>
            <ns3:cad>89</ns3:cad>
          </ns3:TrackPointExtension>
        </extensions>
      </trkpt>
      <trkpt lat="39.93972368538379669189453125" lon="116.38996188528835773468017578125">
        <ele>53.40000152587890625</ele>
        <time>2026-09-08T23:30:36.000Z</time>
        <extensions>
          <ns3:TrackPointExtension>
            <ns3:atemp>24.0</ns3:atemp>
            <ns3:hr>135</ns3:hr>
            <ns3:cad>89</ns3:cad>
          </ns3:TrackPointExtension>
        </extensions>
      </trkpt>
      <trkpt lat="39.93971102871000766754150390625" lon="116.38998686335980892181396484375">
        <ele>53.40000152587890625</ele>
        <time>2026-09-08T23:30:37.000Z</time>
        <extensions>
          <ns3:TrackPointExtension>
            <ns3:atemp>24.0</ns3:atemp>
            <ns3:hr>135</ns3:hr>
            <ns3:cad>89</ns3:cad>
          </ns3:TrackPointExtension>
        </extensions>
      </trkpt>
      <trkpt lat="39.9396950192749500274658203125" lon="116.39001502655446529388427734375">
        <ele>53.40000152587890625</ele>
        <time>2026-09-08T23:30:38.000Z</time>
        <extensions>
          <ns3:TrackPointExtension>
            <ns3:atemp>24.0</ns3:atemp>
            <ns3:hr>135</ns3:hr>
            <ns3:cad>89</ns3:cad>
          </ns3:TrackPointExtension>
        </extensions>
      </trkpt>
      <trkpt lat="39.93967850692570209503173828125" lon="116.39003916643559932708740234375">
        <ele>53.40000152587890625</ele>
        <time>2026-09-08T23:30:39.000Z</time>
        <extensions>
          <ns3:TrackPointExtension>
            <ns3:atemp>24.0</ns3:atemp>
            <ns3:hr>135</ns3:hr>
            <ns3:cad>88</ns3:cad>
          </ns3:TrackPointExtension>
        </extensions>
      </trkpt>
      <trkpt lat="39.9396645091474056243896484375" lon="116.39007085002958774566650390625">
        <ele>53.40000152587890625</ele>
        <time>2026-09-08T23:30:40.000Z</time>
        <extensions>
          <ns3:TrackPointExtension>
            <ns3:atemp>24.0</ns3:atemp>
            <ns3:hr>136</ns3:hr>
            <ns3:cad>88</ns3:cad>
          </ns3:TrackPointExtension>
        </extensions>
      </trkpt>
      <trkpt lat="39.9396546185016632080078125" lon="116.3901014439761638641357421875">
        <ele>53.59999847412109375</ele>
        <time>2026-09-08T23:30:41.000Z</time>
        <extensions>
          <ns3:TrackPointExtension>
            <ns3:atemp>24.0</ns3:atemp>
            <ns3:hr>136</ns3:hr>
            <ns3:cad>88</ns3:cad>
          </ns3:TrackPointExtension>
        </extensions>
      </trkpt>
      <trkpt lat="39.9396437220275402069091796875" lon="116.39013622887432575225830078125">
        <ele>53.59999847412109375</ele>
        <time>2026-09-08T23:30:42.000Z</time>
        <extensions>
          <ns3:TrackPointExtension>
            <ns3:atemp>24.0</ns3:atemp>
            <ns3:hr>136</ns3:hr>
            <ns3:cad>88</ns3:cad>
          </ns3:TrackPointExtension>
        </extensions>
      </trkpt>
      <trkpt lat="39.93963106535375118255615234375" lon="116.3901725225150585174560546875">
        <ele>53.59999847412109375</ele>
        <time>2026-09-08T23:30:43.000Z</time>
        <extensions>
          <ns3:TrackPointExtension>
            <ns3:atemp>24.0</ns3:atemp>
            <ns3:hr>136</ns3:hr>
            <ns3:cad>88</ns3:cad>
          </ns3:TrackPointExtension>
        </extensions>
      </trkpt>
      <trkpt lat="39.93961262516677379608154296875" lon="116.39020160771906375885009765625">
        <ele>53.59999847412109375</ele>
        <time>2026-09-08T23:30:44.000Z</time>
        <extensions>
          <ns3:TrackPointExtension>
            <ns3:atemp>24.0</ns3:atemp>
            <ns3:hr>136</ns3:hr>
            <ns3:cad>88</ns3:cad>
          </ns3:TrackPointExtension>
        </extensions>
      </trkpt>
      <trkpt lat="39.9395924247801303863525390625" lon="116.39022490940988063812255859375">
        <ele>53.59999847412109375</ele>
        <time>2026-09-08T23:30:45.000Z</time>
        <extensions>
          <ns3:TrackPointExtension>
            <ns3:atemp>24.0</ns3:atemp>
            <ns3:hr>136</ns3:hr>
            <ns3:cad>89</ns3:cad>
          </ns3:TrackPointExtension>
        </extensions>
      </trkpt>
      <trkpt lat="39.93957624770700931549072265625" lon="116.39024586416780948638916015625">
        <ele>53.799999237060546875</ele>
        <time>2026-09-08T23:30:46.000Z</time>
        <extensions>
          <ns3:TrackPointExtension>
            <ns3:atemp>24.0</ns3:atemp>
            <ns3:hr>136</ns3:hr>
            <ns3:cad>89</ns3:cad>
          </ns3:TrackPointExtension>
        </extensions>
      </trkpt>
      <trkpt lat="39.93955780752003192901611328125" lon="116.39027000404894351959228515625">
        <ele>53.799999237060546875</ele>
        <time>2026-09-08T23:30:47.000Z</time>
        <extensions>
          <ns3:TrackPointExtension>
            <ns3:atemp>24.0</ns3:atemp>
            <ns3:hr>137</ns3:hr>
            <ns3:cad>89</ns3:cad>
          </ns3:TrackPointExtension>
        </extensions>
      </trkpt>
      <trkpt lat="39.93954372592270374298095703125" lon="116.39029632322490215301513671875">
        <ele>53.799999237060546875</ele>
        <time>2026-09-08T23:30:48.000Z</time>
        <extensions>
          <ns3:TrackPointExtension>
            <ns3:atemp>24.0</ns3:atemp>
            <ns3:hr>137</ns3:hr>
            <ns3:cad>88</ns3:cad>
          </ns3:TrackPointExtension>
        </extensions>
      </trkpt>
      <trkpt lat="39.93952629156410694122314453125" lon="116.3903217203915119171142578125">
        <ele>53.799999237060546875</ele>
        <time>2026-09-08T23:30:49.000Z</time>
        <extensions>
          <ns3:TrackPointExtension>
            <ns3:atemp>24.0</ns3:atemp>
            <ns3:hr>137</ns3:hr>
            <ns3:cad>88</ns3:cad>
          </ns3:TrackPointExtension>
        </extensions>
      </trkpt>
      <trkpt lat="39.93951036594808101654052734375" lon="116.3903485424816608428955078125">
        <ele>53.799999237060546875</ele>
        <time>2026-09-08T23:30:50.000Z</time>
        <extensions>
          <ns3:TrackPointExtension>
            <ns3:atemp>24.0</ns3:atemp>
            <ns3:hr>137</ns3:hr>
            <ns3:cad>88</ns3:cad>
          </ns3:TrackPointExtension>
        </extensions>
      </trkpt>
      <trkpt lat="39.93949192576110363006591796875" lon="116.39037176035344600677490234375">
        <ele>53.799999237060546875</ele>
        <time>2026-09-08T23:30:51.000Z</time>
        <extensions>
          <ns3:TrackPointExtension>
            <ns3:atemp>24.0</ns3:atemp>
            <ns3:hr>137</ns3:hr>
            <ns3:cad>88</ns3:cad>
          </ns3:TrackPointExtension>
        </extensions>
      </trkpt>
      <trkpt lat="39.939474575221538543701171875" lon="116.3903904519975185394287109375">
        <ele>53.799999237060546875</ele>
        <time>2026-09-08T23:30:52.000Z</time>
        <extensions>
          <ns3:TrackPointExtension>
            <ns3:atemp>24.0</ns3:atemp>
            <ns3:hr>137</ns3:hr>
            <ns3:cad>89</ns3:cad>
          </ns3:TrackPointExtension>
        </extensions>
      </trkpt>
      <trkpt lat="39.939456470310688018798828125" lon="116.390409730374813079833984375">
        <ele>53.799999237060546875</ele>
        <time>2026-09-08T23:30:53.000Z</time>
        <extensions>
          <ns3:TrackPointExtension>
            <ns3:atemp>24.0</ns3:atemp>
            <ns3:hr>138</ns3:hr>
            <ns3:cad>89</ns3:cad>
          </ns3:TrackPointExtension>
        </extensions>
      </trkpt>
      <trkpt lat="39.939432330429553985595703125" lon="116.3904239796102046966552734375">
        <ele>53.799999237060546875</ele>
        <time>2026-09-08T23:30:54.000Z</time>
        <extensions>
          <ns3:TrackPointExtension>
            <ns3:atemp>24.0</ns3:atemp>
            <ns3:hr>138</ns3:hr>
            <ns3:cad>89</ns3:cad>
          </ns3:TrackPointExtension>
        </extensions>
      </trkpt>
      <trkpt lat="39.93940928019583225250244140625" lon="116.39042791910469532012939453125">
        <ele>53.799999237060546875</ele>
        <time>2026-09-08T23:30:55.000Z</time>
        <extensions>
          <ns3:TrackPointExtension>
            <ns3:atemp>24.0</ns3:atemp>
            <ns3:hr>138</ns3:hr>
            <ns3:cad>89</ns3:cad>
          </ns3:TrackPointExtension>
        </extensions>
      </trkpt>
      <trkpt lat="39.9393837153911590576171875" lon="116.39042054302990436553955078125">
        <ele>53.799999237060546875</ele>
        <time>2026-09-08T23:30:56.000Z</time>
        <extensions>
          <ns3:TrackPointExtension>
            <ns3:atemp>24.0</ns3:atemp>
            <ns3:hr>138</ns3:hr>
            <ns3:cad>89</ns3:cad>
          </ns3:TrackPointExtension>
        </extensions>
      </trkpt>
      <trkpt lat="39.93936561048030853271484375" lon="116.39041199348866939544677734375">
        <ele>53.799999237060546875</ele>
        <time>2026-09-08T23:30:57.000Z</time>
        <extensions>
          <ns3:TrackPointExtension>
            <ns3:atemp>24.0</ns3:atemp>
            <ns3:hr>138</ns3:hr>
            <ns3:cad>89</ns3:cad>
          </ns3:TrackPointExtension>
        </extensions>
      </trkpt>
      <trkpt lat="39.93935077451169490814208984375" lon="116.39038332737982273101806640625">
        <ele>54</ele>
        <time>2026-09-08T23:30:58.000Z</time>
        <extensions>
          <ns3:TrackPointExtension>
            <ns3:atemp>24.0</ns3:atemp>
            <ns3:hr>138</ns3:hr>
            <ns3:cad>88</ns3:cad>
          </ns3:TrackPointExtension>
        </extensions>
      </trkpt>
      <trkpt lat="39.93933719582855701446533203125" lon="116.39036103151738643646240234375">
        <ele>54</ele>
        <time>2026-09-08T23:30:59.000Z</time>
        <extensions>
          <ns3:TrackPointExtension>
            <ns3:atemp>24.0</ns3:atemp>
            <ns3:hr>138</ns3:hr>
            <ns3:cad>88</ns3:cad>
          </ns3:TrackPointExtension>
        </extensions>
      </trkpt>
      <trkpt lat="39.93932428769767284393310546875" lon="116.39034225605428218841552734375">
        <ele>54.200000762939453125</ele>
        <time>2026-09-08T23:31:00.000Z</time>
        <extensions>
          <ns3:TrackPointExtension>
            <ns3:atemp>24.0</ns3:atemp>
            <ns3:hr>138</ns3:hr>
            <ns3:cad>88</ns3:cad>
          </ns3:TrackPointExtension>
        </extensions>
      </trkpt>
      <trkpt lat="39.93930526077747344970703125" lon="116.39032700099050998687744140625">
        <ele>54.200000762939453125</ele>
        <time>2026-09-08T23:31:01.000Z</time>
        <extensions>
          <ns3:TrackPointExtension>
            <ns3:atemp>24.0</ns3:atemp>
            <ns3:hr>139</ns3:hr>
            <ns3:cad>88</ns3:cad>
          </ns3:TrackPointExtension>
        </extensions>
      </trkpt>
      <trkpt lat="39.9392836354672908782958984375" lon="116.39029615558683872222900390625">
        <ele>54.40000152587890625</ele>
        <time>2026-09-08T23:31:02.000Z</time>
        <extensions>
          <ns3:TrackPointExtension>
            <ns3:atemp>24.0</ns3:atemp>
            <ns3:hr>139</ns3:hr>
            <ns3:cad>88</ns3:cad>
          </ns3:TrackPointExtension>
        </extensions>
      </trkpt>
      <trkpt lat="39.9392682127654552459716796875" lon="116.39027201570570468902587890625">
        <ele>54.40000152587890625</ele>
        <time>2026-09-08T23:31:03.000Z</time>
        <extensions>
          <ns3:TrackPointExtension>
            <ns3:atemp>24.0</ns3:atemp>
            <ns3:hr>139</ns3:hr>
            <ns3:cad>88</ns3:cad>
          </ns3:TrackPointExtension>
        </extensions>
      </trkpt>
      <trkpt lat="39.93925069458782672882080078125" lon="116.39024469070136547088623046875">
        <ele>54.40000152587890625</ele>
        <time>2026-09-08T23:31:04.000Z</time>
        <extensions>
          <ns3:TrackPointExtension>
            <ns3:atemp>24.0</ns3:atemp>
            <ns3:hr>139</ns3:hr>
            <ns3:cad>88</ns3:cad>
          </ns3:TrackPointExtension>
        </extensions>
      </trkpt>
      <trkpt lat="39.93923552334308624267578125" lon="116.39022205956280231475830078125">
        <ele>54.40000152587890625</ele>
        <time>2026-09-08T23:31:05.000Z</time>
        <extensions>
          <ns3:TrackPointExtension>
            <ns3:atemp>24.0</ns3:atemp>
            <ns3:hr>139</ns3:hr>
            <ns3:cad>88</ns3:cad>
          </ns3:TrackPointExtension>
        </extensions>
      </trkpt>
      <trkpt lat="39.93921532295644283294677734375" lon="116.39020043425261974334716796875">
        <ele>54.40000152587890625</ele>
        <time>2026-09-08T23:31:06.000Z</time>
        <extensions>
          <ns3:TrackPointExtension>
            <ns3:atemp>24.0</ns3:atemp>
            <ns3:hr>139</ns3:hr>
            <ns3:cad>88</ns3:cad>
          </ns3:TrackPointExtension>
        </extensions>
      </trkpt>
      <trkpt lat="39.939198307693004608154296875" lon="116.39017872512340545654296875">
        <ele>54.40000152587890625</ele>
        <time>2026-09-08T23:31:07.000Z</time>
        <extensions>
          <ns3:TrackPointExtension>
            <ns3:atemp>24.0</ns3:atemp>
            <ns3:hr>139</ns3:hr>
            <ns3:cad>88</ns3:cad>
          </ns3:TrackPointExtension>
        </extensions>
      </trkpt>
      <trkpt lat="39.93918078951537609100341796875" lon="116.3901539146900177001953125">
        <ele>54.200000762939453125</ele>
        <time>2026-09-08T23:31:08.000Z</time>
        <extensions>
          <ns3:TrackPointExtension>
            <ns3:atemp>24.0</ns3:atemp>
            <ns3:hr>139</ns3:hr>
            <ns3:cad>88</ns3:cad>
          </ns3:TrackPointExtension>
        </extensions>
      </trkpt>
      <trkpt lat="39.93916268460452556610107421875" lon="116.3901309482753276824951171875">
        <ele>54.200000762939453125</ele>
        <time>2026-09-08T23:31:09.000Z</time>
        <extensions>
          <ns3:TrackPointExtension>
            <ns3:atemp>24.0</ns3:atemp>
            <ns3:hr>139</ns3:hr>
            <ns3:cad>89</ns3:cad>
          </ns3:TrackPointExtension>
        </extensions>
      </trkpt>
      <trkpt lat="39.93914357386529445648193359375" lon="116.3901058025658130645751953125">
        <ele>54.200000762939453125</ele>
        <time>2026-09-08T23:31:10.000Z</time>
        <extensions>
          <ns3:TrackPointExtension>
            <ns3:atemp>24.0</ns3:atemp>
            <ns3:hr>140</ns3:hr>
            <ns3:cad>89</ns3:cad>
          </ns3:TrackPointExtension>
        </extensions>
      </trkpt>
      <trkpt lat="39.93912421166896820068359375" lon="116.390085518360137939453125">
        <ele>54.200000762939453125</ele>
        <time>2026-09-08T23:31:11.000Z</time>
        <extensions>
          <ns3:TrackPointExtension>
            <ns3:atemp>24.0</ns3:atemp>
            <ns3:hr>140</ns3:hr>
            <ns3:cad>89</ns3:cad>
          </ns3:TrackPointExtension>
        </extensions>
      </trkpt>
      <trkpt lat="39.93910769931972026824951171875" lon="116.390065737068653106689453125">
        <ele>54.200000762939453125</ele>
        <time>2026-09-08T23:31:12.000Z</time>
        <extensions>
          <ns3:TrackPointExtension>
            <ns3:atemp>24.0</ns3:atemp>
            <ns3:hr>140</ns3:hr>
            <ns3:cad>89</ns3:cad>
          </ns3:TrackPointExtension>
        </extensions>
      </trkpt>
      <trkpt lat="39.93909345008432865142822265625" lon="116.3900447823107242584228515625">
        <ele>54.200000762939453125</ele>
        <time>2026-09-08T23:31:13.000Z</time>
        <extensions>
          <ns3:TrackPointExtension>
            <ns3:atemp>24.0</ns3:atemp>
            <ns3:hr>140</ns3:hr>
            <ns3:cad>89</ns3:cad>
          </ns3:TrackPointExtension>
        </extensions>
      </trkpt>
      <trkpt lat="39.939074255526065826416015625" lon="116.39002575539052486419677734375">
        <ele>54.200000762939453125</ele>
        <time>2026-09-08T23:31:14.000Z</time>
        <extensions>
          <ns3:TrackPointExtension>
            <ns3:atemp>24.0</ns3:atemp>
            <ns3:hr>140</ns3:hr>
            <ns3:cad>90</ns3:cad>
          </ns3:TrackPointExtension>
        </extensions>
      </trkpt>
      <trkpt lat="39.939055144786834716796875" lon="116.39000245369970798492431640625">
        <ele>54.200000762939453125</ele>
        <time>2026-09-08T23:31:15.000Z</time>
        <extensions>
          <ns3:TrackPointExtension>
            <ns3:atemp>24.0</ns3:atemp>
            <ns3:hr>139</ns3:hr>
            <ns3:cad>90</ns3:cad>
          </ns3:TrackPointExtension>
        </extensions>
      </trkpt>
      <trkpt lat="39.9390382133424282073974609375" lon="116.38998250477015972137451171875">
        <ele>54.200000762939453125</ele>
        <time>2026-09-08T23:31:16.000Z</time>
        <extensions>
          <ns3:TrackPointExtension>
            <ns3:atemp>24.0</ns3:atemp>
            <ns3:hr>140</ns3:hr>
            <ns3:cad>89</ns3:cad>
          </ns3:TrackPointExtension>
        </extensions>
      </trkpt>
      <trkpt lat="39.93902253918349742889404296875" lon="116.38995945453643798828125">
        <ele>54.200000762939453125</ele>
        <time>2026-09-08T23:31:17.000Z</time>
        <extensions>
          <ns3:TrackPointExtension>
            <ns3:atemp>24.0</ns3:atemp>
            <ns3:hr>139</ns3:hr>
            <ns3:cad>88</ns3:cad>
          </ns3:TrackPointExtension>
        </extensions>
      </trkpt>
      <trkpt lat="39.93900862522423267364501953125" lon="116.38993791304528713226318359375">
        <ele>54.200000762939453125</ele>
        <time>2026-09-08T23:31:18.000Z</time>
        <extensions>
          <ns3:TrackPointExtension>
            <ns3:atemp>24.0</ns3:atemp>
            <ns3:hr>139</ns3:hr>
            <ns3:cad>88</ns3:cad>
          </ns3:TrackPointExtension>
        </extensions>
      </trkpt>
      <trkpt lat="39.93899881839752197265625" lon="116.389909498393535614013671875">
        <ele>54.40000152587890625</ele>
        <time>2026-09-08T23:31:19.000Z</time>
        <extensions>
          <ns3:TrackPointExtension>
            <ns3:atemp>24.0</ns3:atemp>
            <ns3:hr>139</ns3:hr>
            <ns3:cad>89</ns3:cad>
          </ns3:TrackPointExtension>
        </extensions>
      </trkpt>
      <trkpt lat="39.93898800574243068695068359375" lon="116.38988493941724300384521484375">
        <ele>54.40000152587890625</ele>
        <time>2026-09-08T23:31:20.000Z</time>
        <extensions>
          <ns3:TrackPointExtension>
            <ns3:atemp>24.0</ns3:atemp>
            <ns3:hr>138</ns3:hr>
            <ns3:cad>89</ns3:cad>
          </ns3:TrackPointExtension>
        </extensions>
      </trkpt>
      <trkpt lat="39.938983060419559478759765625" lon="116.3898483105003833770751953125">
        <ele>54.40000152587890625</ele>
        <time>2026-09-08T23:31:21.000Z</time>
        <extensions>
          <ns3:TrackPointExtension>
            <ns3:atemp>24.0</ns3:atemp>
            <ns3:hr>138</ns3:hr>
            <ns3:cad>89</ns3:cad>
          </ns3:TrackPointExtension>
        </extensions>
      </trkpt>
      <trkpt lat="39.93897442705929279327392578125" lon="116.389823667705059051513671875">
        <ele>54.40000152587890625</ele>
        <time>2026-09-08T23:31:22.000Z</time>
        <extensions>
          <ns3:TrackPointExtension>
            <ns3:atemp>24.0</ns3:atemp>
            <ns3:hr>138</ns3:hr>
            <ns3:cad>89</ns3:cad>
          </ns3:TrackPointExtension>
        </extensions>
      </trkpt>
      <trkpt lat="39.9389724992215633392333984375" lon="116.3897879607975482940673828125">
        <ele>54.40000152587890625</ele>
        <time>2026-09-08T23:31:23.000Z</time>
        <extensions>
          <ns3:TrackPointExtension>
            <ns3:atemp>24.0</ns3:atemp>
            <ns3:hr>138</ns3:hr>
            <ns3:cad>89</ns3:cad>
          </ns3:TrackPointExtension>
        </extensions>
      </trkpt>
      <trkpt lat="39.93896470405161380767822265625" lon="116.38975837267935276031494140625">
        <ele>54.40000152587890625</ele>
        <time>2026-09-08T23:31:24.000Z</time>
        <extensions>
          <ns3:TrackPointExtension>
            <ns3:atemp>24.0</ns3:atemp>
            <ns3:hr>138</ns3:hr>
            <ns3:cad>89</ns3:cad>
          </ns3:TrackPointExtension>
        </extensions>
      </trkpt>
      <trkpt lat="39.9389661289751529693603515625" lon="116.3897222466766834259033203125">
        <ele>54.40000152587890625</ele>
        <time>2026-09-08T23:31:25.000Z</time>
        <extensions>
          <ns3:TrackPointExtension>
            <ns3:atemp>24.0</ns3:atemp>
            <ns3:hr>137</ns3:hr>
            <ns3:cad>88</ns3:cad>
          </ns3:TrackPointExtension>
        </extensions>
      </trkpt>
      <trkpt lat="39.93896436877548694610595703125" lon="116.38969517312943935394287109375">
        <ele>54.40000152587890625</ele>
        <time>2026-09-08T23:31:26.000Z</time>
        <extensions>
          <ns3:TrackPointExtension>
            <ns3:atemp>24.0</ns3:atemp>
            <ns3:hr>138</ns3:hr>
            <ns3:cad>88</ns3:cad>
          </ns3:TrackPointExtension>
        </extensions>
      </trkpt>
      <trkpt lat="39.9389679729938507080078125" lon="116.3896603882312774658203125">
        <ele>54.200000762939453125</ele>
        <time>2026-09-08T23:31:27.000Z</time>
        <extensions>
          <ns3:TrackPointExtension>
            <ns3:atemp>24.0</ns3:atemp>
            <ns3:hr>138</ns3:hr>
            <ns3:cad>88</ns3:cad>
          </ns3:TrackPointExtension>
        </extensions>
      </trkpt>
      <trkpt lat="39.9389694817364215850830078125" lon="116.38962878845632076263427734375">
        <ele>54.200000762939453125</ele>
        <time>2026-09-08T23:31:28.000Z</time>
        <extensions>
          <ns3:TrackPointExtension>
            <ns3:atemp>24.0</ns3:atemp>
            <ns3:hr>137</ns3:hr>
            <ns3:cad>88</ns3:cad>
          </ns3:TrackPointExtension>
        </extensions>
      </trkpt>
      <trkpt lat="39.93897459469735622406005859375" lon="116.3895978592336177825927734375">
        <ele>54.200000762939453125</ele>
        <time>2026-09-08T23:31:29.000Z</time>
        <extensions>
          <ns3:TrackPointExtension>
            <ns3:atemp>24.0</ns3:atemp>
            <ns3:hr>138</ns3:hr>
            <ns3:cad>88</ns3:cad>
          </ns3:TrackPointExtension>
        </extensions>
      </trkpt>
      <trkpt lat="39.93898247368633747100830078125" lon="116.3895666785538196563720703125">
        <ele>54.200000762939453125</ele>
        <time>2026-09-08T23:31:30.000Z</time>
        <extensions>
          <ns3:TrackPointExtension>
            <ns3:atemp>24.0</ns3:atemp>
            <ns3:hr>138</ns3:hr>
            <ns3:cad>88</ns3:cad>
          </ns3:TrackPointExtension>
        </extensions>
      </trkpt>
      <trkpt lat="39.93898741900920867919921875" lon="116.38954144902527332305908203125">
        <ele>54</ele>
        <time>2026-09-08T23:31:31.000Z</time>
        <extensions>
          <ns3:TrackPointExtension>
            <ns3:atemp>24.0</ns3:atemp>
            <ns3:hr>138</ns3:hr>
            <ns3:cad>88</ns3:cad>
          </ns3:TrackPointExtension>
        </extensions>
      </trkpt>
      <trkpt lat="39.938993789255619049072265625" lon="116.3895137049257755279541015625">
        <ele>54</ele>
        <time>2026-09-08T23:31:32.000Z</time>
        <extensions>
          <ns3:TrackPointExtension>
            <ns3:atemp>24.0</ns3:atemp>
            <ns3:hr>138</ns3:hr>
            <ns3:cad>88</ns3:cad>
          </ns3:TrackPointExtension>
        </extensions>
      </trkpt>
      <trkpt lat="39.93900208733975887298583984375" lon="116.38949073851108551025390625">
        <ele>54</ele>
        <time>2026-09-08T23:31:33.000Z</time>
        <extensions>
          <ns3:TrackPointExtension>
            <ns3:atemp>24.0</ns3:atemp>
            <ns3:hr>138</ns3:hr>
            <ns3:cad>88</ns3:cad>
          </ns3:TrackPointExtension>
        </extensions>
      </trkpt>
      <trkpt lat="39.9390103854238986968994140625" lon="116.389468275010585784912109375">
        <ele>54</ele>
        <time>2026-09-08T23:31:34.000Z</time>
        <extensions>
          <ns3:TrackPointExtension>
            <ns3:atemp>24.0</ns3:atemp>
            <ns3:hr>138</ns3:hr>
            <ns3:cad>88</ns3:cad>
          </ns3:TrackPointExtension>
        </extensions>
      </trkpt>
      <trkpt lat="39.93901834823191165924072265625" lon="116.38944706879556179046630859375">
        <ele>54</ele>
        <time>2026-09-08T23:31:35.000Z</time>
        <extensions>
          <ns3:TrackPointExtension>
            <ns3:atemp>24.0</ns3:atemp>
            <ns3:hr>137</ns3:hr>
            <ns3:cad>86</ns3:cad>
          </ns3:TrackPointExtension>
        </extensions>
      </trkpt>
      <trkpt lat="39.93900242261588573455810546875" lon="116.3893651776015758514404296875">
        <ele>53.59999847412109375</ele>
        <time>2026-09-08T23:32:27.000Z</time>
        <extensions>
          <ns3:TrackPointExtension>
            <ns3:atemp>24.0</ns3:atemp>
            <ns3:hr>128</ns3:hr>
            <ns3:cad>0</ns3:cad>
          </ns3:TrackPointExtension>
        </extensions>
      </trkpt>
      <trkpt lat="39.93898951448500156402587890625" lon="116.38934430666267871856689453125">
        <ele>53.59999847412109375</ele>
        <time>2026-09-08T23:32:28.000Z</time>
        <extensions>
          <ns3:TrackPointExtension>
            <ns3:atemp>24.0</ns3:atemp>
            <ns3:hr>129</ns3:hr>
            <ns3:cad>0</ns3:cad>
          </ns3:TrackPointExtension>
        </extensions>
      </trkpt>
      <trkpt lat="39.93897803127765655517578125" lon="116.3893236033618450164794921875">
        <ele>53.59999847412109375</ele>
        <time>2026-09-08T23:32:29.000Z</time>
        <extensions>
          <ns3:TrackPointExtension>
            <ns3:atemp>24.0</ns3:atemp>
            <ns3:hr>128</ns3:hr>
            <ns3:cad>0</ns3:cad>
          </ns3:TrackPointExtension>
        </extensions>
      </trkpt>
      <trkpt lat="39.938965626060962677001953125" lon="116.3893085159361362457275390625">
        <ele>53.59999847412109375</ele>
        <time>2026-09-08T23:32:30.000Z</time>
        <extensions>
          <ns3:TrackPointExtension>
            <ns3:atemp>24.0</ns3:atemp>
            <ns3:hr>128</ns3:hr>
            <ns3:cad>0</ns3:cad>
          </ns3:TrackPointExtension>
        </extensions>
      </trkpt>
      <trkpt lat="39.93895095773041248321533203125" lon="116.38930968940258026123046875">
        <ele>53.59999847412109375</ele>
        <time>2026-09-08T23:32:31.000Z</time>
        <extensions>
          <ns3:TrackPointExtension>
            <ns3:atemp>24.0</ns3:atemp>
            <ns3:hr>128</ns3:hr>
            <ns3:cad>0</ns3:cad>
          </ns3:TrackPointExtension>
        </extensions>
      </trkpt>
      <trkpt lat="39.93893469683825969696044921875" lon="116.38931279070675373077392578125">
        <ele>53.59999847412109375</ele>
        <time>2026-09-08T23:32:32.000Z</time>
        <extensions>
          <ns3:TrackPointExtension>
            <ns3:atemp>24.0</ns3:atemp>
            <ns3:hr>128</ns3:hr>
            <ns3:cad>0</ns3:cad>
          </ns3:TrackPointExtension>
        </extensions>
      </trkpt>
      <trkpt lat="39.93892514146864414215087890625" lon="116.38931195251643657684326171875">
        <ele>53.799999237060546875</ele>
        <time>2026-09-08T23:32:33.000Z</time>
        <extensions>
          <ns3:TrackPointExtension>
            <ns3:atemp>24.0</ns3:atemp>
            <ns3:hr>127</ns3:hr>
            <ns3:cad>0</ns3:cad>
          </ns3:TrackPointExtension>
        </extensions>
      </trkpt>
      <trkpt lat="39.93891357444226741790771484375" lon="116.38930298388004302978515625">
        <ele>53.799999237060546875</ele>
        <time>2026-09-08T23:32:34.000Z</time>
        <extensions>
          <ns3:TrackPointExtension>
            <ns3:atemp>24.0</ns3:atemp>
            <ns3:hr>127</ns3:hr>
            <ns3:cad>0</ns3:cad>
          </ns3:TrackPointExtension>
        </extensions>
      </trkpt>
      <trkpt lat="39.9389118142426013946533203125" lon="116.38930055312812328338623046875">
        <ele>53.799999237060546875</ele>
        <time>2026-09-08T23:32:35.000Z</time>
        <extensions>
          <ns3:TrackPointExtension>
            <ns3:atemp>24.0</ns3:atemp>
            <ns3:hr>126</ns3:hr>
            <ns3:cad>0</ns3:cad>
          </ns3:TrackPointExtension>
        </extensions>
      </trkpt>
      <trkpt lat="39.93891206569969654083251953125" lon="116.38928613625466823577880859375">
        <ele>53.59999847412109375</ele>
        <time>2026-09-08T23:32:36.000Z</time>
        <extensions>
          <ns3:TrackPointExtension>
            <ns3:atemp>24.0</ns3:atemp>
            <ns3:hr>126</ns3:hr>
            <ns3:cad>0</ns3:cad>
          </ns3:TrackPointExtension>
        </extensions>
      </trkpt>
      <trkpt lat="39.9389118142426013946533203125" lon="116.38927155174314975738525390625">
        <ele>53.59999847412109375</ele>
        <time>2026-09-08T23:32:37.000Z</time>
        <extensions>
          <ns3:TrackPointExtension>
            <ns3:atemp>24.0</ns3:atemp>
            <ns3:hr>125</ns3:hr>
            <ns3:cad>73</ns3:cad>
          </ns3:TrackPointExtension>
        </extensions>
      </trkpt>
      <trkpt lat="39.9389104731380939483642578125" lon="116.3892485015094280242919921875">
        <ele>53.799999237060546875</ele>
        <time>2026-09-08T23:32:38.000Z</time>
        <extensions>
          <ns3:TrackPointExtension>
            <ns3:atemp>24.0</ns3:atemp>
            <ns3:hr>124</ns3:hr>
            <ns3:cad>0</ns3:cad>
          </ns3:TrackPointExtension>
        </extensions>
      </trkpt>
      <trkpt lat="39.9389054439961910247802734375" lon="116.3892310671508312225341796875">
        <ele>53.59999847412109375</ele>
        <time>2026-09-08T23:32:39.000Z</time>
        <extensions>
          <ns3:TrackPointExtension>
            <ns3:atemp>24.0</ns3:atemp>
            <ns3:hr>125</ns3:hr>
            <ns3:cad>0</ns3:cad>
          </ns3:TrackPointExtension>
        </extensions>
      </trkpt>
      <trkpt lat="39.938896559178829193115234375" lon="116.38922863639891147613525390625">
        <ele>53.59999847412109375</ele>
        <time>2026-09-08T23:32:40.000Z</time>
        <extensions>
          <ns3:TrackPointExtension>
            <ns3:atemp>24.0</ns3:atemp>
            <ns3:hr>125</ns3:hr>
            <ns3:cad>0</ns3:cad>
          </ns3:TrackPointExtension>
        </extensions>
      </trkpt>
      <trkpt lat="39.9388848245143890380859375" lon="116.3892411254346370697021484375">
        <ele>53.59999847412109375</ele>
        <time>2026-09-08T23:32:41.000Z</time>
        <extensions>
          <ns3:TrackPointExtension>
            <ns3:atemp>24.0</ns3:atemp>
            <ns3:hr>124</ns3:hr>
            <ns3:cad>0</ns3:cad>
          </ns3:TrackPointExtension>
        </extensions>
      </trkpt>
      <trkpt lat="39.93887552060186862945556640625" lon="116.3892585597932338714599609375">
        <ele>53.59999847412109375</ele>
        <time>2026-09-08T23:32:42.000Z</time>
        <extensions>
          <ns3:TrackPointExtension>
            <ns3:atemp>24.0</ns3:atemp>
            <ns3:hr>124</ns3:hr>
            <ns3:cad>0</ns3:cad>
          </ns3:TrackPointExtension>
        </extensions>
      </trkpt>
      <trkpt lat="39.9388631992042064666748046875" lon="116.38927909545600414276123046875">
        <ele>53.40000152587890625</ele>
        <time>2026-09-08T23:32:43.000Z</time>
        <extensions>
          <ns3:TrackPointExtension>
            <ns3:atemp>24.0</ns3:atemp>
            <ns3:hr>124</ns3:hr>
            <ns3:cad>83</ns3:cad>
          </ns3:TrackPointExtension>
        </extensions>
      </trkpt>
      <trkpt lat="39.9388521350920200347900390625" lon="116.3892974518239498138427734375">
        <ele>53.59999847412109375</ele>
        <time>2026-09-08T23:32:44.000Z</time>
        <extensions>
          <ns3:TrackPointExtension>
            <ns3:atemp>24.0</ns3:atemp>
            <ns3:hr>123</ns3:hr>
            <ns3:cad>83</ns3:cad>
          </ns3:TrackPointExtension>
        </extensions>
      </trkpt>
      <trkpt lat="39.9388310126960277557373046875" lon="116.38932620175182819366455078125">
        <ele>53.59999847412109375</ele>
        <time>2026-09-08T23:32:45.000Z</time>
        <extensions>
          <ns3:TrackPointExtension>
            <ns3:atemp>24.0</ns3:atemp>
            <ns3:hr>123</ns3:hr>
            <ns3:cad>83</ns3:cad>
          </ns3:TrackPointExtension>
        </extensions>
      </trkpt>
      <trkpt lat="39.93881902657449245452880859375" lon="116.38934397138655185699462890625">
        <ele>53.59999847412109375</ele>
        <time>2026-09-08T23:32:46.000Z</time>
        <extensions>
          <ns3:TrackPointExtension>
            <ns3:atemp>24.0</ns3:atemp>
            <ns3:hr>123</ns3:hr>
            <ns3:cad>86</ns3:cad>
          </ns3:TrackPointExtension>
        </extensions>
      </trkpt>
      <trkpt lat="39.938806705176830291748046875" lon="116.38936375267803668975830078125">
        <ele>53.40000152587890625</ele>
        <time>2026-09-08T23:32:47.000Z</time>
        <extensions>
          <ns3:TrackPointExtension>
            <ns3:atemp>24.0</ns3:atemp>
            <ns3:hr>122</ns3:hr>
            <ns3:cad>86</ns3:cad>
          </ns3:TrackPointExtension>
        </extensions>
      </trkpt>
      <trkpt lat="39.93879069574177265167236328125" lon="116.38938638381659984588623046875">
        <ele>53.40000152587890625</ele>
        <time>2026-09-08T23:32:48.000Z</time>
        <extensions>
          <ns3:TrackPointExtension>
            <ns3:atemp>24.0</ns3:atemp>
            <ns3:hr>122</ns3:hr>
            <ns3:cad>86</ns3:cad>
          </ns3:TrackPointExtension>
        </extensions>
      </trkpt>
      <trkpt lat="39.93877342902123928070068359375" lon="116.389411948621273040771484375">
        <ele>53.40000152587890625</ele>
        <time>2026-09-08T23:32:49.000Z</time>
        <extensions>
          <ns3:TrackPointExtension>
            <ns3:atemp>24.0</ns3:atemp>
            <ns3:hr>122</ns3:hr>
            <ns3:cad>87</ns3:cad>
          </ns3:TrackPointExtension>
        </extensions>
      </trkpt>
      <trkpt lat="39.93875750340521335601806640625" lon="116.38944019563496112823486328125">
        <ele>53.40000152587890625</ele>
        <time>2026-09-08T23:32:50.000Z</time>
        <extensions>
          <ns3:TrackPointExtension>
            <ns3:atemp>24.0</ns3:atemp>
            <ns3:hr>120</ns3:hr>
            <ns3:cad>87</ns3:cad>
          </ns3:TrackPointExtension>
        </extensions>
      </trkpt>
      <trkpt lat="39.9387411586940288543701171875" lon="116.38947472907602787017822265625">
        <ele>53.40000152587890625</ele>
        <time>2026-09-08T23:32:51.000Z</time>
        <extensions>
          <ns3:TrackPointExtension>
            <ns3:atemp>24.0</ns3:atemp>
            <ns3:hr>117</ns3:hr>
            <ns3:cad>87</ns3:cad>
          </ns3:TrackPointExtension>
        </extensions>
      </trkpt>
      <trkpt lat="39.9387247301638126373291015625" lon="116.3895039819180965423583984375">
        <ele>53.59999847412109375</ele>
        <time>2026-09-08T23:32:52.000Z</time>
        <extensions>
          <ns3:TrackPointExtension>
            <ns3:atemp>24.0</ns3:atemp>
            <ns3:hr>116</ns3:hr>
            <ns3:cad>87</ns3:cad>
          </ns3:TrackPointExtension>
        </extensions>
      </trkpt>
      <trkpt lat="39.93870981037616729736328125" lon="116.38952736742794513702392578125">
        <ele>53.59999847412109375</ele>
        <time>2026-09-08T23:32:53.000Z</time>
        <extensions>
          <ns3:TrackPointExtension>
            <ns3:atemp>24.0</ns3:atemp>
            <ns3:hr>116</ns3:hr>
            <ns3:cad>87</ns3:cad>
          </ns3:TrackPointExtension>
        </extensions>
      </trkpt>
      <trkpt lat="39.93868676014244556427001953125" lon="116.38954966329038143157958984375">
        <ele>53.59999847412109375</ele>
        <time>2026-09-08T23:32:54.000Z</time>
        <extensions>
          <ns3:TrackPointExtension>
            <ns3:atemp>24.0</ns3:atemp>
            <ns3:hr>117</ns3:hr>
            <ns3:cad>87</ns3:cad>
          </ns3:TrackPointExtension>
        </extensions>
      </trkpt>
      <trkpt lat="39.93866815231740474700927734375" lon="116.389566846191883087158203125">
        <ele>53.59999847412109375</ele>
        <time>2026-09-08T23:32:55.000Z</time>
        <extensions>
          <ns3:TrackPointExtension>
            <ns3:atemp>24.0</ns3:atemp>
            <ns3:hr>117</ns3:hr>
            <ns3:cad>87</ns3:cad>
          </ns3:TrackPointExtension>
        </extensions>
      </trkpt>
      <trkpt lat="39.938645102083683013916015625" lon="116.38958587311208248138427734375">
        <ele>53.799999237060546875</ele>
        <time>2026-09-08T23:32:56.000Z</time>
        <extensions>
          <ns3:TrackPointExtension>
            <ns3:atemp>24.0</ns3:atemp>
            <ns3:hr>117</ns3:hr>
            <ns3:cad>87</ns3:cad>
          </ns3:TrackPointExtension>
        </extensions>
      </trkpt>
      <trkpt lat="39.938622973859310150146484375" lon="116.38959844596683979034423828125">
        <ele>53.799999237060546875</ele>
        <time>2026-09-08T23:32:57.000Z</time>
        <extensions>
          <ns3:TrackPointExtension>
            <ns3:atemp>24.0</ns3:atemp>
            <ns3:hr>117</ns3:hr>
            <ns3:cad>88</ns3:cad>
          </ns3:TrackPointExtension>
        </extensions>
      </trkpt>
      <trkpt lat="39.93859271518886089324951171875" lon="116.38960607349872589111328125">
        <ele>53.799999237060546875</ele>
        <time>2026-09-08T23:32:58.000Z</time>
        <extensions>
          <ns3:TrackPointExtension>
            <ns3:atemp>24.0</ns3:atemp>
            <ns3:hr>117</ns3:hr>
            <ns3:cad>87</ns3:cad>
          </ns3:TrackPointExtension>
        </extensions>
      </trkpt>
      <trkpt lat="39.9385728500783443450927734375" lon="116.38961613178253173828125">
        <ele>53.799999237060546875</ele>
        <time>2026-09-08T23:32:59.000Z</time>
        <extensions>
          <ns3:TrackPointExtension>
            <ns3:atemp>24.0</ns3:atemp>
            <ns3:hr>116</ns3:hr>
            <ns3:cad>88</ns3:cad>
          </ns3:TrackPointExtension>
        </extensions>
      </trkpt>
      <trkpt lat="39.938547872006893157958984375" lon="116.389615796506404876708984375">
        <ele>54</ele>
        <time>2026-09-08T23:33:00.000Z</time>
        <extensions>
          <ns3:TrackPointExtension>
            <ns3:atemp>24.0</ns3:atemp>
            <ns3:hr>116</ns3:hr>
            <ns3:cad>88</ns3:cad>
          </ns3:TrackPointExtension>
        </extensions>
      </trkpt>
      <trkpt lat="39.93852599523961544036865234375" lon="116.38961805962026119232177734375">
        <ele>54</ele>
        <time>2026-09-08T23:33:01.000Z</time>
        <extensions>
          <ns3:TrackPointExtension>
            <ns3:atemp>24.0</ns3:atemp>
            <ns3:hr>117</ns3:hr>
            <ns3:cad>88</ns3:cad>
          </ns3:TrackPointExtension>
        </extensions>
      </trkpt>
      <trkpt lat="39.93849883787333965301513671875" lon="116.38961554504930973052978515625">
        <ele>54</ele>
        <time>2026-09-08T23:33:02.000Z</time>
        <extensions>
          <ns3:TrackPointExtension>
            <ns3:atemp>24.0</ns3:atemp>
            <ns3:hr>117</ns3:hr>
            <ns3:cad>88</ns3:cad>
          </ns3:TrackPointExtension>
        </extensions>
      </trkpt>
      <trkpt lat="39.93847687728703022003173828125" lon="116.38961520977318286895751953125">
        <ele>54.200000762939453125</ele>
        <time>2026-09-08T23:33:03.000Z</time>
        <extensions>
          <ns3:TrackPointExtension>
            <ns3:atemp>24.0</ns3:atemp>
            <ns3:hr>119</ns3:hr>
            <ns3:cad>88</ns3:cad>
          </ns3:TrackPointExtension>
        </extensions>
      </trkpt>
      <trkpt lat="39.938454665243625640869140625" lon="116.389611102640628814697265625">
        <ele>54.200000762939453125</ele>
        <time>2026-09-08T23:33:04.000Z</time>
        <extensions>
          <ns3:TrackPointExtension>
            <ns3:atemp>24.0</ns3:atemp>
            <ns3:hr>121</ns3:hr>
            <ns3:cad>88</ns3:cad>
          </ns3:TrackPointExtension>
        </extensions>
      </trkpt>
      <trkpt lat="39.93843178264796733856201171875" lon="116.389609761536121368408203125">
        <ele>54.200000762939453125</ele>
        <time>2026-09-08T23:33:05.000Z</time>
        <extensions>
          <ns3:TrackPointExtension>
            <ns3:atemp>24.0</ns3:atemp>
            <ns3:hr>122</ns3:hr>
            <ns3:cad>88</ns3:cad>
          </ns3:TrackPointExtension>
        </extensions>
      </trkpt>
      <trkpt lat="39.9384073913097381591796875" lon="116.3896132819354534149169921875">
        <ele>54.200000762939453125</ele>
        <time>2026-09-08T23:33:06.000Z</time>
        <extensions>
          <ns3:TrackPointExtension>
            <ns3:atemp>24.0</ns3:atemp>
            <ns3:hr>123</ns3:hr>
            <ns3:cad>88</ns3:cad>
          </ns3:TrackPointExtension>
        </extensions>
      </trkpt>
      <trkpt lat="39.93838786147534847259521484375" lon="116.3896092586219310760498046875">
        <ele>54.200000762939453125</ele>
        <time>2026-09-08T23:33:07.000Z</time>
        <extensions>
          <ns3:TrackPointExtension>
            <ns3:atemp>24.0</ns3:atemp>
            <ns3:hr>123</ns3:hr>
            <ns3:cad>88</ns3:cad>
          </ns3:TrackPointExtension>
        </extensions>
      </trkpt>
      <trkpt lat="39.93836305104196071624755859375" lon="116.389608085155487060546875">
        <ele>54.40000152587890625</ele>
        <time>2026-09-08T23:33:08.000Z</time>
        <extensions>
          <ns3:TrackPointExtension>
            <ns3:atemp>24.0</ns3:atemp>
            <ns3:hr>123</ns3:hr>
            <ns3:cad>88</ns3:cad>
          </ns3:TrackPointExtension>
        </extensions>
      </trkpt>
      <trkpt lat="39.93833832442760467529296875" lon="116.38960582204163074493408203125">
        <ele>54.40000152587890625</ele>
        <time>2026-09-08T23:33:09.000Z</time>
        <extensions>
          <ns3:TrackPointExtension>
            <ns3:atemp>24.0</ns3:atemp>
            <ns3:hr>123</ns3:hr>
            <ns3:cad>88</ns3:cad>
          </ns3:TrackPointExtension>
        </extensions>
      </trkpt>
      <trkpt lat="39.93831644766032695770263671875" lon="116.38960297219455242156982421875">
        <ele>54.40000152587890625</ele>
        <time>2026-09-08T23:33:10.000Z</time>
        <extensions>
          <ns3:TrackPointExtension>
            <ns3:atemp>24.0</ns3:atemp>
            <ns3:hr>123</ns3:hr>
            <ns3:cad>87</ns3:cad>
          </ns3:TrackPointExtension>
        </extensions>
      </trkpt>
      <trkpt lat="39.9382915534079074859619140625" lon="116.3896000385284423828125">
        <ele>54.200000762939453125</ele>
        <time>2026-09-08T23:33:11.000Z</time>
        <extensions>
          <ns3:TrackPointExtension>
            <ns3:atemp>24.0</ns3:atemp>
            <ns3:hr>124</ns3:hr>
            <ns3:cad>88</ns3:cad>
          </ns3:TrackPointExtension>
        </extensions>
      </trkpt>
      <trkpt lat="39.9382680840790271759033203125" lon="116.389595679938793182373046875">
        <ele>54.200000762939453125</ele>
        <time>2026-09-08T23:33:12.000Z</time>
        <extensions>
          <ns3:TrackPointExtension>
            <ns3:atemp>24.0</ns3:atemp>
            <ns3:hr>123</ns3:hr>
            <ns3:cad>88</ns3:cad>
          </ns3:TrackPointExtension>
        </extensions>
      </trkpt>
      <trkpt lat="39.938244782388210296630859375" lon="116.38960070908069610595703125">
        <ele>54.200000762939453125</ele>
        <time>2026-09-08T23:33:13.000Z</time>
        <extensions>
          <ns3:TrackPointExtension>
            <ns3:atemp>24.0</ns3:atemp>
            <ns3:hr>123</ns3:hr>
            <ns3:cad>88</ns3:cad>
          </ns3:TrackPointExtension>
        </extensions>
      </trkpt>
      <trkpt lat="39.93822089396417140960693359375" lon="116.38960649259388446807861328125">
        <ele>54.40000152587890625</ele>
        <time>2026-09-08T23:33:14.000Z</time>
        <extensions>
          <ns3:TrackPointExtension>
            <ns3:atemp>24.0</ns3:atemp>
            <ns3:hr>124</ns3:hr>
            <ns3:cad>88</ns3:cad>
          </ns3:TrackPointExtension>
        </extensions>
      </trkpt>
      <trkpt lat="39.93819482624530792236328125" lon="116.3896082527935504913330078125">
        <ele>54.40000152587890625</ele>
        <time>2026-09-08T23:33:15.000Z</time>
        <extensions>
          <ns3:TrackPointExtension>
            <ns3:atemp>24.0</ns3:atemp>
            <ns3:hr>124</ns3:hr>
            <ns3:cad>88</ns3:cad>
          </ns3:TrackPointExtension>
        </extensions>
      </trkpt>
      <trkpt lat="39.93817043490707874298095703125" lon="116.389609090983867645263671875">
        <ele>54.40000152587890625</ele>
        <time>2026-09-08T23:33:16.000Z</time>
        <extensions>
          <ns3:TrackPointExtension>
            <ns3:atemp>24.0</ns3:atemp>
            <ns3:hr>125</ns3:hr>
            <ns3:cad>88</ns3:cad>
          </ns3:TrackPointExtension>
        </extensions>
      </trkpt>
      <trkpt lat="39.938144199550151824951171875" lon="116.38961118645966053009033203125">
        <ele>54.40000152587890625</ele>
        <time>2026-09-08T23:33:17.000Z</time>
        <extensions>
          <ns3:TrackPointExtension>
            <ns3:atemp>24.0</ns3:atemp>
            <ns3:hr>125</ns3:hr>
            <ns3:cad>87</ns3:cad>
          </ns3:TrackPointExtension>
        </extensions>
      </trkpt>
      <trkpt lat="39.938120059669017791748046875" lon="116.38961822725832462310791015625">
        <ele>54.40000152587890625</ele>
        <time>2026-09-08T23:33:18.000Z</time>
        <extensions>
          <ns3:TrackPointExtension>
            <ns3:atemp>24.0</ns3:atemp>
            <ns3:hr>125</ns3:hr>
            <ns3:cad>87</ns3:cad>
          </ns3:TrackPointExtension>
        </extensions>
      </trkpt>
      <trkpt lat="39.9380927346646785736083984375" lon="116.389621160924434661865234375">
        <ele>54.40000152587890625</ele>
        <time>2026-09-08T23:33:19.000Z</time>
        <extensions>
          <ns3:TrackPointExtension>
            <ns3:atemp>24.0</ns3:atemp>
            <ns3:hr>125</ns3:hr>
            <ns3:cad>87</ns3:cad>
          </ns3:TrackPointExtension>
        </extensions>
      </trkpt>
      <trkpt lat="39.93807010352611541748046875" lon="116.38962191529572010040283203125">
        <ele>54.40000152587890625</ele>
        <time>2026-09-08T23:33:20.000Z</time>
        <extensions>
          <ns3:TrackPointExtension>
            <ns3:atemp>24.0</ns3:atemp>
            <ns3:hr>125</ns3:hr>
            <ns3:cad>88</ns3:cad>
          </ns3:TrackPointExtension>
        </extensions>
      </trkpt>
      <trkpt lat="39.93804621510207653045654296875" lon="116.389629207551479339599609375">
        <ele>54.40000152587890625</ele>
        <time>2026-09-08T23:33:21.000Z</time>
        <extensions>
          <ns3:TrackPointExtension>
            <ns3:atemp>24.0</ns3:atemp>
            <ns3:hr>126</ns3:hr>
            <ns3:cad>88</ns3:cad>
          </ns3:TrackPointExtension>
        </extensions>
      </trkpt>
      <trkpt lat="39.93802224285900592803955078125" lon="116.38962660916149616241455078125">
        <ele>54.40000152587890625</ele>
        <time>2026-09-08T23:33:22.000Z</time>
        <extensions>
          <ns3:TrackPointExtension>
            <ns3:atemp>24.0</ns3:atemp>
            <ns3:hr>126</ns3:hr>
            <ns3:cad>89</ns3:cad>
          </ns3:TrackPointExtension>
        </extensions>
      </trkpt>
      <trkpt lat="39.93800849653780460357666015625" lon="116.38962795026600360870361328125">
        <ele>54.40000152587890625</ele>
        <time>2026-09-08T23:33:23.000Z</time>
        <extensions>
          <ns3:TrackPointExtension>
            <ns3:atemp>24.0</ns3:atemp>
            <ns3:hr>126</ns3:hr>
            <ns3:cad>88</ns3:cad>
          </ns3:TrackPointExtension>
        </extensions>
      </trkpt>
      <trkpt lat="39.93798905052244663238525390625" lon="116.3896303810179233551025390625">
        <ele>54.40000152587890625</ele>
        <time>2026-09-08T23:33:24.000Z</time>
        <extensions>
          <ns3:TrackPointExtension>
            <ns3:atemp>24.0</ns3:atemp>
            <ns3:hr>126</ns3:hr>
            <ns3:cad>88</ns3:cad>
          </ns3:TrackPointExtension>
        </extensions>
      </trkpt>
      <trkpt lat="39.93796541355550289154052734375" lon="116.3896313868463039398193359375">
        <ele>54.40000152587890625</ele>
        <time>2026-09-08T23:33:25.000Z</time>
        <extensions>
          <ns3:TrackPointExtension>
            <ns3:atemp>24.0</ns3:atemp>
            <ns3:hr>126</ns3:hr>
            <ns3:cad>86</ns3:cad>
          </ns3:TrackPointExtension>
        </extensions>
      </trkpt>
      <trkpt lat="39.93794714100658893585205078125" lon="116.38963448815047740936279296875">
        <ele>54.40000152587890625</ele>
        <time>2026-09-08T23:33:26.000Z</time>
        <extensions>
          <ns3:TrackPointExtension>
            <ns3:atemp>24.0</ns3:atemp>
            <ns3:hr>126</ns3:hr>
            <ns3:cad>86</ns3:cad>
          </ns3:TrackPointExtension>
        </extensions>
      </trkpt>
      <trkpt lat="39.93793423287570476531982421875" lon="116.38961546123027801513671875">
        <ele>54.40000152587890625</ele>
        <time>2026-09-08T23:33:27.000Z</time>
        <extensions>
          <ns3:TrackPointExtension>
            <ns3:atemp>24.0</ns3:atemp>
            <ns3:hr>126</ns3:hr>
            <ns3:cad>86</ns3:cad>
          </ns3:TrackPointExtension>
        </extensions>
      </trkpt>
      <trkpt lat="39.93792132474482059478759765625" lon="116.38959241099655628204345703125">
        <ele>54.200000762939453125</ele>
        <time>2026-09-08T23:33:28.000Z</time>
        <extensions>
          <ns3:TrackPointExtension>
            <ns3:atemp>24.0</ns3:atemp>
            <ns3:hr>125</ns3:hr>
            <ns3:cad>84</ns3:cad>
          </ns3:TrackPointExtension>
        </extensions>
      </trkpt>
      <trkpt lat="39.93791453540325164794921875" lon="116.389567516744136810302734375">
        <ele>54.200000762939453125</ele>
        <time>2026-09-08T23:33:29.000Z</time>
        <extensions>
          <ns3:TrackPointExtension>
            <ns3:atemp>24.0</ns3:atemp>
            <ns3:hr>124</ns3:hr>
            <ns3:cad>84</ns3:cad>
          </ns3:TrackPointExtension>
        </extensions>
      </trkpt>
      <trkpt lat="39.93791059590876102447509765625" lon="116.38954463414847850799560546875">
        <ele>54.200000762939453125</ele>
        <time>2026-09-08T23:33:30.000Z</time>
        <extensions>
          <ns3:TrackPointExtension>
            <ns3:atemp>24.0</ns3:atemp>
            <ns3:hr>124</ns3:hr>
            <ns3:cad>84</ns3:cad>
          </ns3:TrackPointExtension>
        </extensions>
      </trkpt>
      <trkpt lat="39.93790858425199985504150390625" lon="116.38951781205832958221435546875">
        <ele>54.200000762939453125</ele>
        <time>2026-09-08T23:33:31.000Z</time>
        <extensions>
          <ns3:TrackPointExtension>
            <ns3:atemp>24.0</ns3:atemp>
            <ns3:hr>124</ns3:hr>
            <ns3:cad>84</ns3:cad>
          </ns3:TrackPointExtension>
        </extensions>
      </trkpt>
      <trkpt lat="39.93790489621460437774658203125" lon="116.38949233107268810272216796875">
        <ele>54.40000152587890625</ele>
        <time>2026-09-08T23:33:32.000Z</time>
        <extensions>
          <ns3:TrackPointExtension>
            <ns3:atemp>24.0</ns3:atemp>
            <ns3:hr>125</ns3:hr>
            <ns3:cad>85</ns3:cad>
          </ns3:TrackPointExtension>
        </extensions>
      </trkpt>
      <trkpt lat="39.9379046447575092315673828125" lon="116.3894538581371307373046875">
        <ele>54.40000152587890625</ele>
        <time>2026-09-08T23:33:33.000Z</time>
        <extensions>
          <ns3:TrackPointExtension>
            <ns3:atemp>23.0</ns3:atemp>
            <ns3:hr>125</ns3:hr>
            <ns3:cad>85</ns3:cad>
          </ns3:TrackPointExtension>
        </extensions>
      </trkpt>
      <trkpt lat="39.93790238164365291595458984375" lon="116.38942234218120574951171875">
        <ele>54.40000152587890625</ele>
        <time>2026-09-08T23:33:34.000Z</time>
        <extensions>
          <ns3:TrackPointExtension>
            <ns3:atemp>23.0</ns3:atemp>
            <ns3:hr>125</ns3:hr>
            <ns3:cad>85</ns3:cad>
          </ns3:TrackPointExtension>
        </extensions>
      </trkpt>
      <trkpt lat="39.9379002861678600311279296875" lon="116.38938521035015583038330078125">
        <ele>54.40000152587890625</ele>
        <time>2026-09-08T23:33:35.000Z</time>
        <extensions>
          <ns3:TrackPointExtension>
            <ns3:atemp>24.0</ns3:atemp>
            <ns3:hr>125</ns3:hr>
            <ns3:cad>87</ns3:cad>
          </ns3:TrackPointExtension>
        </extensions>
      </trkpt>
      <trkpt lat="39.93789819069206714630126953125" lon="116.3893572986125946044921875">
        <ele>54.40000152587890625</ele>
        <time>2026-09-08T23:33:36.000Z</time>
        <extensions>
          <ns3:TrackPointExtension>
            <ns3:atemp>24.0</ns3:atemp>
            <ns3:hr>126</ns3:hr>
            <ns3:cad>88</ns3:cad>
          </ns3:TrackPointExtension>
        </extensions>
      </trkpt>
      <trkpt lat="39.93789684958755970001220703125" lon="116.3893225975334644317626953125">
        <ele>54.40000152587890625</ele>
        <time>2026-09-08T23:33:37.000Z</time>
        <extensions>
          <ns3:TrackPointExtension>
            <ns3:atemp>24.0</ns3:atemp>
            <ns3:hr>126</ns3:hr>
            <ns3:cad>88</ns3:cad>
          </ns3:TrackPointExtension>
        </extensions>
      </trkpt>
      <trkpt lat="39.9378915689885616302490234375" lon="116.389296613633632659912109375">
        <ele>54.59999847412109375</ele>
        <time>2026-09-08T23:33:38.000Z</time>
        <extensions>
          <ns3:TrackPointExtension>
            <ns3:atemp>23.0</ns3:atemp>
            <ns3:hr>127</ns3:hr>
            <ns3:cad>88</ns3:cad>
          </ns3:TrackPointExtension>
        </extensions>
      </trkpt>
      <trkpt lat="39.9378868751227855682373046875" lon="116.38926350511610507965087890625">
        <ele>54.59999847412109375</ele>
        <time>2026-09-08T23:33:39.000Z</time>
        <extensions>
          <ns3:TrackPointExtension>
            <ns3:atemp>23.0</ns3:atemp>
            <ns3:hr>128</ns3:hr>
            <ns3:cad>89</ns3:cad>
          </ns3:TrackPointExtension>
        </extensions>
      </trkpt>
      <trkpt lat="39.93787723593413829803466796875" lon="116.389232575893402099609375">
        <ele>54.40000152587890625</ele>
        <time>2026-09-08T23:33:40.000Z</time>
        <extensions>
          <ns3:TrackPointExtension>
            <ns3:atemp>23.0</ns3:atemp>
            <ns3:hr>128</ns3:hr>
            <ns3:cad>89</ns3:cad>
          </ns3:TrackPointExtension>
        </extensions>
      </trkpt>
      <trkpt lat="39.9378691054880619049072265625" lon="116.38920365832746028900146484375">
        <ele>54.59999847412109375</ele>
        <time>2026-09-08T23:33:41.000Z</time>
        <extensions>
          <ns3:TrackPointExtension>
            <ns3:atemp>24.0</ns3:atemp>
            <ns3:hr>128</ns3:hr>
            <ns3:cad>88</ns3:cad>
          </ns3:TrackPointExtension>
        </extensions>
      </trkpt>
      <trkpt lat="39.9378602206707000732421875" lon="116.3891750760376453399658203125">
        <ele>54.59999847412109375</ele>
        <time>2026-09-08T23:33:42.000Z</time>
        <extensions>
          <ns3:TrackPointExtension>
            <ns3:atemp>23.0</ns3:atemp>
            <ns3:hr>129</ns3:hr>
            <ns3:cad>88</ns3:cad>
          </ns3:TrackPointExtension>
        </extensions>
      </trkpt>
      <trkpt lat="39.9378548562526702880859375" lon="116.3891529478132724761962890625">
        <ele>54.59999847412109375</ele>
        <time>2026-09-08T23:33:43.000Z</time>
        <extensions>
          <ns3:TrackPointExtension>
            <ns3:atemp>23.0</ns3:atemp>
            <ns3:hr>129</ns3:hr>
            <ns3:cad>88</ns3:cad>
          </ns3:TrackPointExtension>
        </extensions>
      </trkpt>
      <trkpt lat="39.9378441274166107177734375" lon="116.38912084512412548065185546875">
        <ele>54.59999847412109375</ele>
        <time>2026-09-08T23:33:44.000Z</time>
        <extensions>
          <ns3:TrackPointExtension>
            <ns3:atemp>23.0</ns3:atemp>
            <ns3:hr>129</ns3:hr>
            <ns3:cad>87</ns3:cad>
          </ns3:TrackPointExtension>
        </extensions>
      </trkpt>
      <trkpt lat="39.93783750571310520172119140625" lon="116.38910123147070407867431640625">
        <ele>54.59999847412109375</ele>
        <time>2026-09-08T23:33:45.000Z</time>
        <extensions>
          <ns3:TrackPointExtension>
            <ns3:atemp>23.0</ns3:atemp>
            <ns3:hr>129</ns3:hr>
            <ns3:cad>87</ns3:cad>
          </ns3:TrackPointExtension>
        </extensions>
      </trkpt>
      <trkpt lat="39.93782476522028446197509765625" lon="116.38907323591411113739013671875">
        <ele>54.40000152587890625</ele>
        <time>2026-09-08T23:33:46.000Z</time>
        <extensions>
          <ns3:TrackPointExtension>
            <ns3:atemp>23.0</ns3:atemp>
            <ns3:hr>128</ns3:hr>
            <ns3:cad>88</ns3:cad>
          </ns3:TrackPointExtension>
        </extensions>
      </trkpt>
      <trkpt lat="39.9378164671361446380615234375" lon="116.38905328698456287384033203125">
        <ele>54.40000152587890625</ele>
        <time>2026-09-08T23:33:47.000Z</time>
        <extensions>
          <ns3:TrackPointExtension>
            <ns3:atemp>23.0</ns3:atemp>
            <ns3:hr>128</ns3:hr>
            <ns3:cad>88</ns3:cad>
          </ns3:TrackPointExtension>
        </extensions>
      </trkpt>
      <trkpt lat="39.93779920041561126708984375" lon="116.3890201784670352935791015625">
        <ele>54.40000152587890625</ele>
        <time>2026-09-08T23:33:48.000Z</time>
        <extensions>
          <ns3:TrackPointExtension>
            <ns3:atemp>23.0</ns3:atemp>
            <ns3:hr>128</ns3:hr>
            <ns3:cad>88</ns3:cad>
          </ns3:TrackPointExtension>
        </extensions>
      </trkpt>
      <trkpt lat="39.9377883039414882659912109375" lon="116.38899721205234527587890625">
        <ele>54.40000152587890625</ele>
        <time>2026-09-08T23:33:49.000Z</time>
        <extensions>
          <ns3:TrackPointExtension>
            <ns3:atemp>23.0</ns3:atemp>
            <ns3:hr>128</ns3:hr>
            <ns3:cad>89</ns3:cad>
          </ns3:TrackPointExtension>
        </extensions>
      </trkpt>
      <trkpt lat="39.9377728812396526336669921875" lon="116.38895940966904163360595703125">
        <ele>54.40000152587890625</ele>
        <time>2026-09-08T23:33:50.000Z</time>
        <extensions>
          <ns3:TrackPointExtension>
            <ns3:atemp>23.0</ns3:atemp>
            <ns3:hr>129</ns3:hr>
            <ns3:cad>89</ns3:cad>
          </ns3:TrackPointExtension>
        </extensions>
      </trkpt>
      <trkpt lat="39.937763996422290802001953125" lon="116.38893811963498592376708984375">
        <ele>54.200000762939453125</ele>
        <time>2026-09-08T23:33:51.000Z</time>
        <extensions>
          <ns3:TrackPointExtension>
            <ns3:atemp>23.0</ns3:atemp>
            <ns3:hr>129</ns3:hr>
            <ns3:cad>88</ns3:cad>
          </ns3:TrackPointExtension>
        </extensions>
      </trkpt>
      <trkpt lat="39.93774966336786746978759765625" lon="116.38890509493649005889892578125">
        <ele>54</ele>
        <time>2026-09-08T23:33:52.000Z</time>
        <extensions>
          <ns3:TrackPointExtension>
            <ns3:atemp>23.0</ns3:atemp>
            <ns3:hr>130</ns3:hr>
            <ns3:cad>89</ns3:cad>
          </ns3:TrackPointExtension>
        </extensions>
      </trkpt>
      <trkpt lat="39.93773750960826873779296875" lon="116.38888330198824405670166015625">
        <ele>53.799999237060546875</ele>
        <time>2026-09-08T23:33:53.000Z</time>
        <extensions>
          <ns3:TrackPointExtension>
            <ns3:atemp>23.0</ns3:atemp>
            <ns3:hr>131</ns3:hr>
            <ns3:cad>88</ns3:cad>
          </ns3:TrackPointExtension>
        </extensions>
      </trkpt>
      <trkpt lat="39.93772736750543117523193359375" lon="116.3888528756797313690185546875">
        <ele>53.799999237060546875</ele>
        <time>2026-09-08T23:33:54.000Z</time>
        <extensions>
          <ns3:TrackPointExtension>
            <ns3:atemp>23.0</ns3:atemp>
            <ns3:hr>131</ns3:hr>
            <ns3:cad>89</ns3:cad>
          </ns3:TrackPointExtension>
        </extensions>
      </trkpt>
      <trkpt lat="39.93771596811711788177490234375" lon="116.38883292675018310546875">
        <ele>53.59999847412109375</ele>
        <time>2026-09-08T23:33:55.000Z</time>
        <extensions>
          <ns3:TrackPointExtension>
            <ns3:atemp>23.0</ns3:atemp>
            <ns3:hr>131</ns3:hr>
            <ns3:cad>89</ns3:cad>
          </ns3:TrackPointExtension>
        </extensions>
      </trkpt>
      <trkpt lat="39.93770725093781948089599609375" lon="116.3887999020516872406005859375">
        <ele>53.59999847412109375</ele>
        <time>2026-09-08T23:33:56.000Z</time>
        <extensions>
          <ns3:TrackPointExtension>
            <ns3:atemp>23.0</ns3:atemp>
            <ns3:hr>131</ns3:hr>
            <ns3:cad>89</ns3:cad>
          </ns3:TrackPointExtension>
        </extensions>
      </trkpt>
      <trkpt lat="39.93770557455718517303466796875" lon="116.38877266086637973785400390625">
        <ele>53.59999847412109375</ele>
        <time>2026-09-08T23:33:57.000Z</time>
        <extensions>
          <ns3:TrackPointExtension>
            <ns3:atemp>23.0</ns3:atemp>
            <ns3:hr>131</ns3:hr>
            <ns3:cad>88</ns3:cad>
          </ns3:TrackPointExtension>
        </extensions>
      </trkpt>
      <trkpt lat="39.93770289234817028045654296875" lon="116.38873703777790069580078125">
        <ele>53.59999847412109375</ele>
        <time>2026-09-08T23:33:58.000Z</time>
        <extensions>
          <ns3:TrackPointExtension>
            <ns3:atemp>23.0</ns3:atemp>
            <ns3:hr>130</ns3:hr>
            <ns3:cad>88</ns3:cad>
          </ns3:TrackPointExtension>
        </extensions>
      </trkpt>
      <trkpt lat="39.937705658376216888427734375" lon="116.3887060247361660003662109375">
        <ele>53.59999847412109375</ele>
        <time>2026-09-08T23:33:59.000Z</time>
        <extensions>
          <ns3:TrackPointExtension>
            <ns3:atemp>23.0</ns3:atemp>
            <ns3:hr>130</ns3:hr>
            <ns3:cad>89</ns3:cad>
          </ns3:TrackPointExtension>
        </extensions>
      </trkpt>
      <trkpt lat="39.9377041496336460113525390625" lon="116.38867660425603389739990234375">
        <ele>53.59999847412109375</ele>
        <time>2026-09-08T23:34:00.000Z</time>
        <extensions>
          <ns3:TrackPointExtension>
            <ns3:atemp>23.0</ns3:atemp>
            <ns3:hr>130</ns3:hr>
            <ns3:cad>88</ns3:cad>
          </ns3:TrackPointExtension>
        </extensions>
      </trkpt>
      <trkpt lat="39.93770599365234375" lon="116.38864626176655292510986328125">
        <ele>53.59999847412109375</ele>
        <time>2026-09-08T23:34:01.000Z</time>
        <extensions>
          <ns3:TrackPointExtension>
            <ns3:atemp>23.0</ns3:atemp>
            <ns3:hr>130</ns3:hr>
            <ns3:cad>88</ns3:cad>
          </ns3:TrackPointExtension>
        </extensions>
      </trkpt>
      <trkpt lat="39.93770624510943889617919921875" lon="116.38861943967640399932861328125">
        <ele>53.59999847412109375</ele>
        <time>2026-09-08T23:34:02.000Z</time>
        <extensions>
          <ns3:TrackPointExtension>
            <ns3:atemp>23.0</ns3:atemp>
            <ns3:hr>130</ns3:hr>
            <ns3:cad>88</ns3:cad>
          </ns3:TrackPointExtension>
        </extensions>
      </trkpt>
      <trkpt lat="39.93770892731845378875732421875" lon="116.38858390040695667266845703125">
        <ele>53.59999847412109375</ele>
        <time>2026-09-08T23:34:03.000Z</time>
        <extensions>
          <ns3:TrackPointExtension>
            <ns3:atemp>23.0</ns3:atemp>
            <ns3:hr>131</ns3:hr>
            <ns3:cad>88</ns3:cad>
          </ns3:TrackPointExtension>
        </extensions>
      </trkpt>
      <trkpt lat="39.93770842440426349639892578125" lon="116.38855406083166599273681640625">
        <ele>53.59999847412109375</ele>
        <time>2026-09-08T23:34:04.000Z</time>
        <extensions>
          <ns3:TrackPointExtension>
            <ns3:atemp>23.0</ns3:atemp>
            <ns3:hr>130</ns3:hr>
            <ns3:cad>88</ns3:cad>
          </ns3:TrackPointExtension>
        </extensions>
      </trkpt>
      <trkpt lat="39.937714375555515289306640625" lon="116.388512067496776580810546875">
        <ele>53.59999847412109375</ele>
        <time>2026-09-08T23:34:05.000Z</time>
        <extensions>
          <ns3:TrackPointExtension>
            <ns3:atemp>23.0</ns3:atemp>
            <ns3:hr>130</ns3:hr>
            <ns3:cad>88</ns3:cad>
          </ns3:TrackPointExtension>
        </extensions>
      </trkpt>
      <trkpt lat="39.93771797977387905120849609375" lon="116.388485245406627655029296875">
        <ele>53.59999847412109375</ele>
        <time>2026-09-08T23:34:06.000Z</time>
        <extensions>
          <ns3:TrackPointExtension>
            <ns3:atemp>23.0</ns3:atemp>
            <ns3:hr>131</ns3:hr>
            <ns3:cad>88</ns3:cad>
          </ns3:TrackPointExtension>
        </extensions>
      </trkpt>
      <trkpt lat="39.93772451765835285186767578125" lon="116.388448365032672882080078125">
        <ele>53.59999847412109375</ele>
        <time>2026-09-08T23:34:07.000Z</time>
        <extensions>
          <ns3:TrackPointExtension>
            <ns3:atemp>23.0</ns3:atemp>
            <ns3:hr>130</ns3:hr>
            <ns3:cad>87</ns3:cad>
          </ns3:TrackPointExtension>
        </extensions>
      </trkpt>
      <trkpt lat="39.93772619403898715972900390625" lon="116.3884233869612216949462890625">
        <ele>53.40000152587890625</ele>
        <time>2026-09-08T23:34:08.000Z</time>
        <extensions>
          <ns3:TrackPointExtension>
            <ns3:atemp>23.0</ns3:atemp>
            <ns3:hr>130</ns3:hr>
            <ns3:cad>88</ns3:cad>
          </ns3:TrackPointExtension>
        </extensions>
      </trkpt>
      <trkpt lat="39.93773155845701694488525390625" lon="116.3883838243782520294189453125">
        <ele>53.40000152587890625</ele>
        <time>2026-09-08T23:34:09.000Z</time>
        <extensions>
          <ns3:TrackPointExtension>
            <ns3:atemp>23.0</ns3:atemp>
            <ns3:hr>130</ns3:hr>
            <ns3:cad>87</ns3:cad>
          </ns3:TrackPointExtension>
        </extensions>
      </trkpt>
      <trkpt lat="39.93773256428539752960205078125" lon="116.38835842721164226531982421875">
        <ele>53.40000152587890625</ele>
        <time>2026-09-08T23:34:10.000Z</time>
        <extensions>
          <ns3:TrackPointExtension>
            <ns3:atemp>23.0</ns3:atemp>
            <ns3:hr>129</ns3:hr>
            <ns3:cad>87</ns3:cad>
          </ns3:TrackPointExtension>
        </extensions>
      </trkpt>
      <trkpt lat="39.93773608468472957611083984375" lon="116.3883207924664020538330078125">
        <ele>53.40000152587890625</ele>
        <time>2026-09-08T23:34:11.000Z</time>
        <extensions>
          <ns3:TrackPointExtension>
            <ns3:atemp>23.0</ns3:atemp>
            <ns3:hr>129</ns3:hr>
            <ns3:cad>87</ns3:cad>
          </ns3:TrackPointExtension>
        </extensions>
      </trkpt>
      <trkpt lat="39.93773709051311016082763671875" lon="116.38829103671014308929443359375">
        <ele>53.200000762939453125</ele>
        <time>2026-09-08T23:34:12.000Z</time>
        <extensions>
          <ns3:TrackPointExtension>
            <ns3:atemp>23.0</ns3:atemp>
            <ns3:hr>129</ns3:hr>
            <ns3:cad>88</ns3:cad>
          </ns3:TrackPointExtension>
        </extensions>
      </trkpt>
      <trkpt lat="39.9377417005598545074462890625" lon="116.38825968839228153228759765625">
        <ele>53.200000762939453125</ele>
        <time>2026-09-08T23:34:13.000Z</time>
        <extensions>
          <ns3:TrackPointExtension>
            <ns3:atemp>23.0</ns3:atemp>
            <ns3:hr>129</ns3:hr>
            <ns3:cad>88</ns3:cad>
          </ns3:TrackPointExtension>
        </extensions>
      </trkpt>
      <trkpt lat="39.9377463944256305694580078125" lon="116.38823051936924457550048828125">
        <ele>53.200000762939453125</ele>
        <time>2026-09-08T23:34:14.000Z</time>
        <extensions>
          <ns3:TrackPointExtension>
            <ns3:atemp>23.0</ns3:atemp>
            <ns3:hr>129</ns3:hr>
            <ns3:cad>88</ns3:cad>
          </ns3:TrackPointExtension>
        </extensions>
      </trkpt>
      <trkpt lat="39.93775100447237491607666015625" lon="116.388198249042034149169921875">
        <ele>53</ele>
        <time>2026-09-08T23:34:15.000Z</time>
        <extensions>
          <ns3:TrackPointExtension>
            <ns3:atemp>23.0</ns3:atemp>
            <ns3:hr>129</ns3:hr>
            <ns3:cad>88</ns3:cad>
          </ns3:TrackPointExtension>
        </extensions>
      </trkpt>
      <trkpt lat="39.9377567879855632781982421875" lon="116.38816329650580883026123046875">
        <ele>53</ele>
        <time>2026-09-08T23:34:16.000Z</time>
        <extensions>
          <ns3:TrackPointExtension>
            <ns3:atemp>23.0</ns3:atemp>
            <ns3:hr>129</ns3:hr>
            <ns3:cad>88</ns3:cad>
          </ns3:TrackPointExtension>
        </extensions>
      </trkpt>
      <trkpt lat="39.93776257149875164031982421875" lon="116.3881315290927886962890625">
        <ele>53</ele>
        <time>2026-09-08T23:34:17.000Z</time>
        <extensions>
          <ns3:TrackPointExtension>
            <ns3:atemp>23.0</ns3:atemp>
            <ns3:hr>130</ns3:hr>
            <ns3:cad>87</ns3:cad>
          </ns3:TrackPointExtension>
        </extensions>
      </trkpt>
      <trkpt lat="39.9377695284783840179443359375" lon="116.388100348412990570068359375">
        <ele>53</ele>
        <time>2026-09-08T23:34:18.000Z</time>
        <extensions>
          <ns3:TrackPointExtension>
            <ns3:atemp>23.0</ns3:atemp>
            <ns3:hr>129</ns3:hr>
            <ns3:cad>88</ns3:cad>
          </ns3:TrackPointExtension>
        </extensions>
      </trkpt>
      <trkpt lat="39.93777413852512836456298828125" lon="116.38807645998895168304443359375">
        <ele>53</ele>
        <time>2026-09-08T23:34:19.000Z</time>
        <extensions>
          <ns3:TrackPointExtension>
            <ns3:atemp>23.0</ns3:atemp>
            <ns3:hr>129</ns3:hr>
            <ns3:cad>88</ns3:cad>
          </ns3:TrackPointExtension>
        </extensions>
      </trkpt>
      <trkpt lat="39.93778319098055362701416015625" lon="116.3880408369004726409912109375">
        <ele>53</ele>
        <time>2026-09-08T23:34:20.000Z</time>
        <extensions>
          <ns3:TrackPointExtension>
            <ns3:atemp>23.0</ns3:atemp>
            <ns3:hr>130</ns3:hr>
            <ns3:cad>88</ns3:cad>
          </ns3:TrackPointExtension>
        </extensions>
      </trkpt>
      <trkpt lat="39.93778369389474391937255859375" lon="116.38801678083837032318115234375">
        <ele>52.799999237060546875</ele>
        <time>2026-09-08T23:34:21.000Z</time>
        <extensions>
          <ns3:TrackPointExtension>
            <ns3:atemp>23.0</ns3:atemp>
            <ns3:hr>130</ns3:hr>
            <ns3:cad>88</ns3:cad>
          </ns3:TrackPointExtension>
        </extensions>
      </trkpt>
      <trkpt lat="39.937792159616947174072265625" lon="116.38798140920698642730712890625">
        <ele>52.799999237060546875</ele>
        <time>2026-09-08T23:34:22.000Z</time>
        <extensions>
          <ns3:TrackPointExtension>
            <ns3:atemp>23.0</ns3:atemp>
            <ns3:hr>130</ns3:hr>
            <ns3:cad>88</ns3:cad>
          </ns3:TrackPointExtension>
        </extensions>
      </trkpt>
      <trkpt lat="39.93779777549207210540771484375" lon="116.3879600353538990020751953125">
        <ele>52.799999237060546875</ele>
        <time>2026-09-08T23:34:23.000Z</time>
        <extensions>
          <ns3:TrackPointExtension>
            <ns3:atemp>23.0</ns3:atemp>
            <ns3:hr>130</ns3:hr>
            <ns3:cad>88</ns3:cad>
          </ns3:TrackPointExtension>
        </extensions>
      </trkpt>
      <trkpt lat="39.937806911766529083251953125" lon="116.387923993170261383056640625">
        <ele>53</ele>
        <time>2026-09-08T23:34:24.000Z</time>
        <extensions>
          <ns3:TrackPointExtension>
            <ns3:atemp>23.0</ns3:atemp>
            <ns3:hr>129</ns3:hr>
            <ns3:cad>88</ns3:cad>
          </ns3:TrackPointExtension>
        </extensions>
      </trkpt>
      <trkpt lat="39.93781336583197116851806640625" lon="116.38789926655590534210205078125">
        <ele>53</ele>
        <time>2026-09-08T23:34:25.000Z</time>
        <extensions>
          <ns3:TrackPointExtension>
            <ns3:atemp>23.0</ns3:atemp>
            <ns3:hr>130</ns3:hr>
            <ns3:cad>88</ns3:cad>
          </ns3:TrackPointExtension>
        </extensions>
      </trkpt>
      <trkpt lat="39.93782158009707927703857421875" lon="116.38786741532385349273681640625">
        <ele>53</ele>
        <time>2026-09-08T23:34:26.000Z</time>
        <extensions>
          <ns3:TrackPointExtension>
            <ns3:atemp>23.0</ns3:atemp>
            <ns3:hr>130</ns3:hr>
            <ns3:cad>88</ns3:cad>
          </ns3:TrackPointExtension>
        </extensions>
      </trkpt>
      <trkpt lat="39.9378238432109355926513671875" lon="116.38783573172986507415771484375">
        <ele>53</ele>
        <time>2026-09-08T23:34:27.000Z</time>
        <extensions>
          <ns3:TrackPointExtension>
            <ns3:atemp>23.0</ns3:atemp>
            <ns3:hr>130</ns3:hr>
            <ns3:cad>88</ns3:cad>
          </ns3:TrackPointExtension>
        </extensions>
      </trkpt>
      <trkpt lat="39.93783541023731231689453125" lon="116.38780287466943264007568359375">
        <ele>53</ele>
        <time>2026-09-08T23:34:28.000Z</time>
        <extensions>
          <ns3:TrackPointExtension>
            <ns3:atemp>23.0</ns3:atemp>
            <ns3:hr>129</ns3:hr>
            <ns3:cad>88</ns3:cad>
          </ns3:TrackPointExtension>
        </extensions>
      </trkpt>
      <trkpt lat="39.93784588761627674102783203125" lon="116.38777504675090312957763671875">
        <ele>53</ele>
        <time>2026-09-08T23:34:29.000Z</time>
        <extensions>
          <ns3:TrackPointExtension>
            <ns3:atemp>23.0</ns3:atemp>
            <ns3:hr>130</ns3:hr>
            <ns3:cad>88</ns3:cad>
          </ns3:TrackPointExtension>
        </extensions>
      </trkpt>
      <trkpt lat="39.93785795755684375762939453125" lon="116.38774730265140533447265625">
        <ele>53</ele>
        <time>2026-09-08T23:34:30.000Z</time>
        <extensions>
          <ns3:TrackPointExtension>
            <ns3:atemp>23.0</ns3:atemp>
            <ns3:hr>130</ns3:hr>
            <ns3:cad>89</ns3:cad>
          </ns3:TrackPointExtension>
        </extensions>
      </trkpt>
      <trkpt lat="39.9378687702119350433349609375" lon="116.3877184689044952392578125">
        <ele>53</ele>
        <time>2026-09-08T23:34:31.000Z</time>
        <extensions>
          <ns3:TrackPointExtension>
            <ns3:atemp>23.0</ns3:atemp>
            <ns3:hr>130</ns3:hr>
            <ns3:cad>88</ns3:cad>
          </ns3:TrackPointExtension>
        </extensions>
      </trkpt>
      <trkpt lat="39.93787773884832859039306640625" lon="116.38769097626209259033203125">
        <ele>53</ele>
        <time>2026-09-08T23:34:32.000Z</time>
        <extensions>
          <ns3:TrackPointExtension>
            <ns3:atemp>23.0</ns3:atemp>
            <ns3:hr>130</ns3:hr>
            <ns3:cad>88</ns3:cad>
          </ns3:TrackPointExtension>
        </extensions>
      </trkpt>
      <trkpt lat="39.93788947351276874542236328125" lon="116.3876542635262012481689453125">
        <ele>53</ele>
        <time>2026-09-08T23:34:33.000Z</time>
        <extensions>
          <ns3:TrackPointExtension>
            <ns3:atemp>23.0</ns3:atemp>
            <ns3:hr>130</ns3:hr>
            <ns3:cad>87</ns3:cad>
          </ns3:TrackPointExtension>
        </extensions>
      </trkpt>
      <trkpt lat="39.93789668194949626922607421875" lon="116.38762928545475006103515625">
        <ele>53</ele>
        <time>2026-09-08T23:34:34.000Z</time>
        <extensions>
          <ns3:TrackPointExtension>
            <ns3:atemp>23.0</ns3:atemp>
            <ns3:hr>131</ns3:hr>
            <ns3:cad>88</ns3:cad>
          </ns3:TrackPointExtension>
        </extensions>
      </trkpt>
      <trkpt lat="39.93790791369974613189697265625" lon="116.387594752013683319091796875">
        <ele>53</ele>
        <time>2026-09-08T23:34:35.000Z</time>
        <extensions>
          <ns3:TrackPointExtension>
            <ns3:atemp>23.0</ns3:atemp>
            <ns3:hr>130</ns3:hr>
            <ns3:cad>88</ns3:cad>
          </ns3:TrackPointExtension>
        </extensions>
      </trkpt>
      <trkpt lat="39.937920235097408294677734375" lon="116.3875697739422321319580078125">
        <ele>53</ele>
        <time>2026-09-08T23:34:36.000Z</time>
        <extensions>
          <ns3:TrackPointExtension>
            <ns3:atemp>23.0</ns3:atemp>
            <ns3:hr>130</ns3:hr>
            <ns3:cad>88</ns3:cad>
          </ns3:TrackPointExtension>
        </extensions>
      </trkpt>
      <trkpt lat="39.937928952276706695556640625" lon="116.38752660714089870452880859375">
        <ele>53</ele>
        <time>2026-09-08T23:34:37.000Z</time>
        <extensions>
          <ns3:TrackPointExtension>
            <ns3:atemp>23.0</ns3:atemp>
            <ns3:hr>131</ns3:hr>
            <ns3:cad>88</ns3:cad>
          </ns3:TrackPointExtension>
        </extensions>
      </trkpt>
      <trkpt lat="39.9379375018179416656494140625" lon="116.3875040598213672637939453125">
        <ele>53</ele>
        <time>2026-09-08T23:34:38.000Z</time>
        <extensions>
          <ns3:TrackPointExtension>
            <ns3:atemp>23.0</ns3:atemp>
            <ns3:hr>130</ns3:hr>
            <ns3:cad>88</ns3:cad>
          </ns3:TrackPointExtension>
        </extensions>
      </trkpt>
      <trkpt lat="39.93794647045433521270751953125" lon="116.387480087578296661376953125">
        <ele>53</ele>
        <time>2026-09-08T23:34:39.000Z</time>
        <extensions>
          <ns3:TrackPointExtension>
            <ns3:atemp>23.0</ns3:atemp>
            <ns3:hr>130</ns3:hr>
            <ns3:cad>89</ns3:cad>
          </ns3:TrackPointExtension>
        </extensions>
      </trkpt>
      <trkpt lat="39.93794538080692291259765625" lon="116.3874614797532558441162109375">
        <ele>53</ele>
        <time>2026-09-08T23:34:40.000Z</time>
        <extensions>
          <ns3:TrackPointExtension>
            <ns3:atemp>23.0</ns3:atemp>
            <ns3:hr>131</ns3:hr>
            <ns3:cad>89</ns3:cad>
          </ns3:TrackPointExtension>
        </extensions>
      </trkpt>
      <trkpt lat="39.937933646142482757568359375" lon="116.3874386809766292572021484375">
        <ele>53</ele>
        <time>2026-09-08T23:34:41.000Z</time>
        <extensions>
          <ns3:TrackPointExtension>
            <ns3:atemp>23.0</ns3:atemp>
            <ns3:hr>130</ns3:hr>
            <ns3:cad>88</ns3:cad>
          </ns3:TrackPointExtension>
        </extensions>
      </trkpt>
      <trkpt lat="39.93791294284164905548095703125" lon="116.3874245993793010711669921875">
        <ele>53</ele>
        <time>2026-09-08T23:34:42.000Z</time>
        <extensions>
          <ns3:TrackPointExtension>
            <ns3:atemp>23.0</ns3:atemp>
            <ns3:hr>131</ns3:hr>
            <ns3:cad>88</ns3:cad>
          </ns3:TrackPointExtension>
        </extensions>
      </trkpt>
      <trkpt lat="39.937888048589229583740234375" lon="116.38741009868681430816650390625">
        <ele>53</ele>
        <time>2026-09-08T23:34:43.000Z</time>
        <extensions>
          <ns3:TrackPointExtension>
            <ns3:atemp>23.0</ns3:atemp>
            <ns3:hr>131</ns3:hr>
            <ns3:cad>88</ns3:cad>
          </ns3:TrackPointExtension>
        </extensions>
      </trkpt>
      <trkpt lat="39.9378590472042560577392578125" lon="116.3873890601098537445068359375">
        <ele>53</ele>
        <time>2026-09-08T23:34:44.000Z</time>
        <extensions>
          <ns3:TrackPointExtension>
            <ns3:atemp>23.0</ns3:atemp>
            <ns3:hr>131</ns3:hr>
            <ns3:cad>89</ns3:cad>
          </ns3:TrackPointExtension>
        </extensions>
      </trkpt>
      <trkpt lat="39.937843121588230133056640625" lon="116.3873724639415740966796875">
        <ele>53</ele>
        <time>2026-09-08T23:34:45.000Z</time>
        <extensions>
          <ns3:TrackPointExtension>
            <ns3:atemp>23.0</ns3:atemp>
            <ns3:hr>131</ns3:hr>
            <ns3:cad>89</ns3:cad>
          </ns3:TrackPointExtension>
        </extensions>
      </trkpt>
      <trkpt lat="39.93782275356352329254150390625" lon="116.38734991662204265594482421875">
        <ele>53</ele>
        <time>2026-09-08T23:34:46.000Z</time>
        <extensions>
          <ns3:TrackPointExtension>
            <ns3:atemp>23.0</ns3:atemp>
            <ns3:hr>131</ns3:hr>
            <ns3:cad>86</ns3:cad>
          </ns3:TrackPointExtension>
        </extensions>
      </trkpt>
      <trkpt lat="39.93780381046235561370849609375" lon="116.3873322308063507080078125">
        <ele>53</ele>
        <time>2026-09-08T23:34:47.000Z</time>
        <extensions>
          <ns3:TrackPointExtension>
            <ns3:atemp>23.0</ns3:atemp>
            <ns3:hr>130</ns3:hr>
            <ns3:cad>84</ns3:cad>
          </ns3:TrackPointExtension>
        </extensions>
      </trkpt>
      <trkpt lat="39.9377849511802196502685546875" lon="116.3873136229813098907470703125">
        <ele>52.799999237060546875</ele>
        <time>2026-09-08T23:34:48.000Z</time>
        <extensions>
          <ns3:TrackPointExtension>
            <ns3:atemp>23.0</ns3:atemp>
            <ns3:hr>130</ns3:hr>
            <ns3:cad>84</ns3:cad>
          </ns3:TrackPointExtension>
        </extensions>
      </trkpt>
      <trkpt lat="39.9377644993364810943603515625" lon="116.3872914947569370269775390625">
        <ele>53</ele>
        <time>2026-09-08T23:34:49.000Z</time>
        <extensions>
          <ns3:TrackPointExtension>
            <ns3:atemp>23.0</ns3:atemp>
            <ns3:hr>130</ns3:hr>
            <ns3:cad>83</ns3:cad>
          </ns3:TrackPointExtension>
        </extensions>
      </trkpt>
      <trkpt lat="39.93774564005434513092041015625" lon="116.38727632351219654083251953125">
        <ele>53</ele>
        <time>2026-09-08T23:34:50.000Z</time>
        <extensions>
          <ns3:TrackPointExtension>
            <ns3:atemp>23.0</ns3:atemp>
            <ns3:hr>130</ns3:hr>
            <ns3:cad>83</ns3:cad>
          </ns3:TrackPointExtension>
        </extensions>
      </trkpt>
      <trkpt lat="39.93772367946803569793701171875" lon="116.38724707067012786865234375">
        <ele>52.799999237060546875</ele>
        <time>2026-09-08T23:34:51.000Z</time>
        <extensions>
          <ns3:TrackPointExtension>
            <ns3:atemp>23.0</ns3:atemp>
            <ns3:hr>130</ns3:hr>
            <ns3:cad>85</ns3:cad>
          </ns3:TrackPointExtension>
        </extensions>
      </trkpt>
      <trkpt lat="39.9377153813838958740234375" lon="116.3872200809419155120849609375">
        <ele>52.799999237060546875</ele>
        <time>2026-09-08T23:34:52.000Z</time>
        <extensions>
          <ns3:TrackPointExtension>
            <ns3:atemp>23.0</ns3:atemp>
            <ns3:hr>130</ns3:hr>
            <ns3:cad>87</ns3:cad>
          </ns3:TrackPointExtension>
        </extensions>
      </trkpt>
      <trkpt lat="39.93771898560225963592529296875" lon="116.38718269765377044677734375">
        <ele>52.799999237060546875</ele>
        <time>2026-09-08T23:34:53.000Z</time>
        <extensions>
          <ns3:TrackPointExtension>
            <ns3:atemp>23.0</ns3:atemp>
            <ns3:hr>131</ns3:hr>
            <ns3:cad>87</ns3:cad>
          </ns3:TrackPointExtension>
        </extensions>
      </trkpt>
      <trkpt lat="39.93772518821060657501220703125" lon="116.38715763576328754425048828125">
        <ele>52.59999847412109375</ele>
        <time>2026-09-08T23:34:54.000Z</time>
        <extensions>
          <ns3:TrackPointExtension>
            <ns3:atemp>23.0</ns3:atemp>
            <ns3:hr>131</ns3:hr>
            <ns3:cad>87</ns3:cad>
          </ns3:TrackPointExtension>
        </extensions>
      </trkpt>
      <trkpt lat="39.93773524649441242218017578125" lon="116.3871228508651256561279296875">
        <ele>52.59999847412109375</ele>
        <time>2026-09-08T23:34:55.000Z</time>
        <extensions>
          <ns3:TrackPointExtension>
            <ns3:atemp>23.0</ns3:atemp>
            <ns3:hr>131</ns3:hr>
            <ns3:cad>87</ns3:cad>
          </ns3:TrackPointExtension>
        </extensions>
      </trkpt>
      <trkpt lat="39.93774312548339366912841796875" lon="116.3870963640511035919189453125">
        <ele>52.59999847412109375</ele>
        <time>2026-09-08T23:34:56.000Z</time>
        <extensions>
          <ns3:TrackPointExtension>
            <ns3:atemp>23.0</ns3:atemp>
            <ns3:hr>131</ns3:hr>
            <ns3:cad>87</ns3:cad>
          </ns3:TrackPointExtension>
        </extensions>
      </trkpt>
      <trkpt lat="39.9377561174333095550537109375" lon="116.3870594836771488189697265625">
        <ele>52.40000152587890625</ele>
        <time>2026-09-08T23:34:57.000Z</time>
        <extensions>
          <ns3:TrackPointExtension>
            <ns3:atemp>23.0</ns3:atemp>
            <ns3:hr>132</ns3:hr>
            <ns3:cad>87</ns3:cad>
          </ns3:TrackPointExtension>
        </extensions>
      </trkpt>
      <trkpt lat="39.93776642717421054840087890625" lon="116.38703115284442901611328125">
        <ele>52.40000152587890625</ele>
        <time>2026-09-08T23:34:58.000Z</time>
        <extensions>
          <ns3:TrackPointExtension>
            <ns3:atemp>23.0</ns3:atemp>
            <ns3:hr>132</ns3:hr>
            <ns3:cad>87</ns3:cad>
          </ns3:TrackPointExtension>
        </extensions>
      </trkpt>
      <trkpt lat="39.9377792514860630035400390625" lon="116.387000642716884613037109375">
        <ele>52.200000762939453125</ele>
        <time>2026-09-08T23:34:59.000Z</time>
        <extensions>
          <ns3:TrackPointExtension>
            <ns3:atemp>23.0</ns3:atemp>
            <ns3:hr>133</ns3:hr>
            <ns3:cad>87</ns3:cad>
          </ns3:TrackPointExtension>
        </extensions>
      </trkpt>
      <trkpt lat="39.93779140524566173553466796875" lon="116.3869780115783214569091796875">
        <ele>52</ele>
        <time>2026-09-08T23:35:00.000Z</time>
        <extensions>
          <ns3:TrackPointExtension>
            <ns3:atemp>23.0</ns3:atemp>
            <ns3:hr>133</ns3:hr>
            <ns3:cad>87</ns3:cad>
          </ns3:TrackPointExtension>
        </extensions>
      </trkpt>
      <trkpt lat="39.93780431337654590606689453125" lon="116.38695110566914081573486328125">
        <ele>52</ele>
        <time>2026-09-08T23:35:01.000Z</time>
        <extensions>
          <ns3:TrackPointExtension>
            <ns3:atemp>23.0</ns3:atemp>
            <ns3:hr>133</ns3:hr>
            <ns3:cad>87</ns3:cad>
          </ns3:TrackPointExtension>
        </extensions>
      </trkpt>
      <trkpt lat="39.93781688623130321502685546875" lon="116.3869233615696430206298828125">
        <ele>51.799999237060546875</ele>
        <time>2026-09-08T23:35:02.000Z</time>
        <extensions>
          <ns3:TrackPointExtension>
            <ns3:atemp>23.0</ns3:atemp>
            <ns3:hr>133</ns3:hr>
            <ns3:cad>88</ns3:cad>
          </ns3:TrackPointExtension>
        </extensions>
      </trkpt>
      <trkpt lat="39.9378295429050922393798828125" lon="116.386898048222064971923828125">
        <ele>51.799999237060546875</ele>
        <time>2026-09-08T23:35:03.000Z</time>
        <extensions>
          <ns3:TrackPointExtension>
            <ns3:atemp>23.0</ns3:atemp>
            <ns3:hr>133</ns3:hr>
            <ns3:cad>88</ns3:cad>
          </ns3:TrackPointExtension>
        </extensions>
      </trkpt>
      <trkpt lat="39.9378446303308010101318359375" lon="116.38687231577932834625244140625">
        <ele>51.799999237060546875</ele>
        <time>2026-09-08T23:35:04.000Z</time>
        <extensions>
          <ns3:TrackPointExtension>
            <ns3:atemp>23.0</ns3:atemp>
            <ns3:hr>133</ns3:hr>
            <ns3:cad>88</ns3:cad>
          </ns3:TrackPointExtension>
        </extensions>
      </trkpt>
      <trkpt lat="39.9378575384616851806640625" lon="116.3868489302694797515869140625">
        <ele>51.799999237060546875</ele>
        <time>2026-09-08T23:35:05.000Z</time>
        <extensions>
          <ns3:TrackPointExtension>
            <ns3:atemp>23.0</ns3:atemp>
            <ns3:hr>133</ns3:hr>
            <ns3:cad>87</ns3:cad>
          </ns3:TrackPointExtension>
        </extensions>
      </trkpt>
      <trkpt lat="39.9378741346299648284912109375" lon="116.386822946369647979736328125">
        <ele>51.59999847412109375</ele>
        <time>2026-09-08T23:35:06.000Z</time>
        <extensions>
          <ns3:TrackPointExtension>
            <ns3:atemp>23.0</ns3:atemp>
            <ns3:hr>134</ns3:hr>
            <ns3:cad>87</ns3:cad>
          </ns3:TrackPointExtension>
        </extensions>
      </trkpt>
      <trkpt lat="39.9378815107047557830810546875" lon="116.38679914176464080810546875">
        <ele>51.59999847412109375</ele>
        <time>2026-09-08T23:35:07.000Z</time>
        <extensions>
          <ns3:TrackPointExtension>
            <ns3:atemp>23.0</ns3:atemp>
            <ns3:hr>134</ns3:hr>
            <ns3:cad>87</ns3:cad>
          </ns3:TrackPointExtension>
        </extensions>
      </trkpt>
      <trkpt lat="39.9378965981304645538330078125" lon="116.3867731578648090362548828125">
        <ele>51.59999847412109375</ele>
        <time>2026-09-08T23:35:08.000Z</time>
        <extensions>
          <ns3:TrackPointExtension>
            <ns3:atemp>23.0</ns3:atemp>
            <ns3:hr>135</ns3:hr>
            <ns3:cad>88</ns3:cad>
          </ns3:TrackPointExtension>
        </extensions>
      </trkpt>
      <trkpt lat="39.93790606968104839324951171875" lon="116.38675144873559474945068359375">
        <ele>51.59999847412109375</ele>
        <time>2026-09-08T23:35:09.000Z</time>
        <extensions>
          <ns3:TrackPointExtension>
            <ns3:atemp>23.0</ns3:atemp>
            <ns3:hr>135</ns3:hr>
            <ns3:cad>88</ns3:cad>
          </ns3:TrackPointExtension>
        </extensions>
      </trkpt>
      <trkpt lat="39.93792249821126461029052734375" lon="116.386721022427082061767578125">
        <ele>51.799999237060546875</ele>
        <time>2026-09-08T23:35:10.000Z</time>
        <extensions>
          <ns3:TrackPointExtension>
            <ns3:atemp>23.0</ns3:atemp>
            <ns3:hr>135</ns3:hr>
            <ns3:cad>89</ns3:cad>
          </ns3:TrackPointExtension>
        </extensions>
      </trkpt>
      <trkpt lat="39.9379291199147701263427734375" lon="116.3866992294788360595703125">
        <ele>51.799999237060546875</ele>
        <time>2026-09-08T23:35:11.000Z</time>
        <extensions>
          <ns3:TrackPointExtension>
            <ns3:atemp>23.0</ns3:atemp>
            <ns3:hr>135</ns3:hr>
            <ns3:cad>89</ns3:cad>
          </ns3:TrackPointExtension>
        </extensions>
      </trkpt>
      <trkpt lat="39.937944374978542327880859375" lon="116.38666964136064052581787109375">
        <ele>51.799999237060546875</ele>
        <time>2026-09-08T23:35:12.000Z</time>
        <extensions>
          <ns3:TrackPointExtension>
            <ns3:atemp>23.0</ns3:atemp>
            <ns3:hr>135</ns3:hr>
            <ns3:cad>89</ns3:cad>
          </ns3:TrackPointExtension>
        </extensions>
      </trkpt>
      <trkpt lat="39.93795149959623813629150390625" lon="116.3866455852985382080078125">
        <ele>51.799999237060546875</ele>
        <time>2026-09-08T23:35:13.000Z</time>
        <extensions>
          <ns3:TrackPointExtension>
            <ns3:atemp>23.0</ns3:atemp>
            <ns3:hr>135</ns3:hr>
            <ns3:cad>88</ns3:cad>
          </ns3:TrackPointExtension>
        </extensions>
      </trkpt>
      <trkpt lat="39.937965162098407745361328125" lon="116.38661398552358150482177734375">
        <ele>51.799999237060546875</ele>
        <time>2026-09-08T23:35:14.000Z</time>
        <extensions>
          <ns3:TrackPointExtension>
            <ns3:atemp>23.0</ns3:atemp>
            <ns3:hr>135</ns3:hr>
            <ns3:cad>88</ns3:cad>
          </ns3:TrackPointExtension>
        </extensions>
      </trkpt>
      <trkpt lat="39.937974549829959869384765625" lon="116.38658934272825717926025390625">
        <ele>51.799999237060546875</ele>
        <time>2026-09-08T23:35:15.000Z</time>
        <extensions>
          <ns3:TrackPointExtension>
            <ns3:atemp>23.0</ns3:atemp>
            <ns3:hr>135</ns3:hr>
            <ns3:cad>88</ns3:cad>
          </ns3:TrackPointExtension>
        </extensions>
      </trkpt>
      <trkpt lat="39.93798963725566864013671875" lon="116.38655916787683963775634765625">
        <ele>51.799999237060546875</ele>
        <time>2026-09-08T23:35:16.000Z</time>
        <extensions>
          <ns3:TrackPointExtension>
            <ns3:atemp>23.0</ns3:atemp>
            <ns3:hr>135</ns3:hr>
            <ns3:cad>88</ns3:cad>
          </ns3:TrackPointExtension>
        </extensions>
      </trkpt>
      <trkpt lat="39.937998354434967041015625" lon="116.38653553090989589691162109375">
        <ele>51.799999237060546875</ele>
        <time>2026-09-08T23:35:17.000Z</time>
        <extensions>
          <ns3:TrackPointExtension>
            <ns3:atemp>23.0</ns3:atemp>
            <ns3:hr>134</ns3:hr>
            <ns3:cad>89</ns3:cad>
          </ns3:TrackPointExtension>
        </extensions>
      </trkpt>
      <trkpt lat="39.93801377713680267333984375" lon="116.38651105575263500213623046875">
        <ele>51.799999237060546875</ele>
        <time>2026-09-08T23:35:18.000Z</time>
        <extensions>
          <ns3:TrackPointExtension>
            <ns3:atemp>23.0</ns3:atemp>
            <ns3:hr>134</ns3:hr>
            <ns3:cad>89</ns3:cad>
          </ns3:TrackPointExtension>
        </extensions>
      </trkpt>
      <trkpt lat="39.93802140466868877410888671875" lon="116.38649068772792816162109375">
        <ele>51.799999237060546875</ele>
        <time>2026-09-08T23:35:19.000Z</time>
        <extensions>
          <ns3:TrackPointExtension>
            <ns3:atemp>23.0</ns3:atemp>
            <ns3:hr>133</ns3:hr>
            <ns3:cad>89</ns3:cad>
          </ns3:TrackPointExtension>
        </extensions>
      </trkpt>
      <trkpt lat="39.93803213350474834442138671875" lon="116.386460177600383758544921875">
        <ele>51.799999237060546875</ele>
        <time>2026-09-08T23:35:20.000Z</time>
        <extensions>
          <ns3:TrackPointExtension>
            <ns3:atemp>23.0</ns3:atemp>
            <ns3:hr>133</ns3:hr>
            <ns3:cad>89</ns3:cad>
          </ns3:TrackPointExtension>
        </extensions>
      </trkpt>
      <trkpt lat="39.93804487399756908416748046875" lon="116.386434026062488555908203125">
        <ele>51.799999237060546875</ele>
        <time>2026-09-08T23:35:21.000Z</time>
        <extensions>
          <ns3:TrackPointExtension>
            <ns3:atemp>23.0</ns3:atemp>
            <ns3:hr>134</ns3:hr>
            <ns3:cad>89</ns3:cad>
          </ns3:TrackPointExtension>
        </extensions>
      </trkpt>
      <trkpt lat="39.938059709966182708740234375" lon="116.38640896417200565338134765625">
        <ele>51.799999237060546875</ele>
        <time>2026-09-08T23:35:22.000Z</time>
        <extensions>
          <ns3:TrackPointExtension>
            <ns3:atemp>23.0</ns3:atemp>
            <ns3:hr>134</ns3:hr>
            <ns3:cad>89</ns3:cad>
          </ns3:TrackPointExtension>
        </extensions>
      </trkpt>
      <trkpt lat="39.93807203136384487152099609375" lon="116.3863822259008884429931640625">
        <ele>52</ele>
        <time>2026-09-08T23:35:23.000Z</time>
        <extensions>
          <ns3:TrackPointExtension>
            <ns3:atemp>23.0</ns3:atemp>
            <ns3:hr>134</ns3:hr>
            <ns3:cad>89</ns3:cad>
          </ns3:TrackPointExtension>
        </extensions>
      </trkpt>
      <trkpt lat="39.9380823411047458648681640625" lon="116.3863527216017246246337890625">
        <ele>52</ele>
        <time>2026-09-08T23:35:24.000Z</time>
        <extensions>
          <ns3:TrackPointExtension>
            <ns3:atemp>23.0</ns3:atemp>
            <ns3:hr>133</ns3:hr>
            <ns3:cad>89</ns3:cad>
          </ns3:TrackPointExtension>
        </extensions>
      </trkpt>
      <trkpt lat="39.93809667415916919708251953125" lon="116.386325396597385406494140625">
        <ele>52</ele>
        <time>2026-09-08T23:35:25.000Z</time>
        <extensions>
          <ns3:TrackPointExtension>
            <ns3:atemp>23.0</ns3:atemp>
            <ns3:hr>134</ns3:hr>
            <ns3:cad>89</ns3:cad>
          </ns3:TrackPointExtension>
        </extensions>
      </trkpt>
      <trkpt lat="39.93810924701392650604248046875" lon="116.386301256716251373291015625">
        <ele>52</ele>
        <time>2026-09-08T23:35:26.000Z</time>
        <extensions>
          <ns3:TrackPointExtension>
            <ns3:atemp>23.0</ns3:atemp>
            <ns3:hr>134</ns3:hr>
            <ns3:cad>89</ns3:cad>
          </ns3:TrackPointExtension>
        </extensions>
      </trkpt>
      <trkpt lat="39.93812249042093753814697265625" lon="116.3862739317119121551513671875">
        <ele>52</ele>
        <time>2026-09-08T23:35:27.000Z</time>
        <extensions>
          <ns3:TrackPointExtension>
            <ns3:atemp>23.0</ns3:atemp>
            <ns3:hr>133</ns3:hr>
            <ns3:cad>89</ns3:cad>
          </ns3:TrackPointExtension>
        </extensions>
      </trkpt>
      <trkpt lat="39.93813254870474338531494140625" lon="116.3862486183643341064453125">
        <ele>52</ele>
        <time>2026-09-08T23:35:28.000Z</time>
        <extensions>
          <ns3:TrackPointExtension>
            <ns3:atemp>23.0</ns3:atemp>
            <ns3:hr>134</ns3:hr>
            <ns3:cad>89</ns3:cad>
          </ns3:TrackPointExtension>
        </extensions>
      </trkpt>
      <trkpt lat="39.9381477199494838714599609375" lon="116.386217437684535980224609375">
        <ele>52</ele>
        <time>2026-09-08T23:35:29.000Z</time>
        <extensions>
          <ns3:TrackPointExtension>
            <ns3:atemp>23.0</ns3:atemp>
            <ns3:hr>134</ns3:hr>
            <ns3:cad>88</ns3:cad>
          </ns3:TrackPointExtension>
        </extensions>
      </trkpt>
      <trkpt lat="39.93815870024263858795166015625" lon="116.38619656674563884735107421875">
        <ele>52</ele>
        <time>2026-09-08T23:35:30.000Z</time>
        <extensions>
          <ns3:TrackPointExtension>
            <ns3:atemp>23.0</ns3:atemp>
            <ns3:hr>133</ns3:hr>
            <ns3:cad>88</ns3:cad>
          </ns3:TrackPointExtension>
        </extensions>
      </trkpt>
      <trkpt lat="39.9381735362112522125244140625" lon="116.3861673139035701751708984375">
        <ele>52</ele>
        <time>2026-09-08T23:35:31.000Z</time>
        <extensions>
          <ns3:TrackPointExtension>
            <ns3:atemp>22.0</ns3:atemp>
            <ns3:hr>133</ns3:hr>
            <ns3:cad>88</ns3:cad>
          </ns3:TrackPointExtension>
        </extensions>
      </trkpt>
      <trkpt lat="39.93818300776183605194091796875" lon="116.3861458562314510345458984375">
        <ele>52</ele>
        <time>2026-09-08T23:35:32.000Z</time>
        <extensions>
          <ns3:TrackPointExtension>
            <ns3:atemp>23.0</ns3:atemp>
            <ns3:hr>133</ns3:hr>
            <ns3:cad>88</ns3:cad>
          </ns3:TrackPointExtension>
        </extensions>
      </trkpt>
      <trkpt lat="39.93819792754948139190673828125" lon="116.38612322509288787841796875">
        <ele>52</ele>
        <time>2026-09-08T23:35:33.000Z</time>
        <extensions>
          <ns3:TrackPointExtension>
            <ns3:atemp>22.0</ns3:atemp>
            <ns3:hr>133</ns3:hr>
            <ns3:cad>87</ns3:cad>
          </ns3:TrackPointExtension>
        </extensions>
      </trkpt>
      <trkpt lat="39.9382084049284458160400390625" lon="116.3861015997827053070068359375">
        <ele>52</ele>
        <time>2026-09-08T23:35:34.000Z</time>
        <extensions>
          <ns3:TrackPointExtension>
            <ns3:atemp>22.0</ns3:atemp>
            <ns3:hr>134</ns3:hr>
            <ns3:cad>88</ns3:cad>
          </ns3:TrackPointExtension>
        </extensions>
      </trkpt>
      <trkpt lat="39.9382211454212665557861328125" lon="116.3860774599015712738037109375">
        <ele>52</ele>
        <time>2026-09-08T23:35:35.000Z</time>
        <extensions>
          <ns3:TrackPointExtension>
            <ns3:atemp>23.0</ns3:atemp>
            <ns3:hr>134</ns3:hr>
            <ns3:cad>88</ns3:cad>
          </ns3:TrackPointExtension>
        </extensions>
      </trkpt>
      <trkpt lat="39.9382325448095798492431640625" lon="116.38605424202978610992431640625">
        <ele>52</ele>
        <time>2026-09-08T23:35:36.000Z</time>
        <extensions>
          <ns3:TrackPointExtension>
            <ns3:atemp>22.0</ns3:atemp>
            <ns3:hr>134</ns3:hr>
            <ns3:cad>88</ns3:cad>
          </ns3:TrackPointExtension>
        </extensions>
      </trkpt>
      <trkpt lat="39.9382456205785274505615234375" lon="116.3860259950160980224609375">
        <ele>52.200000762939453125</ele>
        <time>2026-09-08T23:35:37.000Z</time>
        <extensions>
          <ns3:TrackPointExtension>
            <ns3:atemp>22.0</ns3:atemp>
            <ns3:hr>133</ns3:hr>
            <ns3:cad>89</ns3:cad>
          </ns3:TrackPointExtension>
        </extensions>
      </trkpt>
      <trkpt lat="39.9382540024816989898681640625" lon="116.38599858619272708892822265625">
        <ele>52.200000762939453125</ele>
        <time>2026-09-08T23:35:38.000Z</time>
        <extensions>
          <ns3:TrackPointExtension>
            <ns3:atemp>22.0</ns3:atemp>
            <ns3:hr>134</ns3:hr>
            <ns3:cad>88</ns3:cad>
          </ns3:TrackPointExtension>
        </extensions>
      </trkpt>
      <trkpt lat="39.9382654018700122833251953125" lon="116.38596899807453155517578125">
        <ele>52.200000762939453125</ele>
        <time>2026-09-08T23:35:39.000Z</time>
        <extensions>
          <ns3:TrackPointExtension>
            <ns3:atemp>23.0</ns3:atemp>
            <ns3:hr>134</ns3:hr>
            <ns3:cad>89</ns3:cad>
          </ns3:TrackPointExtension>
        </extensions>
      </trkpt>
      <trkpt lat="39.938271604478359222412109375" lon="116.385943852365016937255859375">
        <ele>52.200000762939453125</ele>
        <time>2026-09-08T23:35:40.000Z</time>
        <extensions>
          <ns3:TrackPointExtension>
            <ns3:atemp>23.0</ns3:atemp>
            <ns3:hr>133</ns3:hr>
            <ns3:cad>89</ns3:cad>
          </ns3:TrackPointExtension>
        </extensions>
      </trkpt>
      <trkpt lat="39.9382814951241016387939453125" lon="116.3859125040471553802490234375">
        <ele>52.200000762939453125</ele>
        <time>2026-09-08T23:35:41.000Z</time>
        <extensions>
          <ns3:TrackPointExtension>
            <ns3:atemp>22.0</ns3:atemp>
            <ns3:hr>133</ns3:hr>
            <ns3:cad>89</ns3:cad>
          </ns3:TrackPointExtension>
        </extensions>
      </trkpt>
      <trkpt lat="39.9382888711988925933837890625" lon="116.38588677160441875457763671875">
        <ele>52.200000762939453125</ele>
        <time>2026-09-08T23:35:42.000Z</time>
        <extensions>
          <ns3:TrackPointExtension>
            <ns3:atemp>22.0</ns3:atemp>
            <ns3:hr>134</ns3:hr>
            <ns3:cad>89</ns3:cad>
          </ns3:TrackPointExtension>
        </extensions>
      </trkpt>
      <trkpt lat="39.93829666636884212493896484375" lon="116.38585458509624004364013671875">
        <ele>52.200000762939453125</ele>
        <time>2026-09-08T23:35:43.000Z</time>
        <extensions>
          <ns3:TrackPointExtension>
            <ns3:atemp>22.0</ns3:atemp>
            <ns3:hr>134</ns3:hr>
            <ns3:cad>89</ns3:cad>
          </ns3:TrackPointExtension>
        </extensions>
      </trkpt>
      <trkpt lat="39.93830219842493534088134765625" lon="116.3858296908438205718994140625">
        <ele>52.200000762939453125</ele>
        <time>2026-09-08T23:35:44.000Z</time>
        <extensions>
          <ns3:TrackPointExtension>
            <ns3:atemp>22.0</ns3:atemp>
            <ns3:hr>134</ns3:hr>
            <ns3:cad>89</ns3:cad>
          </ns3:TrackPointExtension>
        </extensions>
      </trkpt>
      <trkpt lat="39.9383130110800266265869140625" lon="116.38580312021076679229736328125">
        <ele>52.200000762939453125</ele>
        <time>2026-09-08T23:35:45.000Z</time>
        <extensions>
          <ns3:TrackPointExtension>
            <ns3:atemp>22.0</ns3:atemp>
            <ns3:hr>133</ns3:hr>
            <ns3:cad>89</ns3:cad>
          </ns3:TrackPointExtension>
        </extensions>
      </trkpt>
      <trkpt lat="39.9383180402219295501708984375" lon="116.3857753761112689971923828125">
        <ele>52.200000762939453125</ele>
        <time>2026-09-08T23:35:46.000Z</time>
        <extensions>
          <ns3:TrackPointExtension>
            <ns3:atemp>22.0</ns3:atemp>
            <ns3:hr>134</ns3:hr>
            <ns3:cad>89</ns3:cad>
          </ns3:TrackPointExtension>
        </extensions>
      </trkpt>
      <trkpt lat="39.93832491338253021240234375" lon="116.3857475481927394866943359375">
        <ele>52.200000762939453125</ele>
        <time>2026-09-08T23:35:47.000Z</time>
        <extensions>
          <ns3:TrackPointExtension>
            <ns3:atemp>22.0</ns3:atemp>
            <ns3:hr>134</ns3:hr>
            <ns3:cad>89</ns3:cad>
          </ns3:TrackPointExtension>
        </extensions>
      </trkpt>
      <trkpt lat="39.93833161890506744384765625" lon="116.38572298921644687652587890625">
        <ele>52.200000762939453125</ele>
        <time>2026-09-08T23:35:48.000Z</time>
        <extensions>
          <ns3:TrackPointExtension>
            <ns3:atemp>22.0</ns3:atemp>
            <ns3:hr>133</ns3:hr>
            <ns3:cad>89</ns3:cad>
          </ns3:TrackPointExtension>
        </extensions>
      </trkpt>
      <trkpt lat="39.93833991698920726776123046875" lon="116.38569214381277561187744140625">
        <ele>52.40000152587890625</ele>
        <time>2026-09-08T23:35:49.000Z</time>
        <extensions>
          <ns3:TrackPointExtension>
            <ns3:atemp>22.0</ns3:atemp>
            <ns3:hr>134</ns3:hr>
            <ns3:cad>89</ns3:cad>
          </ns3:TrackPointExtension>
        </extensions>
      </trkpt>
      <trkpt lat="39.93834637105464935302734375" lon="116.3856647349894046783447265625">
        <ele>52.40000152587890625</ele>
        <time>2026-09-08T23:35:50.000Z</time>
        <extensions>
          <ns3:TrackPointExtension>
            <ns3:atemp>22.0</ns3:atemp>
            <ns3:hr>134</ns3:hr>
            <ns3:cad>89</ns3:cad>
          </ns3:TrackPointExtension>
        </extensions>
      </trkpt>
      <trkpt lat="39.9383555911481380462646484375" lon="116.38563430868089199066162109375">
        <ele>52.40000152587890625</ele>
        <time>2026-09-08T23:35:51.000Z</time>
        <extensions>
          <ns3:TrackPointExtension>
            <ns3:atemp>22.0</ns3:atemp>
            <ns3:hr>134</ns3:hr>
            <ns3:cad>89</ns3:cad>
          </ns3:TrackPointExtension>
        </extensions>
      </trkpt>
      <trkpt lat="39.938361458480358123779296875" lon="116.3856080733239650726318359375">
        <ele>52.40000152587890625</ele>
        <time>2026-09-08T23:35:52.000Z</time>
        <extensions>
          <ns3:TrackPointExtension>
            <ns3:atemp>22.0</ns3:atemp>
            <ns3:hr>133</ns3:hr>
            <ns3:cad>90</ns3:cad>
          </ns3:TrackPointExtension>
        </extensions>
      </trkpt>
      <trkpt lat="39.93837051093578338623046875" lon="116.38557647354900836944580078125">
        <ele>52.40000152587890625</ele>
        <time>2026-09-08T23:35:53.000Z</time>
        <extensions>
          <ns3:TrackPointExtension>
            <ns3:atemp>22.0</ns3:atemp>
            <ns3:hr>134</ns3:hr>
            <ns3:cad>90</ns3:cad>
          </ns3:TrackPointExtension>
        </extensions>
      </trkpt>
      <trkpt lat="39.93837914429605007171630859375" lon="116.38554696924984455108642578125">
        <ele>52.40000152587890625</ele>
        <time>2026-09-08T23:35:54.000Z</time>
        <extensions>
          <ns3:TrackPointExtension>
            <ns3:atemp>22.0</ns3:atemp>
            <ns3:hr>134</ns3:hr>
            <ns3:cad>90</ns3:cad>
          </ns3:TrackPointExtension>
        </extensions>
      </trkpt>
      <trkpt lat="39.93838534690439701080322265625" lon="116.385520733892917633056640625">
        <ele>52.200000762939453125</ele>
        <time>2026-09-08T23:35:55.000Z</time>
        <extensions>
          <ns3:TrackPointExtension>
            <ns3:atemp>22.0</ns3:atemp>
            <ns3:hr>135</ns3:hr>
            <ns3:cad>90</ns3:cad>
          </ns3:TrackPointExtension>
        </extensions>
      </trkpt>
      <trkpt lat="39.9383924715220928192138671875" lon="116.38549424707889556884765625">
        <ele>52.200000762939453125</ele>
        <time>2026-09-08T23:35:56.000Z</time>
        <extensions>
          <ns3:TrackPointExtension>
            <ns3:atemp>22.0</ns3:atemp>
            <ns3:hr>135</ns3:hr>
            <ns3:cad>89</ns3:cad>
          </ns3:TrackPointExtension>
        </extensions>
      </trkpt>
      <trkpt lat="39.9384001828730106353759765625" lon="116.38546566478908061981201171875">
        <ele>52.200000762939453125</ele>
        <time>2026-09-08T23:35:57.000Z</time>
        <extensions>
          <ns3:TrackPointExtension>
            <ns3:atemp>22.0</ns3:atemp>
            <ns3:hr>135</ns3:hr>
            <ns3:cad>88</ns3:cad>
          </ns3:TrackPointExtension>
        </extensions>
      </trkpt>
      <trkpt lat="39.9384052120149135589599609375" lon="116.38543792068958282470703125">
        <ele>52.200000762939453125</ele>
        <time>2026-09-08T23:35:58.000Z</time>
        <extensions>
          <ns3:TrackPointExtension>
            <ns3:atemp>22.0</ns3:atemp>
            <ns3:hr>136</ns3:hr>
            <ns3:cad>88</ns3:cad>
          </ns3:TrackPointExtension>
        </extensions>
      </trkpt>
      <trkpt lat="39.93841233663260936737060546875" lon="116.385406740009784698486328125">
        <ele>52.200000762939453125</ele>
        <time>2026-09-08T23:35:59.000Z</time>
        <extensions>
          <ns3:TrackPointExtension>
            <ns3:atemp>22.0</ns3:atemp>
            <ns3:hr>136</ns3:hr>
            <ns3:cad>88</ns3:cad>
          </ns3:TrackPointExtension>
        </extensions>
      </trkpt>
      <trkpt lat="39.93842013180255889892578125" lon="116.38538025319576263427734375">
        <ele>52.200000762939453125</ele>
        <time>2026-09-08T23:36:00.000Z</time>
        <extensions>
          <ns3:TrackPointExtension>
            <ns3:atemp>22.0</ns3:atemp>
            <ns3:hr>137</ns3:hr>
            <ns3:cad>89</ns3:cad>
          </ns3:TrackPointExtension>
        </extensions>
      </trkpt>
      <trkpt lat="39.93842692114412784576416015625" lon="116.3853489048779010772705078125">
        <ele>52.200000762939453125</ele>
        <time>2026-09-08T23:36:01.000Z</time>
        <extensions>
          <ns3:TrackPointExtension>
            <ns3:atemp>22.0</ns3:atemp>
            <ns3:hr>137</ns3:hr>
            <ns3:cad>89</ns3:cad>
          </ns3:TrackPointExtension>
        </extensions>
      </trkpt>
      <trkpt lat="39.93843127973377704620361328125" lon="116.3853200711309909820556640625">
        <ele>52.200000762939453125</ele>
        <time>2026-09-08T23:36:02.000Z</time>
        <extensions>
          <ns3:TrackPointExtension>
            <ns3:atemp>22.0</ns3:atemp>
            <ns3:hr>137</ns3:hr>
            <ns3:cad>89</ns3:cad>
          </ns3:TrackPointExtension>
        </extensions>
      </trkpt>
      <trkpt lat="39.93843890726566314697265625" lon="116.385286711156368255615234375">
        <ele>52.200000762939453125</ele>
        <time>2026-09-08T23:36:03.000Z</time>
        <extensions>
          <ns3:TrackPointExtension>
            <ns3:atemp>22.0</ns3:atemp>
            <ns3:hr>138</ns3:hr>
            <ns3:cad>89</ns3:cad>
          </ns3:TrackPointExtension>
        </extensions>
      </trkpt>
      <trkpt lat="39.938443601131439208984375" lon="116.385260559618473052978515625">
        <ele>52.200000762939453125</ele>
        <time>2026-09-08T23:36:04.000Z</time>
        <extensions>
          <ns3:TrackPointExtension>
            <ns3:atemp>22.0</ns3:atemp>
            <ns3:hr>138</ns3:hr>
            <ns3:cad>89</ns3:cad>
          </ns3:TrackPointExtension>
        </extensions>
      </trkpt>
      <trkpt lat="39.93844938464462757110595703125" lon="116.3852312229573726654052734375">
        <ele>52.200000762939453125</ele>
        <time>2026-09-08T23:36:05.000Z</time>
        <extensions>
          <ns3:TrackPointExtension>
            <ns3:atemp>22.0</ns3:atemp>
            <ns3:hr>138</ns3:hr>
            <ns3:cad>89</ns3:cad>
          </ns3:TrackPointExtension>
        </extensions>
      </trkpt>
      <trkpt lat="39.93845634162425994873046875" lon="116.3852012157440185546875">
        <ele>52.40000152587890625</ele>
        <time>2026-09-08T23:36:06.000Z</time>
        <extensions>
          <ns3:TrackPointExtension>
            <ns3:atemp>22.0</ns3:atemp>
            <ns3:hr>138</ns3:hr>
            <ns3:cad>89</ns3:cad>
          </ns3:TrackPointExtension>
        </extensions>
      </trkpt>
      <trkpt lat="39.9384625442326068878173828125" lon="116.3851676881313323974609375">
        <ele>52.40000152587890625</ele>
        <time>2026-09-08T23:36:07.000Z</time>
        <extensions>
          <ns3:TrackPointExtension>
            <ns3:atemp>22.0</ns3:atemp>
            <ns3:hr>138</ns3:hr>
            <ns3:cad>89</ns3:cad>
          </ns3:TrackPointExtension>
        </extensions>
      </trkpt>
      <trkpt lat="39.93846849538385868072509765625" lon="116.38513885438442230224609375">
        <ele>52.40000152587890625</ele>
        <time>2026-09-08T23:36:08.000Z</time>
        <extensions>
          <ns3:TrackPointExtension>
            <ns3:atemp>22.0</ns3:atemp>
            <ns3:hr>138</ns3:hr>
            <ns3:cad>89</ns3:cad>
          </ns3:TrackPointExtension>
        </extensions>
      </trkpt>
      <trkpt lat="39.93847436271607875823974609375" lon="116.38511010445654392242431640625">
        <ele>52.40000152587890625</ele>
        <time>2026-09-08T23:36:09.000Z</time>
        <extensions>
          <ns3:TrackPointExtension>
            <ns3:atemp>22.0</ns3:atemp>
            <ns3:hr>139</ns3:hr>
            <ns3:cad>89</ns3:cad>
          </ns3:TrackPointExtension>
        </extensions>
      </trkpt>
      <trkpt lat="39.9384789727628231048583984375" lon="116.3850840367376804351806640625">
        <ele>52.40000152587890625</ele>
        <time>2026-09-08T23:36:10.000Z</time>
        <extensions>
          <ns3:TrackPointExtension>
            <ns3:atemp>22.0</ns3:atemp>
            <ns3:hr>139</ns3:hr>
            <ns3:cad>88</ns3:cad>
          </ns3:TrackPointExtension>
        </extensions>
      </trkpt>
      <trkpt lat="39.93848391808569431304931640625" lon="116.385054700076580047607421875">
        <ele>52.40000152587890625</ele>
        <time>2026-09-08T23:36:11.000Z</time>
        <extensions>
          <ns3:TrackPointExtension>
            <ns3:atemp>22.0</ns3:atemp>
            <ns3:hr>139</ns3:hr>
            <ns3:cad>88</ns3:cad>
          </ns3:TrackPointExtension>
        </extensions>
      </trkpt>
      <trkpt lat="39.9384933896362781524658203125" lon="116.3850243575870990753173828125">
        <ele>52.40000152587890625</ele>
        <time>2026-09-08T23:36:12.000Z</time>
        <extensions>
          <ns3:TrackPointExtension>
            <ns3:atemp>22.0</ns3:atemp>
            <ns3:hr>139</ns3:hr>
            <ns3:cad>89</ns3:cad>
          </ns3:TrackPointExtension>
        </extensions>
      </trkpt>
      <trkpt lat="39.938502945005893707275390625" lon="116.3849925063550472259521484375">
        <ele>52.40000152587890625</ele>
        <time>2026-09-08T23:36:13.000Z</time>
        <extensions>
          <ns3:TrackPointExtension>
            <ns3:atemp>22.0</ns3:atemp>
            <ns3:hr>139</ns3:hr>
            <ns3:cad>89</ns3:cad>
          </ns3:TrackPointExtension>
        </extensions>
      </trkpt>
      <trkpt lat="39.93851275183260440826416015625" lon="116.38496073894202709197998046875">
        <ele>52.40000152587890625</ele>
        <time>2026-09-08T23:36:14.000Z</time>
        <extensions>
          <ns3:TrackPointExtension>
            <ns3:atemp>22.0</ns3:atemp>
            <ns3:hr>140</ns3:hr>
            <ns3:cad>89</ns3:cad>
          </ns3:TrackPointExtension>
        </extensions>
      </trkpt>
      <trkpt lat="39.93852071464061737060546875" lon="116.38493123464286327362060546875">
        <ele>52.40000152587890625</ele>
        <time>2026-09-08T23:36:15.000Z</time>
        <extensions>
          <ns3:TrackPointExtension>
            <ns3:atemp>22.0</ns3:atemp>
            <ns3:hr>139</ns3:hr>
            <ns3:cad>88</ns3:cad>
          </ns3:TrackPointExtension>
        </extensions>
      </trkpt>
      <trkpt lat="39.93852884508669376373291015625" lon="116.38490147888660430908203125">
        <ele>52.40000152587890625</ele>
        <time>2026-09-08T23:36:16.000Z</time>
        <extensions>
          <ns3:TrackPointExtension>
            <ns3:atemp>22.0</ns3:atemp>
            <ns3:hr>139</ns3:hr>
            <ns3:cad>88</ns3:cad>
          </ns3:TrackPointExtension>
        </extensions>
      </trkpt>
      <trkpt lat="39.93853588588535785675048828125" lon="116.3848726451396942138671875">
        <ele>52.40000152587890625</ele>
        <time>2026-09-08T23:36:17.000Z</time>
        <extensions>
          <ns3:TrackPointExtension>
            <ns3:atemp>22.0</ns3:atemp>
            <ns3:hr>140</ns3:hr>
            <ns3:cad>88</ns3:cad>
          </ns3:TrackPointExtension>
        </extensions>
      </trkpt>
      <trkpt lat="39.93854678235948085784912109375" lon="116.3848493434488773345947265625">
        <ele>52.40000152587890625</ele>
        <time>2026-09-08T23:36:18.000Z</time>
        <extensions>
          <ns3:TrackPointExtension>
            <ns3:atemp>22.0</ns3:atemp>
            <ns3:hr>140</ns3:hr>
            <ns3:cad>89</ns3:cad>
          </ns3:TrackPointExtension>
        </extensions>
      </trkpt>
      <trkpt lat="39.93855751119554042816162109375" lon="116.38482143171131610870361328125">
        <ele>52.40000152587890625</ele>
        <time>2026-09-08T23:36:19.000Z</time>
        <extensions>
          <ns3:TrackPointExtension>
            <ns3:atemp>22.0</ns3:atemp>
            <ns3:hr>140</ns3:hr>
            <ns3:cad>89</ns3:cad>
          </ns3:TrackPointExtension>
        </extensions>
      </trkpt>
      <trkpt lat="39.938572347164154052734375" lon="116.38479528017342090606689453125">
        <ele>52.40000152587890625</ele>
        <time>2026-09-08T23:36:20.000Z</time>
        <extensions>
          <ns3:TrackPointExtension>
            <ns3:atemp>22.0</ns3:atemp>
            <ns3:hr>140</ns3:hr>
            <ns3:cad>90</ns3:cad>
          </ns3:TrackPointExtension>
        </extensions>
      </trkpt>
      <trkpt lat="39.938583076000213623046875" lon="116.38476963154971599578857421875">
        <ele>52.200000762939453125</ele>
        <time>2026-09-08T23:36:21.000Z</time>
        <extensions>
          <ns3:TrackPointExtension>
            <ns3:atemp>22.0</ns3:atemp>
            <ns3:hr>140</ns3:hr>
            <ns3:cad>90</ns3:cad>
          </ns3:TrackPointExtension>
        </extensions>
      </trkpt>
      <trkpt lat="39.93859757669270038604736328125" lon="116.38474465347826480865478515625">
        <ele>52.200000762939453125</ele>
        <time>2026-09-08T23:36:22.000Z</time>
        <extensions>
          <ns3:TrackPointExtension>
            <ns3:atemp>22.0</ns3:atemp>
            <ns3:hr>140</ns3:hr>
            <ns3:cad>89</ns3:cad>
          </ns3:TrackPointExtension>
        </extensions>
      </trkpt>
      <trkpt lat="39.9386077187955379486083984375" lon="116.38471984304487705230712890625">
        <ele>52.200000762939453125</ele>
        <time>2026-09-08T23:36:23.000Z</time>
        <extensions>
          <ns3:TrackPointExtension>
            <ns3:atemp>22.0</ns3:atemp>
            <ns3:hr>140</ns3:hr>
            <ns3:cad>88</ns3:cad>
          </ns3:TrackPointExtension>
        </extensions>
      </trkpt>
      <trkpt lat="39.9386221356689929962158203125" lon="116.38469360768795013427734375">
        <ele>52.200000762939453125</ele>
        <time>2026-09-08T23:36:24.000Z</time>
        <extensions>
          <ns3:TrackPointExtension>
            <ns3:atemp>22.0</ns3:atemp>
            <ns3:hr>140</ns3:hr>
            <ns3:cad>88</ns3:cad>
          </ns3:TrackPointExtension>
        </extensions>
      </trkpt>
      <trkpt lat="39.9386338703334331512451171875" lon="116.3846703059971332550048828125">
        <ele>52.200000762939453125</ele>
        <time>2026-09-08T23:36:25.000Z</time>
        <extensions>
          <ns3:TrackPointExtension>
            <ns3:atemp>22.0</ns3:atemp>
            <ns3:hr>140</ns3:hr>
            <ns3:cad>88</ns3:cad>
          </ns3:TrackPointExtension>
        </extensions>
      </trkpt>
      <trkpt lat="39.93864753283560276031494140625" lon="116.3846475072205066680908203125">
        <ele>52.200000762939453125</ele>
        <time>2026-09-08T23:36:26.000Z</time>
        <extensions>
          <ns3:TrackPointExtension>
            <ns3:atemp>22.0</ns3:atemp>
            <ns3:hr>140</ns3:hr>
            <ns3:cad>88</ns3:cad>
          </ns3:TrackPointExtension>
        </extensions>
      </trkpt>
      <trkpt lat="39.9386586807668209075927734375" lon="116.38461590744554996490478515625">
        <ele>52.200000762939453125</ele>
        <time>2026-09-08T23:36:27.000Z</time>
        <extensions>
          <ns3:TrackPointExtension>
            <ns3:atemp>22.0</ns3:atemp>
            <ns3:hr>140</ns3:hr>
            <ns3:cad>88</ns3:cad>
          </ns3:TrackPointExtension>
        </extensions>
      </trkpt>
      <trkpt lat="39.938671253621578216552734375" lon="116.38458891771733760833740234375">
        <ele>52.40000152587890625</ele>
        <time>2026-09-08T23:36:28.000Z</time>
        <extensions>
          <ns3:TrackPointExtension>
            <ns3:atemp>22.0</ns3:atemp>
            <ns3:hr>140</ns3:hr>
            <ns3:cad>89</ns3:cad>
          </ns3:TrackPointExtension>
        </extensions>
      </trkpt>
      <trkpt lat="39.9386844970285892486572265625" lon="116.384567208588123321533203125">
        <ele>52.59999847412109375</ele>
        <time>2026-09-08T23:36:29.000Z</time>
        <extensions>
          <ns3:TrackPointExtension>
            <ns3:atemp>22.0</ns3:atemp>
            <ns3:hr>140</ns3:hr>
            <ns3:cad>89</ns3:cad>
          </ns3:TrackPointExtension>
        </extensions>
      </trkpt>
      <trkpt lat="39.938698075711727142333984375" lon="116.384543739259243011474609375">
        <ele>52.59999847412109375</ele>
        <time>2026-09-08T23:36:30.000Z</time>
        <extensions>
          <ns3:TrackPointExtension>
            <ns3:atemp>22.0</ns3:atemp>
            <ns3:hr>141</ns3:hr>
            <ns3:cad>89</ns3:cad>
          </ns3:TrackPointExtension>
        </extensions>
      </trkpt>
      <trkpt lat="39.93871056474745273590087890625" lon="116.38452085666358470916748046875">
        <ele>52.59999847412109375</ele>
        <time>2026-09-08T23:36:31.000Z</time>
        <extensions>
          <ns3:TrackPointExtension>
            <ns3:atemp>22.0</ns3:atemp>
            <ns3:hr>141</ns3:hr>
            <ns3:cad>88</ns3:cad>
          </ns3:TrackPointExtension>
        </extensions>
      </trkpt>
      <trkpt lat="39.93872347287833690643310546875" lon="116.38449403457343578338623046875">
        <ele>52.59999847412109375</ele>
        <time>2026-09-08T23:36:32.000Z</time>
        <extensions>
          <ns3:TrackPointExtension>
            <ns3:atemp>22.0</ns3:atemp>
            <ns3:hr>141</ns3:hr>
            <ns3:cad>88</ns3:cad>
          </ns3:TrackPointExtension>
        </extensions>
      </trkpt>
      <trkpt lat="39.9387374706566333770751953125" lon="116.38446955941617488861083984375">
        <ele>52.59999847412109375</ele>
        <time>2026-09-08T23:36:33.000Z</time>
        <extensions>
          <ns3:TrackPointExtension>
            <ns3:atemp>22.0</ns3:atemp>
            <ns3:hr>141</ns3:hr>
            <ns3:cad>88</ns3:cad>
          </ns3:TrackPointExtension>
        </extensions>
      </trkpt>
      <trkpt lat="39.938748367130756378173828125" lon="116.38444609008729457855224609375">
        <ele>52.59999847412109375</ele>
        <time>2026-09-08T23:36:34.000Z</time>
        <extensions>
          <ns3:TrackPointExtension>
            <ns3:atemp>22.0</ns3:atemp>
            <ns3:hr>141</ns3:hr>
            <ns3:cad>88</ns3:cad>
          </ns3:TrackPointExtension>
        </extensions>
      </trkpt>
      <trkpt lat="39.938761107623577117919921875" lon="116.384423039853572845458984375">
        <ele>52.59999847412109375</ele>
        <time>2026-09-08T23:36:35.000Z</time>
        <extensions>
          <ns3:TrackPointExtension>
            <ns3:atemp>22.0</ns3:atemp>
            <ns3:hr>141</ns3:hr>
            <ns3:cad>88</ns3:cad>
          </ns3:TrackPointExtension>
        </extensions>
      </trkpt>
      <trkpt lat="39.938775859773159027099609375" lon="116.384393535554409027099609375">
        <ele>52.59999847412109375</ele>
        <time>2026-09-08T23:36:36.000Z</time>
        <extensions>
          <ns3:TrackPointExtension>
            <ns3:atemp>22.0</ns3:atemp>
            <ns3:hr>141</ns3:hr>
            <ns3:cad>88</ns3:cad>
          </ns3:TrackPointExtension>
        </extensions>
      </trkpt>
      <trkpt lat="39.93878633715212345123291015625" lon="116.3843668811023235321044921875">
        <ele>52.59999847412109375</ele>
        <time>2026-09-08T23:36:37.000Z</time>
        <extensions>
          <ns3:TrackPointExtension>
            <ns3:atemp>22.0</ns3:atemp>
            <ns3:hr>140</ns3:hr>
            <ns3:cad>88</ns3:cad>
          </ns3:TrackPointExtension>
        </extensions>
      </trkpt>
      <trkpt lat="39.93880125693976879119873046875" lon="116.38433796353638172149658203125">
        <ele>52.40000152587890625</ele>
        <time>2026-09-08T23:36:38.000Z</time>
        <extensions>
          <ns3:TrackPointExtension>
            <ns3:atemp>22.0</ns3:atemp>
            <ns3:hr>140</ns3:hr>
            <ns3:cad>89</ns3:cad>
          </ns3:TrackPointExtension>
        </extensions>
      </trkpt>
      <trkpt lat="39.93881366215646266937255859375" lon="116.3843118958175182342529296875">
        <ele>52.40000152587890625</ele>
        <time>2026-09-08T23:36:39.000Z</time>
        <extensions>
          <ns3:TrackPointExtension>
            <ns3:atemp>22.0</ns3:atemp>
            <ns3:hr>140</ns3:hr>
            <ns3:cad>89</ns3:cad>
          </ns3:TrackPointExtension>
        </extensions>
      </trkpt>
      <trkpt lat="39.9388246424496173858642578125" lon="116.3842847384512424468994140625">
        <ele>52.40000152587890625</ele>
        <time>2026-09-08T23:36:40.000Z</time>
        <extensions>
          <ns3:TrackPointExtension>
            <ns3:atemp>22.0</ns3:atemp>
            <ns3:hr>139</ns3:hr>
            <ns3:cad>89</ns3:cad>
          </ns3:TrackPointExtension>
        </extensions>
      </trkpt>
      <trkpt lat="39.938838891685009002685546875" lon="116.38425498269498348236083984375">
        <ele>52.40000152587890625</ele>
        <time>2026-09-08T23:36:41.000Z</time>
        <extensions>
          <ns3:TrackPointExtension>
            <ns3:atemp>22.0</ns3:atemp>
            <ns3:hr>139</ns3:hr>
            <ns3:cad>88</ns3:cad>
          </ns3:TrackPointExtension>
        </extensions>
      </trkpt>
      <trkpt lat="39.9388541467487812042236328125" lon="116.3842294178903102874755859375">
        <ele>52.40000152587890625</ele>
        <time>2026-09-08T23:36:42.000Z</time>
        <extensions>
          <ns3:TrackPointExtension>
            <ns3:atemp>22.0</ns3:atemp>
            <ns3:hr>139</ns3:hr>
            <ns3:cad>89</ns3:cad>
          </ns3:TrackPointExtension>
        </extensions>
      </trkpt>
      <trkpt lat="39.9388688988983631134033203125" lon="116.3842059485614299774169921875">
        <ele>52.40000152587890625</ele>
        <time>2026-09-08T23:36:43.000Z</time>
        <extensions>
          <ns3:TrackPointExtension>
            <ns3:atemp>22.0</ns3:atemp>
            <ns3:hr>138</ns3:hr>
            <ns3:cad>89</ns3:cad>
          </ns3:TrackPointExtension>
        </extensions>
      </trkpt>
      <trkpt lat="39.9388792924582958221435546875" lon="116.38418667018413543701171875">
        <ele>52.40000152587890625</ele>
        <time>2026-09-08T23:36:44.000Z</time>
        <extensions>
          <ns3:TrackPointExtension>
            <ns3:atemp>22.0</ns3:atemp>
            <ns3:hr>138</ns3:hr>
            <ns3:cad>90</ns3:cad>
          </ns3:TrackPointExtension>
        </extensions>
      </trkpt>
      <trkpt lat="39.93889345787465572357177734375" lon="116.38416043482720851898193359375">
        <ele>52.40000152587890625</ele>
        <time>2026-09-08T23:36:45.000Z</time>
        <extensions>
          <ns3:TrackPointExtension>
            <ns3:atemp>22.0</ns3:atemp>
            <ns3:hr>138</ns3:hr>
            <ns3:cad>90</ns3:cad>
          </ns3:TrackPointExtension>
        </extensions>
      </trkpt>
      <trkpt lat="39.9389071203768253326416015625" lon="116.38413830660283565521240234375">
        <ele>52.40000152587890625</ele>
        <time>2026-09-08T23:36:46.000Z</time>
        <extensions>
          <ns3:TrackPointExtension>
            <ns3:atemp>22.0</ns3:atemp>
            <ns3:hr>138</ns3:hr>
            <ns3:cad>90</ns3:cad>
          </ns3:TrackPointExtension>
        </extensions>
      </trkpt>
      <trkpt lat="39.93892128579318523406982421875" lon="116.384115926921367645263671875">
        <ele>52.40000152587890625</ele>
        <time>2026-09-08T23:36:47.000Z</time>
        <extensions>
          <ns3:TrackPointExtension>
            <ns3:atemp>22.0</ns3:atemp>
            <ns3:hr>137</ns3:hr>
            <ns3:cad>89</ns3:cad>
          </ns3:TrackPointExtension>
        </extensions>
      </trkpt>
      <trkpt lat="39.9389379657804965972900390625" lon="116.38409187085926532745361328125">
        <ele>52.40000152587890625</ele>
        <time>2026-09-08T23:36:48.000Z</time>
        <extensions>
          <ns3:TrackPointExtension>
            <ns3:atemp>22.0</ns3:atemp>
            <ns3:hr>137</ns3:hr>
            <ns3:cad>89</ns3:cad>
          </ns3:TrackPointExtension>
        </extensions>
      </trkpt>
      <trkpt lat="39.938951544463634490966796875" lon="116.38406907208263874053955078125">
        <ele>52.40000152587890625</ele>
        <time>2026-09-08T23:36:49.000Z</time>
        <extensions>
          <ns3:TrackPointExtension>
            <ns3:atemp>22.0</ns3:atemp>
            <ns3:hr>137</ns3:hr>
            <ns3:cad>89</ns3:cad>
          </ns3:TrackPointExtension>
        </extensions>
      </trkpt>
      <trkpt lat="39.938966967165470123291015625" lon="116.38404426164925098419189453125">
        <ele>52.40000152587890625</ele>
        <time>2026-09-08T23:36:50.000Z</time>
        <extensions>
          <ns3:TrackPointExtension>
            <ns3:atemp>22.0</ns3:atemp>
            <ns3:hr>137</ns3:hr>
            <ns3:cad>89</ns3:cad>
          </ns3:TrackPointExtension>
        </extensions>
      </trkpt>
      <trkpt lat="39.938979707658290863037109375" lon="116.3840198703110218048095703125">
        <ele>52.200000762939453125</ele>
        <time>2026-09-08T23:36:51.000Z</time>
        <extensions>
          <ns3:TrackPointExtension>
            <ns3:atemp>22.0</ns3:atemp>
            <ns3:hr>137</ns3:hr>
            <ns3:cad>89</ns3:cad>
          </ns3:TrackPointExtension>
        </extensions>
      </trkpt>
      <trkpt lat="39.9389952979981899261474609375" lon="116.38399564661085605621337890625">
        <ele>52.200000762939453125</ele>
        <time>2026-09-08T23:36:52.000Z</time>
        <extensions>
          <ns3:TrackPointExtension>
            <ns3:atemp>22.0</ns3:atemp>
            <ns3:hr>136</ns3:hr>
            <ns3:cad>90</ns3:cad>
          </ns3:TrackPointExtension>
        </extensions>
      </trkpt>
      <trkpt lat="39.9390097148716449737548828125" lon="116.38397343456745147705078125">
        <ele>52.40000152587890625</ele>
        <time>2026-09-08T23:36:53.000Z</time>
        <extensions>
          <ns3:TrackPointExtension>
            <ns3:atemp>22.0</ns3:atemp>
            <ns3:hr>137</ns3:hr>
            <ns3:cad>90</ns3:cad>
          </ns3:TrackPointExtension>
        </extensions>
      </trkpt>
      <trkpt lat="39.9390241317451000213623046875" lon="116.3839484564960002899169921875">
        <ele>52.40000152587890625</ele>
        <time>2026-09-08T23:36:54.000Z</time>
        <extensions>
          <ns3:TrackPointExtension>
            <ns3:atemp>22.0</ns3:atemp>
            <ns3:hr>137</ns3:hr>
            <ns3:cad>89</ns3:cad>
          </ns3:TrackPointExtension>
        </extensions>
      </trkpt>
      <trkpt lat="39.939038045704364776611328125" lon="116.38392305932939052581787109375">
        <ele>52.59999847412109375</ele>
        <time>2026-09-08T23:36:55.000Z</time>
        <extensions>
          <ns3:TrackPointExtension>
            <ns3:atemp>22.0</ns3:atemp>
            <ns3:hr>136</ns3:hr>
            <ns3:cad>89</ns3:cad>
          </ns3:TrackPointExtension>
        </extensions>
      </trkpt>
      <trkpt lat="39.93905221112072467803955078125" lon="116.383901350200176239013671875">
        <ele>52.59999847412109375</ele>
        <time>2026-09-08T23:36:56.000Z</time>
        <extensions>
          <ns3:TrackPointExtension>
            <ns3:atemp>22.0</ns3:atemp>
            <ns3:hr>137</ns3:hr>
            <ns3:cad>89</ns3:cad>
          </ns3:TrackPointExtension>
        </extensions>
      </trkpt>
      <trkpt lat="39.93906713090837001800537109375" lon="116.38387377373874187469482421875">
        <ele>52.59999847412109375</ele>
        <time>2026-09-08T23:36:57.000Z</time>
        <extensions>
          <ns3:TrackPointExtension>
            <ns3:atemp>22.0</ns3:atemp>
            <ns3:hr>137</ns3:hr>
            <ns3:cad>88</ns3:cad>
          </ns3:TrackPointExtension>
        </extensions>
      </trkpt>
      <trkpt lat="39.93908121250569820404052734375" lon="116.383846700191497802734375">
        <ele>52.59999847412109375</ele>
        <time>2026-09-08T23:36:58.000Z</time>
        <extensions>
          <ns3:TrackPointExtension>
            <ns3:atemp>22.0</ns3:atemp>
            <ns3:hr>136</ns3:hr>
            <ns3:cad>88</ns3:cad>
          </ns3:TrackPointExtension>
        </extensions>
      </trkpt>
      <trkpt lat="39.9390965513885021209716796875" lon="116.38381677679717540740966796875">
        <ele>52.59999847412109375</ele>
        <time>2026-09-08T23:36:59.000Z</time>
        <extensions>
          <ns3:TrackPointExtension>
            <ns3:atemp>22.0</ns3:atemp>
            <ns3:hr>136</ns3:hr>
            <ns3:cad>88</ns3:cad>
          </ns3:TrackPointExtension>
        </extensions>
      </trkpt>
      <trkpt lat="39.93911021389067173004150390625" lon="116.38379096053540706634521484375">
        <ele>52.59999847412109375</ele>
        <time>2026-09-08T23:37:00.000Z</time>
        <extensions>
          <ns3:TrackPointExtension>
            <ns3:atemp>22.0</ns3:atemp>
            <ns3:hr>136</ns3:hr>
            <ns3:cad>89</ns3:cad>
          </ns3:TrackPointExtension>
        </extensions>
      </trkpt>
      <trkpt lat="39.93912597186863422393798828125" lon="116.3837630487978458404541015625">
        <ele>52.59999847412109375</ele>
        <time>2026-09-08T23:37:01.000Z</time>
        <extensions>
          <ns3:TrackPointExtension>
            <ns3:atemp>22.0</ns3:atemp>
            <ns3:hr>137</ns3:hr>
            <ns3:cad>89</ns3:cad>
          </ns3:TrackPointExtension>
        </extensions>
      </trkpt>
      <trkpt lat="39.93913804180920124053955078125" lon="116.38373999856412410736083984375">
        <ele>52.59999847412109375</ele>
        <time>2026-09-08T23:37:02.000Z</time>
        <extensions>
          <ns3:TrackPointExtension>
            <ns3:atemp>22.0</ns3:atemp>
            <ns3:hr>136</ns3:hr>
            <ns3:cad>90</ns3:cad>
          </ns3:TrackPointExtension>
        </extensions>
      </trkpt>
      <trkpt lat="39.9391503632068634033203125" lon="116.3837140984833240509033203125">
        <ele>52.59999847412109375</ele>
        <time>2026-09-08T23:37:03.000Z</time>
        <extensions>
          <ns3:TrackPointExtension>
            <ns3:atemp>22.0</ns3:atemp>
            <ns3:hr>136</ns3:hr>
            <ns3:cad>89</ns3:cad>
          </ns3:TrackPointExtension>
        </extensions>
      </trkpt>
      <trkpt lat="39.93916201405227184295654296875" lon="116.3836897909641265869140625">
        <ele>52.59999847412109375</ele>
        <time>2026-09-08T23:37:04.000Z</time>
        <extensions>
          <ns3:TrackPointExtension>
            <ns3:atemp>22.0</ns3:atemp>
            <ns3:hr>136</ns3:hr>
            <ns3:cad>89</ns3:cad>
          </ns3:TrackPointExtension>
        </extensions>
      </trkpt>
      <trkpt lat="39.9391776882112026214599609375" lon="116.38366405852138996124267578125">
        <ele>52.799999237060546875</ele>
        <time>2026-09-08T23:37:05.000Z</time>
        <extensions>
          <ns3:TrackPointExtension>
            <ns3:atemp>22.0</ns3:atemp>
            <ns3:hr>136</ns3:hr>
            <ns3:cad>89</ns3:cad>
          </ns3:TrackPointExtension>
        </extensions>
      </trkpt>
      <trkpt lat="39.93918766267597675323486328125" lon="116.38363690115511417388916015625">
        <ele>52.799999237060546875</ele>
        <time>2026-09-08T23:37:06.000Z</time>
        <extensions>
          <ns3:TrackPointExtension>
            <ns3:atemp>22.0</ns3:atemp>
            <ns3:hr>135</ns3:hr>
            <ns3:cad>89</ns3:cad>
          </ns3:TrackPointExtension>
        </extensions>
      </trkpt>
      <trkpt lat="39.93920794688165187835693359375" lon="116.3836098276078701019287109375">
        <ele>52.799999237060546875</ele>
        <time>2026-09-08T23:37:07.000Z</time>
        <extensions>
          <ns3:TrackPointExtension>
            <ns3:atemp>22.0</ns3:atemp>
            <ns3:hr>135</ns3:hr>
            <ns3:cad>88</ns3:cad>
          </ns3:TrackPointExtension>
        </extensions>
      </trkpt>
      <trkpt lat="39.9392227828502655029296875" lon="116.38358308933675289154052734375">
        <ele>52.59999847412109375</ele>
        <time>2026-09-08T23:37:08.000Z</time>
        <extensions>
          <ns3:TrackPointExtension>
            <ns3:atemp>22.0</ns3:atemp>
            <ns3:hr>134</ns3:hr>
            <ns3:cad>88</ns3:cad>
          </ns3:TrackPointExtension>
        </extensions>
      </trkpt>
      <trkpt lat="39.93924030102789402008056640625" lon="116.3835583627223968505859375">
        <ele>52.59999847412109375</ele>
        <time>2026-09-08T23:37:09.000Z</time>
        <extensions>
          <ns3:TrackPointExtension>
            <ns3:atemp>22.0</ns3:atemp>
            <ns3:hr>132</ns3:hr>
            <ns3:cad>89</ns3:cad>
          </ns3:TrackPointExtension>
        </extensions>
      </trkpt>
      <trkpt lat="39.93924985639750957489013671875" lon="116.38352894224226474761962890625">
        <ele>52.59999847412109375</ele>
        <time>2026-09-08T23:37:10.000Z</time>
        <extensions>
          <ns3:TrackPointExtension>
            <ns3:atemp>22.0</ns3:atemp>
            <ns3:hr>132</ns3:hr>
            <ns3:cad>90</ns3:cad>
          </ns3:TrackPointExtension>
        </extensions>
      </trkpt>
      <trkpt lat="39.939266704022884368896484375" lon="116.38350245542824268341064453125">
        <ele>52.59999847412109375</ele>
        <time>2026-09-08T23:37:11.000Z</time>
        <extensions>
          <ns3:TrackPointExtension>
            <ns3:atemp>22.0</ns3:atemp>
            <ns3:hr>131</ns3:hr>
            <ns3:cad>90</ns3:cad>
          </ns3:TrackPointExtension>
        </extensions>
      </trkpt>
      <trkpt lat="39.9392789416015148162841796875" lon="116.38347898609936237335205078125">
        <ele>52.59999847412109375</ele>
        <time>2026-09-08T23:37:12.000Z</time>
        <extensions>
          <ns3:TrackPointExtension>
            <ns3:atemp>22.0</ns3:atemp>
            <ns3:hr>131</ns3:hr>
            <ns3:cad>90</ns3:cad>
          </ns3:TrackPointExtension>
        </extensions>
      </trkpt>
      <trkpt lat="39.93929713033139705657958984375" lon="116.3834564387798309326171875">
        <ele>52.59999847412109375</ele>
        <time>2026-09-08T23:37:13.000Z</time>
        <extensions>
          <ns3:TrackPointExtension>
            <ns3:atemp>22.0</ns3:atemp>
            <ns3:hr>131</ns3:hr>
            <ns3:cad>90</ns3:cad>
          </ns3:TrackPointExtension>
        </extensions>
      </trkpt>
      <trkpt lat="39.93930920027196407318115234375" lon="116.38343472965061664581298828125">
        <ele>52.59999847412109375</ele>
        <time>2026-09-08T23:37:14.000Z</time>
        <extensions>
          <ns3:TrackPointExtension>
            <ns3:atemp>22.0</ns3:atemp>
            <ns3:hr>130</ns3:hr>
            <ns3:cad>89</ns3:cad>
          </ns3:TrackPointExtension>
        </extensions>
      </trkpt>
      <trkpt lat="39.9393247067928314208984375" lon="116.3834126852452754974365234375">
        <ele>52.59999847412109375</ele>
        <time>2026-09-08T23:37:15.000Z</time>
        <extensions>
          <ns3:TrackPointExtension>
            <ns3:atemp>22.0</ns3:atemp>
            <ns3:hr>131</ns3:hr>
            <ns3:cad>88</ns3:cad>
          </ns3:TrackPointExtension>
        </extensions>
      </trkpt>
      <trkpt lat="39.9393381178379058837890625" lon="116.383392401039600372314453125">
        <ele>52.59999847412109375</ele>
        <time>2026-09-08T23:37:16.000Z</time>
        <extensions>
          <ns3:TrackPointExtension>
            <ns3:atemp>22.0</ns3:atemp>
            <ns3:hr>132</ns3:hr>
            <ns3:cad>88</ns3:cad>
          </ns3:TrackPointExtension>
        </extensions>
      </trkpt>
      <trkpt lat="39.939355887472629547119140625" lon="116.383369602262973785400390625">
        <ele>52.59999847412109375</ele>
        <time>2026-09-08T23:37:17.000Z</time>
        <extensions>
          <ns3:TrackPointExtension>
            <ns3:atemp>22.0</ns3:atemp>
            <ns3:hr>132</ns3:hr>
            <ns3:cad>88</ns3:cad>
          </ns3:TrackPointExtension>
        </extensions>
      </trkpt>
      <trkpt lat="39.93936703540384769439697265625" lon="116.3833503238856792449951171875">
        <ele>52.59999847412109375</ele>
        <time>2026-09-08T23:37:18.000Z</time>
        <extensions>
          <ns3:TrackPointExtension>
            <ns3:atemp>22.0</ns3:atemp>
            <ns3:hr>135</ns3:hr>
            <ns3:cad>88</ns3:cad>
          </ns3:TrackPointExtension>
        </extensions>
      </trkpt>
      <trkpt lat="39.9393862299621105194091796875" lon="116.38332299888134002685546875">
        <ele>52.59999847412109375</ele>
        <time>2026-09-08T23:37:19.000Z</time>
        <extensions>
          <ns3:TrackPointExtension>
            <ns3:atemp>22.0</ns3:atemp>
            <ns3:hr>135</ns3:hr>
            <ns3:cad>88</ns3:cad>
          </ns3:TrackPointExtension>
        </extensions>
      </trkpt>
      <trkpt lat="39.93940056301653385162353515625" lon="116.38330363668501377105712890625">
        <ele>52.59999847412109375</ele>
        <time>2026-09-08T23:37:20.000Z</time>
        <extensions>
          <ns3:TrackPointExtension>
            <ns3:atemp>22.0</ns3:atemp>
            <ns3:hr>136</ns3:hr>
            <ns3:cad>88</ns3:cad>
          </ns3:TrackPointExtension>
        </extensions>
      </trkpt>
      <trkpt lat="39.9394160695374011993408203125" lon="116.38328284956514835357666015625">
        <ele>52.59999847412109375</ele>
        <time>2026-09-08T23:37:21.000Z</time>
        <extensions>
          <ns3:TrackPointExtension>
            <ns3:atemp>22.0</ns3:atemp>
            <ns3:hr>137</ns3:hr>
            <ns3:cad>88</ns3:cad>
          </ns3:TrackPointExtension>
        </extensions>
      </trkpt>
      <trkpt lat="39.9394338391721248626708984375" lon="116.3832624815404415130615234375">
        <ele>52.59999847412109375</ele>
        <time>2026-09-08T23:37:22.000Z</time>
        <extensions>
          <ns3:TrackPointExtension>
            <ns3:atemp>22.0</ns3:atemp>
            <ns3:hr>137</ns3:hr>
            <ns3:cad>88</ns3:cad>
          </ns3:TrackPointExtension>
        </extensions>
      </trkpt>
      <trkpt lat="39.9394509382545948028564453125" lon="116.38323842547833919525146484375">
        <ele>52.59999847412109375</ele>
        <time>2026-09-08T23:37:23.000Z</time>
        <extensions>
          <ns3:TrackPointExtension>
            <ns3:atemp>22.0</ns3:atemp>
            <ns3:hr>138</ns3:hr>
            <ns3:cad>88</ns3:cad>
          </ns3:TrackPointExtension>
        </extensions>
      </trkpt>
      <trkpt lat="39.9394700489938259124755859375" lon="116.38321705162525177001953125">
        <ele>52.59999847412109375</ele>
        <time>2026-09-08T23:37:24.000Z</time>
        <extensions>
          <ns3:TrackPointExtension>
            <ns3:atemp>22.0</ns3:atemp>
            <ns3:hr>138</ns3:hr>
            <ns3:cad>88</ns3:cad>
          </ns3:TrackPointExtension>
        </extensions>
      </trkpt>
      <trkpt lat="39.93948773480951786041259765625" lon="116.38319785706698894500732421875">
        <ele>52.59999847412109375</ele>
        <time>2026-09-08T23:37:25.000Z</time>
        <extensions>
          <ns3:TrackPointExtension>
            <ns3:atemp>22.0</ns3:atemp>
            <ns3:hr>138</ns3:hr>
            <ns3:cad>88</ns3:cad>
          </ns3:TrackPointExtension>
        </extensions>
      </trkpt>
      <trkpt lat="39.93950785137712955474853515625" lon="116.38317815959453582763671875">
        <ele>52.799999237060546875</ele>
        <time>2026-09-08T23:37:26.000Z</time>
        <extensions>
          <ns3:TrackPointExtension>
            <ns3:atemp>22.0</ns3:atemp>
            <ns3:hr>138</ns3:hr>
            <ns3:cad>88</ns3:cad>
          </ns3:TrackPointExtension>
        </extensions>
      </trkpt>
      <trkpt lat="39.93952394463121891021728515625" lon="116.38315812684595584869384765625">
        <ele>52.799999237060546875</ele>
        <time>2026-09-08T23:37:27.000Z</time>
        <extensions>
          <ns3:TrackPointExtension>
            <ns3:atemp>22.0</ns3:atemp>
            <ns3:hr>138</ns3:hr>
            <ns3:cad>88</ns3:cad>
          </ns3:TrackPointExtension>
        </extensions>
      </trkpt>
      <trkpt lat="39.939541630446910858154296875" lon="116.38313516043126583099365234375">
        <ele>52.59999847412109375</ele>
        <time>2026-09-08T23:37:28.000Z</time>
        <extensions>
          <ns3:TrackPointExtension>
            <ns3:atemp>22.0</ns3:atemp>
            <ns3:hr>138</ns3:hr>
            <ns3:cad>88</ns3:cad>
          </ns3:TrackPointExtension>
        </extensions>
      </trkpt>
      <trkpt lat="39.939559064805507659912109375" lon="116.38311303220689296722412109375">
        <ele>52.59999847412109375</ele>
        <time>2026-09-08T23:37:29.000Z</time>
        <extensions>
          <ns3:TrackPointExtension>
            <ns3:atemp>22.0</ns3:atemp>
            <ns3:hr>137</ns3:hr>
            <ns3:cad>88</ns3:cad>
          </ns3:TrackPointExtension>
        </extensions>
      </trkpt>
      <trkpt lat="39.9395796842873096466064453125" lon="116.38308989815413951873779296875">
        <ele>52.59999847412109375</ele>
        <time>2026-09-08T23:37:30.000Z</time>
        <extensions>
          <ns3:TrackPointExtension>
            <ns3:atemp>22.0</ns3:atemp>
            <ns3:hr>138</ns3:hr>
            <ns3:cad>88</ns3:cad>
          </ns3:TrackPointExtension>
        </extensions>
      </trkpt>
      <trkpt lat="39.93959586136043071746826171875" lon="116.3830673508346080780029296875">
        <ele>52.59999847412109375</ele>
        <time>2026-09-08T23:37:31.000Z</time>
        <extensions>
          <ns3:TrackPointExtension>
            <ns3:atemp>22.0</ns3:atemp>
            <ns3:hr>137</ns3:hr>
            <ns3:cad>88</ns3:cad>
          </ns3:TrackPointExtension>
        </extensions>
      </trkpt>
      <trkpt lat="39.93961329571902751922607421875" lon="116.3830388523638248443603515625">
        <ele>52.59999847412109375</ele>
        <time>2026-09-08T23:37:32.000Z</time>
        <extensions>
          <ns3:TrackPointExtension>
            <ns3:atemp>22.0</ns3:atemp>
            <ns3:hr>137</ns3:hr>
            <ns3:cad>88</ns3:cad>
          </ns3:TrackPointExtension>
        </extensions>
      </trkpt>
      <trkpt lat="39.939626790583133697509765625" lon="116.38301328755915164947509765625">
        <ele>52.59999847412109375</ele>
        <time>2026-09-08T23:37:33.000Z</time>
        <extensions>
          <ns3:TrackPointExtension>
            <ns3:atemp>22.0</ns3:atemp>
            <ns3:hr>137</ns3:hr>
            <ns3:cad>89</ns3:cad>
          </ns3:TrackPointExtension>
        </extensions>
      </trkpt>
      <trkpt lat="39.93964833207428455352783203125" lon="116.3829912431538105010986328125">
        <ele>52.799999237060546875</ele>
        <time>2026-09-08T23:37:34.000Z</time>
        <extensions>
          <ns3:TrackPointExtension>
            <ns3:atemp>22.0</ns3:atemp>
            <ns3:hr>136</ns3:hr>
            <ns3:cad>89</ns3:cad>
          </ns3:TrackPointExtension>
        </extensions>
      </trkpt>
      <trkpt lat="39.9396621622145175933837890625" lon="116.382969282567501068115234375">
        <ele>52.799999237060546875</ele>
        <time>2026-09-08T23:37:35.000Z</time>
        <extensions>
          <ns3:TrackPointExtension>
            <ns3:atemp>22.0</ns3:atemp>
            <ns3:hr>136</ns3:hr>
            <ns3:cad>88</ns3:cad>
          </ns3:TrackPointExtension>
        </extensions>
      </trkpt>
      <trkpt lat="39.93968152441084384918212890625" lon="116.3829476572573184967041015625">
        <ele>52.799999237060546875</ele>
        <time>2026-09-08T23:37:36.000Z</time>
        <extensions>
          <ns3:TrackPointExtension>
            <ns3:atemp>22.0</ns3:atemp>
            <ns3:hr>136</ns3:hr>
            <ns3:cad>88</ns3:cad>
          </ns3:TrackPointExtension>
        </extensions>
      </trkpt>
      <trkpt lat="39.9396977014839649200439453125" lon="116.3829258643090724945068359375">
        <ele>52.799999237060546875</ele>
        <time>2026-09-08T23:37:37.000Z</time>
        <extensions>
          <ns3:TrackPointExtension>
            <ns3:atemp>22.0</ns3:atemp>
            <ns3:hr>136</ns3:hr>
            <ns3:cad>88</ns3:cad>
          </ns3:TrackPointExtension>
        </extensions>
      </trkpt>
      <trkpt lat="39.9397191591560840606689453125" lon="116.382902897894382476806640625">
        <ele>52.799999237060546875</ele>
        <time>2026-09-08T23:37:38.000Z</time>
        <extensions>
          <ns3:TrackPointExtension>
            <ns3:atemp>22.0</ns3:atemp>
            <ns3:hr>137</ns3:hr>
            <ns3:cad>89</ns3:cad>
          </ns3:TrackPointExtension>
        </extensions>
      </trkpt>
      <trkpt lat="39.939733408391475677490234375" lon="116.382881440222263336181640625">
        <ele>52.59999847412109375</ele>
        <time>2026-09-08T23:37:39.000Z</time>
        <extensions>
          <ns3:TrackPointExtension>
            <ns3:atemp>22.0</ns3:atemp>
            <ns3:hr>137</ns3:hr>
            <ns3:cad>89</ns3:cad>
          </ns3:TrackPointExtension>
        </extensions>
      </trkpt>
      <trkpt lat="39.93975042365491390228271484375" lon="116.3828601501882076263427734375">
        <ele>52.59999847412109375</ele>
        <time>2026-09-08T23:37:40.000Z</time>
        <extensions>
          <ns3:TrackPointExtension>
            <ns3:atemp>22.0</ns3:atemp>
            <ns3:hr>136</ns3:hr>
            <ns3:cad>89</ns3:cad>
          </ns3:TrackPointExtension>
        </extensions>
      </trkpt>
      <trkpt lat="39.93976517580449581146240234375" lon="116.38283961452543735504150390625">
        <ele>52.59999847412109375</ele>
        <time>2026-09-08T23:37:41.000Z</time>
        <extensions>
          <ns3:TrackPointExtension>
            <ns3:atemp>22.0</ns3:atemp>
            <ns3:hr>136</ns3:hr>
            <ns3:cad>89</ns3:cad>
          </ns3:TrackPointExtension>
        </extensions>
      </trkpt>
      <trkpt lat="39.939782358705997467041015625" lon="116.38282033614814281463623046875">
        <ele>52.59999847412109375</ele>
        <time>2026-09-08T23:37:42.000Z</time>
        <extensions>
          <ns3:TrackPointExtension>
            <ns3:atemp>22.0</ns3:atemp>
            <ns3:hr>136</ns3:hr>
            <ns3:cad>89</ns3:cad>
          </ns3:TrackPointExtension>
        </extensions>
      </trkpt>
      <trkpt lat="39.93979652412235736846923828125" lon="116.382800638675689697265625">
        <ele>52.59999847412109375</ele>
        <time>2026-09-08T23:37:43.000Z</time>
        <extensions>
          <ns3:TrackPointExtension>
            <ns3:atemp>22.0</ns3:atemp>
            <ns3:hr>136</ns3:hr>
            <ns3:cad>89</ns3:cad>
          </ns3:TrackPointExtension>
        </extensions>
      </trkpt>
      <trkpt lat="39.93981697596609592437744140625" lon="116.38277809135615825653076171875">
        <ele>52.59999847412109375</ele>
        <time>2026-09-08T23:37:44.000Z</time>
        <extensions>
          <ns3:TrackPointExtension>
            <ns3:atemp>22.0</ns3:atemp>
            <ns3:hr>137</ns3:hr>
            <ns3:cad>89</ns3:cad>
          </ns3:TrackPointExtension>
        </extensions>
      </trkpt>
      <trkpt lat="39.939829297363758087158203125" lon="116.3827558793127536773681640625">
        <ele>52.799999237060546875</ele>
        <time>2026-09-08T23:37:45.000Z</time>
        <extensions>
          <ns3:TrackPointExtension>
            <ns3:atemp>22.0</ns3:atemp>
            <ns3:hr>136</ns3:hr>
            <ns3:cad>88</ns3:cad>
          </ns3:TrackPointExtension>
        </extensions>
      </trkpt>
      <trkpt lat="39.9398479051887989044189453125" lon="116.38273349963128566741943359375">
        <ele>52.799999237060546875</ele>
        <time>2026-09-08T23:37:46.000Z</time>
        <extensions>
          <ns3:TrackPointExtension>
            <ns3:atemp>22.0</ns3:atemp>
            <ns3:hr>136</ns3:hr>
            <ns3:cad>88</ns3:cad>
          </ns3:TrackPointExtension>
        </extensions>
      </trkpt>
      <trkpt lat="39.93986316025257110595703125" lon="116.38271321542561054229736328125">
        <ele>52.799999237060546875</ele>
        <time>2026-09-08T23:37:47.000Z</time>
        <extensions>
          <ns3:TrackPointExtension>
            <ns3:atemp>22.0</ns3:atemp>
            <ns3:hr>136</ns3:hr>
            <ns3:cad>88</ns3:cad>
          </ns3:TrackPointExtension>
        </extensions>
      </trkpt>
      <trkpt lat="39.93988419882953166961669921875" lon="116.3826928474009037017822265625">
        <ele>52.799999237060546875</ele>
        <time>2026-09-08T23:37:48.000Z</time>
        <extensions>
          <ns3:TrackPointExtension>
            <ns3:atemp>22.0</ns3:atemp>
            <ns3:hr>136</ns3:hr>
            <ns3:cad>88</ns3:cad>
          </ns3:TrackPointExtension>
        </extensions>
      </trkpt>
      <trkpt lat="39.9399008788168430328369140625" lon="116.38267700560390949249267578125">
        <ele>52.799999237060546875</ele>
        <time>2026-09-08T23:37:49.000Z</time>
        <extensions>
          <ns3:TrackPointExtension>
            <ns3:atemp>22.0</ns3:atemp>
            <ns3:hr>136</ns3:hr>
            <ns3:cad>89</ns3:cad>
          </ns3:TrackPointExtension>
        </extensions>
      </trkpt>
      <trkpt lat="39.93992124684154987335205078125" lon="116.38265311717987060546875">
        <ele>52.799999237060546875</ele>
        <time>2026-09-08T23:37:50.000Z</time>
        <extensions>
          <ns3:TrackPointExtension>
            <ns3:atemp>22.0</ns3:atemp>
            <ns3:hr>136</ns3:hr>
            <ns3:cad>89</ns3:cad>
          </ns3:TrackPointExtension>
        </extensions>
      </trkpt>
      <trkpt lat="39.93993801064789295196533203125" lon="116.38263341970741748809814453125">
        <ele>52.799999237060546875</ele>
        <time>2026-09-08T23:37:51.000Z</time>
        <extensions>
          <ns3:TrackPointExtension>
            <ns3:atemp>22.0</ns3:atemp>
            <ns3:hr>136</ns3:hr>
            <ns3:cad>89</ns3:cad>
          </ns3:TrackPointExtension>
        </extensions>
      </trkpt>
      <trkpt lat="39.9399535171687602996826171875" lon="116.3826137222349643707275390625">
        <ele>52.799999237060546875</ele>
        <time>2026-09-08T23:37:52.000Z</time>
        <extensions>
          <ns3:TrackPointExtension>
            <ns3:atemp>22.0</ns3:atemp>
            <ns3:hr>136</ns3:hr>
            <ns3:cad>89</ns3:cad>
          </ns3:TrackPointExtension>
        </extensions>
      </trkpt>
      <trkpt lat="39.93996952660381793975830078125" lon="116.38259586878120899200439453125">
        <ele>52.799999237060546875</ele>
        <time>2026-09-08T23:37:53.000Z</time>
        <extensions>
          <ns3:TrackPointExtension>
            <ns3:atemp>22.0</ns3:atemp>
            <ns3:hr>136</ns3:hr>
            <ns3:cad>89</ns3:cad>
          </ns3:TrackPointExtension>
        </extensions>
      </trkpt>
      <trkpt lat="39.93998712860047817230224609375" lon="116.38258111663162708282470703125">
        <ele>52.799999237060546875</ele>
        <time>2026-09-08T23:37:54.000Z</time>
        <extensions>
          <ns3:TrackPointExtension>
            <ns3:atemp>22.0</ns3:atemp>
            <ns3:hr>137</ns3:hr>
            <ns3:cad>88</ns3:cad>
          </ns3:TrackPointExtension>
        </extensions>
      </trkpt>
      <trkpt lat="39.9400041438639163970947265625" lon="116.3825659453868865966796875">
        <ele>52.799999237060546875</ele>
        <time>2026-09-08T23:37:55.000Z</time>
        <extensions>
          <ns3:TrackPointExtension>
            <ns3:atemp>22.0</ns3:atemp>
            <ns3:hr>137</ns3:hr>
            <ns3:cad>88</ns3:cad>
          </ns3:TrackPointExtension>
        </extensions>
      </trkpt>
      <trkpt lat="39.9400245957076549530029296875" lon="116.382542811334133148193359375">
        <ele>52.799999237060546875</ele>
        <time>2026-09-08T23:37:56.000Z</time>
        <extensions>
          <ns3:TrackPointExtension>
            <ns3:atemp>22.0</ns3:atemp>
            <ns3:hr>137</ns3:hr>
            <ns3:cad>88</ns3:cad>
          </ns3:TrackPointExtension>
        </extensions>
      </trkpt>
      <trkpt lat="39.9400413595139980316162109375" lon="116.3825238682329654693603515625">
        <ele>52.799999237060546875</ele>
        <time>2026-09-08T23:37:57.000Z</time>
        <extensions>
          <ns3:TrackPointExtension>
            <ns3:atemp>22.0</ns3:atemp>
            <ns3:hr>138</ns3:hr>
            <ns3:cad>88</ns3:cad>
          </ns3:TrackPointExtension>
        </extensions>
      </trkpt>
      <trkpt lat="39.94005904532968997955322265625" lon="116.38249956071376800537109375">
        <ele>52.799999237060546875</ele>
        <time>2026-09-08T23:37:58.000Z</time>
        <extensions>
          <ns3:TrackPointExtension>
            <ns3:atemp>22.0</ns3:atemp>
            <ns3:hr>138</ns3:hr>
            <ns3:cad>88</ns3:cad>
          </ns3:TrackPointExtension>
        </extensions>
      </trkpt>
      <trkpt lat="39.94007815606892108917236328125" lon="116.3824789412319660186767578125">
        <ele>52.799999237060546875</ele>
        <time>2026-09-08T23:37:59.000Z</time>
        <extensions>
          <ns3:TrackPointExtension>
            <ns3:atemp>22.0</ns3:atemp>
            <ns3:hr>138</ns3:hr>
            <ns3:cad>89</ns3:cad>
          </ns3:TrackPointExtension>
        </extensions>
      </trkpt>
      <trkpt lat="39.94009324349462985992431640625" lon="116.38245790265500545501708984375">
        <ele>52.799999237060546875</ele>
        <time>2026-09-08T23:38:00.000Z</time>
        <extensions>
          <ns3:TrackPointExtension>
            <ns3:atemp>22.0</ns3:atemp>
            <ns3:hr>139</ns3:hr>
            <ns3:cad>89</ns3:cad>
          </ns3:TrackPointExtension>
        </extensions>
      </trkpt>
      <trkpt lat="39.94011268950998783111572265625" lon="116.3824333436787128448486328125">
        <ele>52.799999237060546875</ele>
        <time>2026-09-08T23:38:01.000Z</time>
        <extensions>
          <ns3:TrackPointExtension>
            <ns3:atemp>22.0</ns3:atemp>
            <ns3:hr>139</ns3:hr>
            <ns3:cad>89</ns3:cad>
          </ns3:TrackPointExtension>
        </extensions>
      </trkpt>
      <trkpt lat="39.940126352012157440185546875" lon="116.3824165798723697662353515625">
        <ele>52.799999237060546875</ele>
        <time>2026-09-08T23:38:02.000Z</time>
        <extensions>
          <ns3:TrackPointExtension>
            <ns3:atemp>22.0</ns3:atemp>
            <ns3:hr>139</ns3:hr>
            <ns3:cad>89</ns3:cad>
          </ns3:TrackPointExtension>
        </extensions>
      </trkpt>
      <trkpt lat="39.94014185853302478790283203125" lon="116.382395960390567779541015625">
        <ele>52.799999237060546875</ele>
        <time>2026-09-08T23:38:03.000Z</time>
        <extensions>
          <ns3:TrackPointExtension>
            <ns3:atemp>22.0</ns3:atemp>
            <ns3:hr>139</ns3:hr>
            <ns3:cad>89</ns3:cad>
          </ns3:TrackPointExtension>
        </extensions>
      </trkpt>
      <trkpt lat="39.94015753269195556640625" lon="116.38237609528005123138427734375">
        <ele>52.799999237060546875</ele>
        <time>2026-09-08T23:38:04.000Z</time>
        <extensions>
          <ns3:TrackPointExtension>
            <ns3:atemp>22.0</ns3:atemp>
            <ns3:hr>139</ns3:hr>
            <ns3:cad>89</ns3:cad>
          </ns3:TrackPointExtension>
        </extensions>
      </trkpt>
      <trkpt lat="39.940176308155059814453125" lon="116.38235329650342464447021484375">
        <ele>52.799999237060546875</ele>
        <time>2026-09-08T23:38:05.000Z</time>
        <extensions>
          <ns3:TrackPointExtension>
            <ns3:atemp>22.0</ns3:atemp>
            <ns3:hr>139</ns3:hr>
            <ns3:cad>89</ns3:cad>
          </ns3:TrackPointExtension>
        </extensions>
      </trkpt>
      <trkpt lat="39.94019533507525920867919921875" lon="116.3823324255645275115966796875">
        <ele>52.799999237060546875</ele>
        <time>2026-09-08T23:38:06.000Z</time>
        <extensions>
          <ns3:TrackPointExtension>
            <ns3:atemp>22.0</ns3:atemp>
            <ns3:hr>139</ns3:hr>
            <ns3:cad>88</ns3:cad>
          </ns3:TrackPointExtension>
        </extensions>
      </trkpt>
      <trkpt lat="39.9402150325477123260498046875" lon="116.382307447493076324462890625">
        <ele>52.799999237060546875</ele>
        <time>2026-09-08T23:38:07.000Z</time>
        <extensions>
          <ns3:TrackPointExtension>
            <ns3:atemp>22.0</ns3:atemp>
            <ns3:hr>139</ns3:hr>
            <ns3:cad>88</ns3:cad>
          </ns3:TrackPointExtension>
        </extensions>
      </trkpt>
      <trkpt lat="39.94023003615438938140869140625" lon="116.3822854869067668914794921875">
        <ele>52.799999237060546875</ele>
        <time>2026-09-08T23:38:08.000Z</time>
        <extensions>
          <ns3:TrackPointExtension>
            <ns3:atemp>22.0</ns3:atemp>
            <ns3:hr>139</ns3:hr>
            <ns3:cad>88</ns3:cad>
          </ns3:TrackPointExtension>
        </extensions>
      </trkpt>
      <trkpt lat="39.94024797342717647552490234375" lon="116.38226645998656749725341796875">
        <ele>52.799999237060546875</ele>
        <time>2026-09-08T23:38:09.000Z</time>
        <extensions>
          <ns3:TrackPointExtension>
            <ns3:atemp>22.0</ns3:atemp>
            <ns3:hr>139</ns3:hr>
            <ns3:cad>89</ns3:cad>
          </ns3:TrackPointExtension>
        </extensions>
      </trkpt>
      <trkpt lat="39.94026415050029754638671875" lon="116.38224818743765354156494140625">
        <ele>52.799999237060546875</ele>
        <time>2026-09-08T23:38:10.000Z</time>
        <extensions>
          <ns3:TrackPointExtension>
            <ns3:atemp>22.0</ns3:atemp>
            <ns3:hr>139</ns3:hr>
            <ns3:cad>89</ns3:cad>
          </ns3:TrackPointExtension>
        </extensions>
      </trkpt>
      <trkpt lat="39.94028015993535518646240234375" lon="116.382223628461360931396484375">
        <ele>52.799999237060546875</ele>
        <time>2026-09-08T23:38:11.000Z</time>
        <extensions>
          <ns3:TrackPointExtension>
            <ns3:atemp>22.0</ns3:atemp>
            <ns3:hr>139</ns3:hr>
            <ns3:cad>89</ns3:cad>
          </ns3:TrackPointExtension>
        </extensions>
      </trkpt>
      <trkpt lat="39.9402921460568904876708984375" lon="116.38219873420894145965576171875">
        <ele>52.799999237060546875</ele>
        <time>2026-09-08T23:38:12.000Z</time>
        <extensions>
          <ns3:TrackPointExtension>
            <ns3:atemp>22.0</ns3:atemp>
            <ns3:hr>138</ns3:hr>
            <ns3:cad>89</ns3:cad>
          </ns3:TrackPointExtension>
        </extensions>
      </trkpt>
      <trkpt lat="39.940310418605804443359375" lon="116.3821731694042682647705078125">
        <ele>53</ele>
        <time>2026-09-08T23:38:13.000Z</time>
        <extensions>
          <ns3:TrackPointExtension>
            <ns3:atemp>22.0</ns3:atemp>
            <ns3:hr>138</ns3:hr>
            <ns3:cad>89</ns3:cad>
          </ns3:TrackPointExtension>
        </extensions>
      </trkpt>
      <trkpt lat="39.9403239972889423370361328125" lon="116.38214861042797565460205078125">
        <ele>53</ele>
        <time>2026-09-08T23:38:14.000Z</time>
        <extensions>
          <ns3:TrackPointExtension>
            <ns3:atemp>22.0</ns3:atemp>
            <ns3:hr>138</ns3:hr>
            <ns3:cad>89</ns3:cad>
          </ns3:TrackPointExtension>
        </extensions>
      </trkpt>
      <trkpt lat="39.9403444491326808929443359375" lon="116.3821248896420001983642578125">
        <ele>53</ele>
        <time>2026-09-08T23:38:15.000Z</time>
        <extensions>
          <ns3:TrackPointExtension>
            <ns3:atemp>22.0</ns3:atemp>
            <ns3:hr>138</ns3:hr>
            <ns3:cad>89</ns3:cad>
          </ns3:TrackPointExtension>
        </extensions>
      </trkpt>
      <trkpt lat="39.94035710580646991729736328125" lon="116.38209815137088298797607421875">
        <ele>52.799999237060546875</ele>
        <time>2026-09-08T23:38:16.000Z</time>
        <extensions>
          <ns3:TrackPointExtension>
            <ns3:atemp>22.0</ns3:atemp>
            <ns3:hr>138</ns3:hr>
            <ns3:cad>89</ns3:cad>
          </ns3:TrackPointExtension>
        </extensions>
      </trkpt>
      <trkpt lat="39.94037403725087642669677734375" lon="116.3820777833461761474609375">
        <ele>52.799999237060546875</ele>
        <time>2026-09-08T23:38:17.000Z</time>
        <extensions>
          <ns3:TrackPointExtension>
            <ns3:atemp>22.0</ns3:atemp>
            <ns3:hr>138</ns3:hr>
            <ns3:cad>89</ns3:cad>
          </ns3:TrackPointExtension>
        </extensions>
      </trkpt>
      <trkpt lat="39.94038778357207775115966796875" lon="116.38206177391111850738525390625">
        <ele>52.799999237060546875</ele>
        <time>2026-09-08T23:38:18.000Z</time>
        <extensions>
          <ns3:TrackPointExtension>
            <ns3:atemp>22.0</ns3:atemp>
            <ns3:hr>138</ns3:hr>
            <ns3:cad>89</ns3:cad>
          </ns3:TrackPointExtension>
        </extensions>
      </trkpt>
      <trkpt lat="39.94040605612099170684814453125" lon="116.382044591009616851806640625">
        <ele>52.799999237060546875</ele>
        <time>2026-09-08T23:38:19.000Z</time>
        <extensions>
          <ns3:TrackPointExtension>
            <ns3:atemp>22.0</ns3:atemp>
            <ns3:hr>138</ns3:hr>
            <ns3:cad>89</ns3:cad>
          </ns3:TrackPointExtension>
        </extensions>
      </trkpt>
      <trkpt lat="39.9404208920896053314208984375" lon="116.38202422298491001129150390625">
        <ele>52.799999237060546875</ele>
        <time>2026-09-08T23:38:20.000Z</time>
        <extensions>
          <ns3:TrackPointExtension>
            <ns3:atemp>22.0</ns3:atemp>
            <ns3:hr>139</ns3:hr>
            <ns3:cad>89</ns3:cad>
          </ns3:TrackPointExtension>
        </extensions>
      </trkpt>
      <trkpt lat="39.940439499914646148681640625" lon="116.38200335204601287841796875">
        <ele>52.799999237060546875</ele>
        <time>2026-09-08T23:38:21.000Z</time>
        <extensions>
          <ns3:TrackPointExtension>
            <ns3:atemp>22.0</ns3:atemp>
            <ns3:hr>138</ns3:hr>
            <ns3:cad>89</ns3:cad>
          </ns3:TrackPointExtension>
        </extensions>
      </trkpt>
      <trkpt lat="39.94045249186456203460693359375" lon="116.38198189437389373779296875">
        <ele>52.59999847412109375</ele>
        <time>2026-09-08T23:38:22.000Z</time>
        <extensions>
          <ns3:TrackPointExtension>
            <ns3:atemp>22.0</ns3:atemp>
            <ns3:hr>138</ns3:hr>
            <ns3:cad>88</ns3:cad>
          </ns3:TrackPointExtension>
        </extensions>
      </trkpt>
      <trkpt lat="39.94047311134636402130126953125" lon="116.3819602690637111663818359375">
        <ele>52.59999847412109375</ele>
        <time>2026-09-08T23:38:23.000Z</time>
        <extensions>
          <ns3:TrackPointExtension>
            <ns3:atemp>22.0</ns3:atemp>
            <ns3:hr>138</ns3:hr>
            <ns3:cad>88</ns3:cad>
          </ns3:TrackPointExtension>
        </extensions>
      </trkpt>
      <trkpt lat="39.940486438572406768798828125" lon="116.381936632096767425537109375">
        <ele>52.59999847412109375</ele>
        <time>2026-09-08T23:38:24.000Z</time>
        <extensions>
          <ns3:TrackPointExtension>
            <ns3:atemp>22.0</ns3:atemp>
            <ns3:hr>138</ns3:hr>
            <ns3:cad>88</ns3:cad>
          </ns3:TrackPointExtension>
        </extensions>
      </trkpt>
      <trkpt lat="39.94050085544586181640625" lon="116.381916515529155731201171875">
        <ele>52.59999847412109375</ele>
        <time>2026-09-08T23:38:25.000Z</time>
        <extensions>
          <ns3:TrackPointExtension>
            <ns3:atemp>22.0</ns3:atemp>
            <ns3:hr>138</ns3:hr>
            <ns3:cad>88</ns3:cad>
          </ns3:TrackPointExtension>
        </extensions>
      </trkpt>
      <trkpt lat="39.94051753543317317962646484375" lon="116.38189329765737056732177734375">
        <ele>52.59999847412109375</ele>
        <time>2026-09-08T23:38:26.000Z</time>
        <extensions>
          <ns3:TrackPointExtension>
            <ns3:atemp>22.0</ns3:atemp>
            <ns3:hr>139</ns3:hr>
            <ns3:cad>88</ns3:cad>
          </ns3:TrackPointExtension>
        </extensions>
      </trkpt>
      <trkpt lat="39.94053463451564311981201171875" lon="116.38186714611947536468505859375">
        <ele>52.799999237060546875</ele>
        <time>2026-09-08T23:38:27.000Z</time>
        <extensions>
          <ns3:TrackPointExtension>
            <ns3:atemp>22.0</ns3:atemp>
            <ns3:hr>139</ns3:hr>
            <ns3:cad>89</ns3:cad>
          </ns3:TrackPointExtension>
        </extensions>
      </trkpt>
      <trkpt lat="39.940555505454540252685546875" lon="116.38184434734284877777099609375">
        <ele>52.799999237060546875</ele>
        <time>2026-09-08T23:38:28.000Z</time>
        <extensions>
          <ns3:TrackPointExtension>
            <ns3:atemp>22.0</ns3:atemp>
            <ns3:hr>139</ns3:hr>
            <ns3:cad>89</ns3:cad>
          </ns3:TrackPointExtension>
        </extensions>
      </trkpt>
      <trkpt lat="39.94057268835604190826416015625" lon="116.3818202912807464599609375">
        <ele>52.799999237060546875</ele>
        <time>2026-09-08T23:38:29.000Z</time>
        <extensions>
          <ns3:TrackPointExtension>
            <ns3:atemp>22.0</ns3:atemp>
            <ns3:hr>140</ns3:hr>
            <ns3:cad>87</ns3:cad>
          </ns3:TrackPointExtension>
        </extensions>
      </trkpt>
      <trkpt lat="39.94059699587523937225341796875" lon="116.38180327601730823516845703125">
        <ele>52.799999237060546875</ele>
        <time>2026-09-08T23:38:30.000Z</time>
        <extensions>
          <ns3:TrackPointExtension>
            <ns3:atemp>22.0</ns3:atemp>
            <ns3:hr>140</ns3:hr>
            <ns3:cad>87</ns3:cad>
          </ns3:TrackPointExtension>
        </extensions>
      </trkpt>
      <trkpt lat="39.9406136758625507354736328125" lon="116.38177980668842792510986328125">
        <ele>52.799999237060546875</ele>
        <time>2026-09-08T23:38:31.000Z</time>
        <extensions>
          <ns3:TrackPointExtension>
            <ns3:atemp>22.0</ns3:atemp>
            <ns3:hr>140</ns3:hr>
            <ns3:cad>87</ns3:cad>
          </ns3:TrackPointExtension>
        </extensions>
      </trkpt>
      <trkpt lat="39.94063672609627246856689453125" lon="116.38175927102565765380859375">
        <ele>52.799999237060546875</ele>
        <time>2026-09-08T23:38:32.000Z</time>
        <extensions>
          <ns3:TrackPointExtension>
            <ns3:atemp>22.0</ns3:atemp>
            <ns3:hr>140</ns3:hr>
            <ns3:cad>88</ns3:cad>
          </ns3:TrackPointExtension>
        </extensions>
      </trkpt>
      <trkpt lat="39.9406522326171398162841796875" lon="116.38173387385904788970947265625">
        <ele>52.59999847412109375</ele>
        <time>2026-09-08T23:38:33.000Z</time>
        <extensions>
          <ns3:TrackPointExtension>
            <ns3:atemp>22.0</ns3:atemp>
            <ns3:hr>140</ns3:hr>
            <ns3:cad>88</ns3:cad>
          </ns3:TrackPointExtension>
        </extensions>
      </trkpt>
      <trkpt lat="39.940669834613800048828125" lon="116.3817125000059604644775390625">
        <ele>52.799999237060546875</ele>
        <time>2026-09-08T23:38:34.000Z</time>
        <extensions>
          <ns3:TrackPointExtension>
            <ns3:atemp>22.0</ns3:atemp>
            <ns3:hr>140</ns3:hr>
            <ns3:cad>88</ns3:cad>
          </ns3:TrackPointExtension>
        </extensions>
      </trkpt>
      <trkpt lat="39.94068215601146221160888671875" lon="116.381694562733173370361328125">
        <ele>52.59999847412109375</ele>
        <time>2026-09-08T23:38:35.000Z</time>
        <extensions>
          <ns3:TrackPointExtension>
            <ns3:atemp>22.0</ns3:atemp>
            <ns3:hr>140</ns3:hr>
            <ns3:cad>88</ns3:cad>
          </ns3:TrackPointExtension>
        </extensions>
      </trkpt>
      <trkpt lat="39.94070093147456645965576171875" lon="116.3816749490797519683837890625">
        <ele>52.59999847412109375</ele>
        <time>2026-09-08T23:38:36.000Z</time>
        <extensions>
          <ns3:TrackPointExtension>
            <ns3:atemp>22.0</ns3:atemp>
            <ns3:hr>140</ns3:hr>
            <ns3:cad>88</ns3:cad>
          </ns3:TrackPointExtension>
        </extensions>
      </trkpt>
      <trkpt lat="39.94071618653833866119384765625" lon="116.38165173120796680450439453125">
        <ele>52.59999847412109375</ele>
        <time>2026-09-08T23:38:37.000Z</time>
        <extensions>
          <ns3:TrackPointExtension>
            <ns3:atemp>22.0</ns3:atemp>
            <ns3:hr>140</ns3:hr>
            <ns3:cad>89</ns3:cad>
          </ns3:TrackPointExtension>
        </extensions>
      </trkpt>
      <trkpt lat="39.940732531249523162841796875" lon="116.38163614086806774139404296875">
        <ele>52.59999847412109375</ele>
        <time>2026-09-08T23:38:38.000Z</time>
        <extensions>
          <ns3:TrackPointExtension>
            <ns3:atemp>22.0</ns3:atemp>
            <ns3:hr>140</ns3:hr>
            <ns3:cad>89</ns3:cad>
          </ns3:TrackPointExtension>
        </extensions>
      </trkpt>
      <trkpt lat="39.94074502028524875640869140625" lon="116.3816115818917751312255859375">
        <ele>52.59999847412109375</ele>
        <time>2026-09-08T23:38:39.000Z</time>
        <extensions>
          <ns3:TrackPointExtension>
            <ns3:atemp>22.0</ns3:atemp>
            <ns3:hr>140</ns3:hr>
            <ns3:cad>89</ns3:cad>
          </ns3:TrackPointExtension>
        </extensions>
      </trkpt>
      <trkpt lat="39.94076346047222614288330078125" lon="116.38158936984837055206298828125">
        <ele>52.59999847412109375</ele>
        <time>2026-09-08T23:38:40.000Z</time>
        <extensions>
          <ns3:TrackPointExtension>
            <ns3:atemp>22.0</ns3:atemp>
            <ns3:hr>140</ns3:hr>
            <ns3:cad>89</ns3:cad>
          </ns3:TrackPointExtension>
        </extensions>
      </trkpt>
      <trkpt lat="39.9407789669930934906005859375" lon="116.3815733604133129119873046875">
        <ele>52.799999237060546875</ele>
        <time>2026-09-08T23:38:41.000Z</time>
        <extensions>
          <ns3:TrackPointExtension>
            <ns3:atemp>22.0</ns3:atemp>
            <ns3:hr>140</ns3:hr>
            <ns3:cad>89</ns3:cad>
          </ns3:TrackPointExtension>
        </extensions>
      </trkpt>
      <trkpt lat="39.9407999217510223388671875" lon="116.38155408203601837158203125">
        <ele>52.799999237060546875</ele>
        <time>2026-09-08T23:38:42.000Z</time>
        <extensions>
          <ns3:TrackPointExtension>
            <ns3:atemp>22.0</ns3:atemp>
            <ns3:hr>140</ns3:hr>
            <ns3:cad>89</ns3:cad>
          </ns3:TrackPointExtension>
        </extensions>
      </trkpt>
      <trkpt lat="39.94081073440611362457275390625" lon="116.381528265774250030517578125">
        <ele>52.799999237060546875</ele>
        <time>2026-09-08T23:38:43.000Z</time>
        <extensions>
          <ns3:TrackPointExtension>
            <ns3:atemp>22.0</ns3:atemp>
            <ns3:hr>140</ns3:hr>
            <ns3:cad>89</ns3:cad>
          </ns3:TrackPointExtension>
        </extensions>
      </trkpt>
      <trkpt lat="39.94083101861178874969482421875" lon="116.38150236569344997406005859375">
        <ele>52.799999237060546875</ele>
        <time>2026-09-08T23:38:44.000Z</time>
        <extensions>
          <ns3:TrackPointExtension>
            <ns3:atemp>22.0</ns3:atemp>
            <ns3:hr>139</ns3:hr>
            <ns3:cad>89</ns3:cad>
          </ns3:TrackPointExtension>
        </extensions>
      </trkpt>
      <trkpt lat="39.9408497102558612823486328125" lon="116.38148434460163116455078125">
        <ele>52.799999237060546875</ele>
        <time>2026-09-08T23:38:45.000Z</time>
        <extensions>
          <ns3:TrackPointExtension>
            <ns3:atemp>22.0</ns3:atemp>
            <ns3:hr>140</ns3:hr>
            <ns3:cad>89</ns3:cad>
          </ns3:TrackPointExtension>
        </extensions>
      </trkpt>
      <trkpt lat="39.940872006118297576904296875" lon="116.38146665878593921661376953125">
        <ele>52.799999237060546875</ele>
        <time>2026-09-08T23:38:46.000Z</time>
        <extensions>
          <ns3:TrackPointExtension>
            <ns3:atemp>22.0</ns3:atemp>
            <ns3:hr>140</ns3:hr>
            <ns3:cad>89</ns3:cad>
          </ns3:TrackPointExtension>
        </extensions>
      </trkpt>
      <trkpt lat="39.94089069776237010955810546875" lon="116.38145492412149906158447265625">
        <ele>52.799999237060546875</ele>
        <time>2026-09-08T23:38:47.000Z</time>
        <extensions>
          <ns3:TrackPointExtension>
            <ns3:atemp>22.0</ns3:atemp>
            <ns3:hr>139</ns3:hr>
            <ns3:cad>89</ns3:cad>
          </ns3:TrackPointExtension>
        </extensions>
      </trkpt>
      <trkpt lat="39.94091131724417209625244140625" lon="116.381434388458728790283203125">
        <ele>52.59999847412109375</ele>
        <time>2026-09-08T23:38:48.000Z</time>
        <extensions>
          <ns3:TrackPointExtension>
            <ns3:atemp>22.0</ns3:atemp>
            <ns3:hr>139</ns3:hr>
            <ns3:cad>89</ns3:cad>
          </ns3:TrackPointExtension>
        </extensions>
      </trkpt>
      <trkpt lat="39.94093143381178379058837890625" lon="116.38141200877726078033447265625">
        <ele>52.799999237060546875</ele>
        <time>2026-09-08T23:38:49.000Z</time>
        <extensions>
          <ns3:TrackPointExtension>
            <ns3:atemp>22.0</ns3:atemp>
            <ns3:hr>139</ns3:hr>
            <ns3:cad>89</ns3:cad>
          </ns3:TrackPointExtension>
        </extensions>
      </trkpt>
      <trkpt lat="39.94095020927488803863525390625" lon="116.38139105401933193206787109375">
        <ele>52.799999237060546875</ele>
        <time>2026-09-08T23:38:50.000Z</time>
        <extensions>
          <ns3:TrackPointExtension>
            <ns3:atemp>22.0</ns3:atemp>
            <ns3:hr>140</ns3:hr>
            <ns3:cad>89</ns3:cad>
          </ns3:TrackPointExtension>
        </extensions>
      </trkpt>
      <trkpt lat="39.9409690685570240020751953125" lon="116.3813696801662445068359375">
        <ele>52.799999237060546875</ele>
        <time>2026-09-08T23:38:51.000Z</time>
        <extensions>
          <ns3:TrackPointExtension>
            <ns3:atemp>22.0</ns3:atemp>
            <ns3:hr>140</ns3:hr>
            <ns3:cad>89</ns3:cad>
          </ns3:TrackPointExtension>
        </extensions>
      </trkpt>
      <trkpt lat="39.94098432362079620361328125" lon="116.3813436962664127349853515625">
        <ele>52.799999237060546875</ele>
        <time>2026-09-08T23:38:52.000Z</time>
        <extensions>
          <ns3:TrackPointExtension>
            <ns3:atemp>22.0</ns3:atemp>
            <ns3:hr>140</ns3:hr>
            <ns3:cad>88</ns3:cad>
          </ns3:TrackPointExtension>
        </extensions>
      </trkpt>
      <trkpt lat="39.94100335054099559783935546875" lon="116.3813173770904541015625">
        <ele>52.799999237060546875</ele>
        <time>2026-09-08T23:38:53.000Z</time>
        <extensions>
          <ns3:TrackPointExtension>
            <ns3:atemp>22.0</ns3:atemp>
            <ns3:hr>140</ns3:hr>
            <ns3:cad>88</ns3:cad>
          </ns3:TrackPointExtension>
        </extensions>
      </trkpt>
      <trkpt lat="39.9410173483192920684814453125" lon="116.381292901933193206787109375">
        <ele>52.799999237060546875</ele>
        <time>2026-09-08T23:38:54.000Z</time>
        <extensions>
          <ns3:TrackPointExtension>
            <ns3:atemp>22.0</ns3:atemp>
            <ns3:hr>140</ns3:hr>
            <ns3:cad>88</ns3:cad>
          </ns3:TrackPointExtension>
        </extensions>
      </trkpt>
      <trkpt lat="39.9410332739353179931640625" lon="116.3812679238617420196533203125">
        <ele>52.799999237060546875</ele>
        <time>2026-09-08T23:38:55.000Z</time>
        <extensions>
          <ns3:TrackPointExtension>
            <ns3:atemp>22.0</ns3:atemp>
            <ns3:hr>140</ns3:hr>
            <ns3:cad>88</ns3:cad>
          </ns3:TrackPointExtension>
        </extensions>
      </trkpt>
      <trkpt lat="39.94104626588523387908935546875" lon="116.3812498189508914947509765625">
        <ele>52.799999237060546875</ele>
        <time>2026-09-08T23:38:56.000Z</time>
        <extensions>
          <ns3:TrackPointExtension>
            <ns3:atemp>22.0</ns3:atemp>
            <ns3:hr>141</ns3:hr>
            <ns3:cad>88</ns3:cad>
          </ns3:TrackPointExtension>
        </extensions>
      </trkpt>
      <trkpt lat="39.9410636164247989654541015625" lon="116.381227858364582061767578125">
        <ele>52.799999237060546875</ele>
        <time>2026-09-08T23:38:57.000Z</time>
        <extensions>
          <ns3:TrackPointExtension>
            <ns3:atemp>22.0</ns3:atemp>
            <ns3:hr>141</ns3:hr>
            <ns3:cad>88</ns3:cad>
          </ns3:TrackPointExtension>
        </extensions>
      </trkpt>
      <trkpt lat="39.9410776980221271514892578125" lon="116.38121000491082668304443359375">
        <ele>52.799999237060546875</ele>
        <time>2026-09-08T23:38:58.000Z</time>
        <extensions>
          <ns3:TrackPointExtension>
            <ns3:atemp>22.0</ns3:atemp>
            <ns3:hr>141</ns3:hr>
            <ns3:cad>88</ns3:cad>
          </ns3:TrackPointExtension>
        </extensions>
      </trkpt>
      <trkpt lat="39.94109756313264369964599609375" lon="116.38118804432451725006103515625">
        <ele>52.59999847412109375</ele>
        <time>2026-09-08T23:38:59.000Z</time>
        <extensions>
          <ns3:TrackPointExtension>
            <ns3:atemp>22.0</ns3:atemp>
            <ns3:hr>141</ns3:hr>
            <ns3:cad>89</ns3:cad>
          </ns3:TrackPointExtension>
        </extensions>
      </trkpt>
      <trkpt lat="39.94110762141644954681396484375" lon="116.381166167557239532470703125">
        <ele>52.59999847412109375</ele>
        <time>2026-09-08T23:39:00.000Z</time>
        <extensions>
          <ns3:TrackPointExtension>
            <ns3:atemp>22.0</ns3:atemp>
            <ns3:hr>141</ns3:hr>
            <ns3:cad>90</ns3:cad>
          </ns3:TrackPointExtension>
        </extensions>
      </trkpt>
      <trkpt lat="39.94112572632730007171630859375" lon="116.3811398483812808990478515625">
        <ele>52.59999847412109375</ele>
        <time>2026-09-08T23:39:01.000Z</time>
        <extensions>
          <ns3:TrackPointExtension>
            <ns3:atemp>22.0</ns3:atemp>
            <ns3:hr>141</ns3:hr>
            <ns3:cad>90</ns3:cad>
          </ns3:TrackPointExtension>
        </extensions>
      </trkpt>
      <trkpt lat="39.94113997556269168853759765625" lon="116.38112031854689121246337890625">
        <ele>52.59999847412109375</ele>
        <time>2026-09-08T23:39:02.000Z</time>
        <extensions>
          <ns3:TrackPointExtension>
            <ns3:atemp>22.0</ns3:atemp>
            <ns3:hr>141</ns3:hr>
            <ns3:cad>89</ns3:cad>
          </ns3:TrackPointExtension>
        </extensions>
      </trkpt>
      <trkpt lat="39.94116009213030338287353515625" lon="116.38109399937093257904052734375">
        <ele>52.59999847412109375</ele>
        <time>2026-09-08T23:39:03.000Z</time>
        <extensions>
          <ns3:TrackPointExtension>
            <ns3:atemp>22.0</ns3:atemp>
            <ns3:hr>141</ns3:hr>
            <ns3:cad>89</ns3:cad>
          </ns3:TrackPointExtension>
        </extensions>
      </trkpt>
      <trkpt lat="39.941172413527965545654296875" lon="116.38107287697494029998779296875">
        <ele>52.59999847412109375</ele>
        <time>2026-09-08T23:39:04.000Z</time>
        <extensions>
          <ns3:TrackPointExtension>
            <ns3:atemp>22.0</ns3:atemp>
            <ns3:hr>141</ns3:hr>
            <ns3:cad>89</ns3:cad>
          </ns3:TrackPointExtension>
        </extensions>
      </trkpt>
      <trkpt lat="39.9411913566291332244873046875" lon="116.381050832569599151611328125">
        <ele>52.59999847412109375</ele>
        <time>2026-09-08T23:39:05.000Z</time>
        <extensions>
          <ns3:TrackPointExtension>
            <ns3:atemp>22.0</ns3:atemp>
            <ns3:hr>141</ns3:hr>
            <ns3:cad>88</ns3:cad>
          </ns3:TrackPointExtension>
        </extensions>
      </trkpt>
      <trkpt lat="39.9412024207413196563720703125" lon="116.3810235075652599334716796875">
        <ele>52.59999847412109375</ele>
        <time>2026-09-08T23:39:06.000Z</time>
        <extensions>
          <ns3:TrackPointExtension>
            <ns3:atemp>22.0</ns3:atemp>
            <ns3:hr>141</ns3:hr>
            <ns3:cad>88</ns3:cad>
          </ns3:TrackPointExtension>
        </extensions>
      </trkpt>
      <trkpt lat="39.9412225373089313507080078125" lon="116.38099844567477703094482421875">
        <ele>52.59999847412109375</ele>
        <time>2026-09-08T23:39:07.000Z</time>
        <extensions>
          <ns3:TrackPointExtension>
            <ns3:atemp>22.0</ns3:atemp>
            <ns3:hr>141</ns3:hr>
            <ns3:cad>88</ns3:cad>
          </ns3:TrackPointExtension>
        </extensions>
      </trkpt>
      <trkpt lat="39.94123653508722782135009765625" lon="116.38097933493554592132568359375">
        <ele>52.59999847412109375</ele>
        <time>2026-09-08T23:39:08.000Z</time>
        <extensions>
          <ns3:TrackPointExtension>
            <ns3:atemp>22.0</ns3:atemp>
            <ns3:hr>141</ns3:hr>
            <ns3:cad>88</ns3:cad>
          </ns3:TrackPointExtension>
        </extensions>
      </trkpt>
      <trkpt lat="39.941253550350666046142578125" lon="116.38095519505441188812255859375">
        <ele>52.59999847412109375</ele>
        <time>2026-09-08T23:39:09.000Z</time>
        <extensions>
          <ns3:TrackPointExtension>
            <ns3:atemp>22.0</ns3:atemp>
            <ns3:hr>141</ns3:hr>
            <ns3:cad>88</ns3:cad>
          </ns3:TrackPointExtension>
        </extensions>
      </trkpt>
      <trkpt lat="39.9412661232054233551025390625" lon="116.3809329830110073089599609375">
        <ele>52.59999847412109375</ele>
        <time>2026-09-08T23:39:10.000Z</time>
        <extensions>
          <ns3:TrackPointExtension>
            <ns3:atemp>22.0</ns3:atemp>
            <ns3:hr>141</ns3:hr>
            <ns3:cad>88</ns3:cad>
          </ns3:TrackPointExtension>
        </extensions>
      </trkpt>
      <trkpt lat="39.94128498248755931854248046875" lon="116.380909346044063568115234375">
        <ele>52.59999847412109375</ele>
        <time>2026-09-08T23:39:11.000Z</time>
        <extensions>
          <ns3:TrackPointExtension>
            <ns3:atemp>22.0</ns3:atemp>
            <ns3:hr>141</ns3:hr>
            <ns3:cad>88</ns3:cad>
          </ns3:TrackPointExtension>
        </extensions>
      </trkpt>
      <trkpt lat="39.94129973463714122772216796875" lon="116.38088696636259555816650390625">
        <ele>52.59999847412109375</ele>
        <time>2026-09-08T23:39:12.000Z</time>
        <extensions>
          <ns3:TrackPointExtension>
            <ns3:atemp>22.0</ns3:atemp>
            <ns3:hr>141</ns3:hr>
            <ns3:cad>88</ns3:cad>
          </ns3:TrackPointExtension>
        </extensions>
      </trkpt>
      <trkpt lat="39.94131314568221569061279296875" lon="116.38086651451885700225830078125">
        <ele>52.59999847412109375</ele>
        <time>2026-09-08T23:39:13.000Z</time>
        <extensions>
          <ns3:TrackPointExtension>
            <ns3:atemp>22.0</ns3:atemp>
            <ns3:hr>142</ns3:hr>
            <ns3:cad>88</ns3:cad>
          </ns3:TrackPointExtension>
        </extensions>
      </trkpt>
      <trkpt lat="39.941328652203083038330078125" lon="116.38084287755191326141357421875">
        <ele>52.59999847412109375</ele>
        <time>2026-09-08T23:39:14.000Z</time>
        <extensions>
          <ns3:TrackPointExtension>
            <ns3:atemp>22.0</ns3:atemp>
            <ns3:hr>142</ns3:hr>
            <ns3:cad>88</ns3:cad>
          </ns3:TrackPointExtension>
        </extensions>
      </trkpt>
      <trkpt lat="39.9413430690765380859375" lon="116.38081857003271579742431640625">
        <ele>52.799999237060546875</ele>
        <time>2026-09-08T23:39:15.000Z</time>
        <extensions>
          <ns3:TrackPointExtension>
            <ns3:atemp>22.0</ns3:atemp>
            <ns3:hr>142</ns3:hr>
            <ns3:cad>89</ns3:cad>
          </ns3:TrackPointExtension>
        </extensions>
      </trkpt>
      <trkpt lat="39.94135840795934200286865234375" lon="116.3807935081422328948974609375">
        <ele>52.59999847412109375</ele>
        <time>2026-09-08T23:39:16.000Z</time>
        <extensions>
          <ns3:TrackPointExtension>
            <ns3:atemp>22.0</ns3:atemp>
            <ns3:hr>143</ns3:hr>
            <ns3:cad>89</ns3:cad>
          </ns3:TrackPointExtension>
        </extensions>
      </trkpt>
      <trkpt lat="39.94137165136635303497314453125" lon="116.38076811097562313079833984375">
        <ele>52.59999847412109375</ele>
        <time>2026-09-08T23:39:17.000Z</time>
        <extensions>
          <ns3:TrackPointExtension>
            <ns3:atemp>22.0</ns3:atemp>
            <ns3:hr>143</ns3:hr>
            <ns3:cad>89</ns3:cad>
          </ns3:TrackPointExtension>
        </extensions>
      </trkpt>
      <trkpt lat="39.9413898400962352752685546875" lon="116.38073860667645931243896484375">
        <ele>52.59999847412109375</ele>
        <time>2026-09-08T23:39:18.000Z</time>
        <extensions>
          <ns3:TrackPointExtension>
            <ns3:atemp>22.0</ns3:atemp>
            <ns3:hr>143</ns3:hr>
            <ns3:cad>89</ns3:cad>
          </ns3:TrackPointExtension>
        </extensions>
      </trkpt>
      <trkpt lat="39.94140299968421459197998046875" lon="116.380715556442737579345703125">
        <ele>52.799999237060546875</ele>
        <time>2026-09-08T23:39:19.000Z</time>
        <extensions>
          <ns3:TrackPointExtension>
            <ns3:atemp>22.0</ns3:atemp>
            <ns3:hr>143</ns3:hr>
            <ns3:cad>89</ns3:cad>
          </ns3:TrackPointExtension>
        </extensions>
      </trkpt>
      <trkpt lat="39.9414206854999065399169921875" lon="116.38069233857095241546630859375">
        <ele>52.59999847412109375</ele>
        <time>2026-09-08T23:39:20.000Z</time>
        <extensions>
          <ns3:TrackPointExtension>
            <ns3:atemp>22.0</ns3:atemp>
            <ns3:hr>143</ns3:hr>
            <ns3:cad>88</ns3:cad>
          </ns3:TrackPointExtension>
        </extensions>
      </trkpt>
      <trkpt lat="39.94142948649823665618896484375" lon="116.38067071326076984405517578125">
        <ele>52.799999237060546875</ele>
        <time>2026-09-08T23:39:21.000Z</time>
        <extensions>
          <ns3:TrackPointExtension>
            <ns3:atemp>22.0</ns3:atemp>
            <ns3:hr>143</ns3:hr>
            <ns3:cad>89</ns3:cad>
          </ns3:TrackPointExtension>
        </extensions>
      </trkpt>
      <trkpt lat="39.9414458312094211578369140625" lon="116.3806433044373989105224609375">
        <ele>52.799999237060546875</ele>
        <time>2026-09-08T23:39:22.000Z</time>
        <extensions>
          <ns3:TrackPointExtension>
            <ns3:atemp>22.0</ns3:atemp>
            <ns3:hr>143</ns3:hr>
            <ns3:cad>89</ns3:cad>
          </ns3:TrackPointExtension>
        </extensions>
      </trkpt>
      <trkpt lat="39.94146033190190792083740234375" lon="116.38062092475593090057373046875">
        <ele>52.59999847412109375</ele>
        <time>2026-09-08T23:39:23.000Z</time>
        <extensions>
          <ns3:TrackPointExtension>
            <ns3:atemp>22.0</ns3:atemp>
            <ns3:hr>143</ns3:hr>
            <ns3:cad>89</ns3:cad>
          </ns3:TrackPointExtension>
        </extensions>
      </trkpt>
      <trkpt lat="39.941478185355663299560546875" lon="116.38059561140835285186767578125">
        <ele>52.59999847412109375</ele>
        <time>2026-09-08T23:39:24.000Z</time>
        <extensions>
          <ns3:TrackPointExtension>
            <ns3:atemp>22.0</ns3:atemp>
            <ns3:hr>143</ns3:hr>
            <ns3:cad>89</ns3:cad>
          </ns3:TrackPointExtension>
        </extensions>
      </trkpt>
      <trkpt lat="39.94149151258170604705810546875" lon="116.380574740469455718994140625">
        <ele>52.59999847412109375</ele>
        <time>2026-09-08T23:39:25.000Z</time>
        <extensions>
          <ns3:TrackPointExtension>
            <ns3:atemp>22.0</ns3:atemp>
            <ns3:hr>143</ns3:hr>
            <ns3:cad>88</ns3:cad>
          </ns3:TrackPointExtension>
        </extensions>
      </trkpt>
      <trkpt lat="39.94151045568287372589111328125" lon="116.380551271140575408935546875">
        <ele>52.59999847412109375</ele>
        <time>2026-09-08T23:39:26.000Z</time>
        <extensions>
          <ns3:TrackPointExtension>
            <ns3:atemp>22.0</ns3:atemp>
            <ns3:hr>142</ns3:hr>
            <ns3:cad>88</ns3:cad>
          </ns3:TrackPointExtension>
        </extensions>
      </trkpt>
      <trkpt lat="39.94152654893696308135986328125" lon="116.3805296458303928375244140625">
        <ele>52.799999237060546875</ele>
        <time>2026-09-08T23:39:27.000Z</time>
        <extensions>
          <ns3:TrackPointExtension>
            <ns3:atemp>22.0</ns3:atemp>
            <ns3:hr>143</ns3:hr>
            <ns3:cad>88</ns3:cad>
          </ns3:TrackPointExtension>
        </extensions>
      </trkpt>
      <trkpt lat="39.941545240581035614013671875" lon="116.38050802052021026611328125">
        <ele>52.799999237060546875</ele>
        <time>2026-09-08T23:39:28.000Z</time>
        <extensions>
          <ns3:TrackPointExtension>
            <ns3:atemp>22.0</ns3:atemp>
            <ns3:hr>143</ns3:hr>
            <ns3:cad>88</ns3:cad>
          </ns3:TrackPointExtension>
        </extensions>
      </trkpt>
      <trkpt lat="39.9415638484060764312744140625" lon="116.38048790395259857177734375">
        <ele>52.799999237060546875</ele>
        <time>2026-09-08T23:39:29.000Z</time>
        <extensions>
          <ns3:TrackPointExtension>
            <ns3:atemp>22.0</ns3:atemp>
            <ns3:hr>142</ns3:hr>
            <ns3:cad>88</ns3:cad>
          </ns3:TrackPointExtension>
        </extensions>
      </trkpt>
      <trkpt lat="39.94158119894564151763916015625" lon="116.3804682902991771697998046875">
        <ele>52.799999237060546875</ele>
        <time>2026-09-08T23:39:30.000Z</time>
        <extensions>
          <ns3:TrackPointExtension>
            <ns3:atemp>22.0</ns3:atemp>
            <ns3:hr>142</ns3:hr>
            <ns3:cad>88</ns3:cad>
          </ns3:TrackPointExtension>
        </extensions>
      </trkpt>
      <trkpt lat="39.94159628637135028839111328125" lon="116.380445323884487152099609375">
        <ele>52.799999237060546875</ele>
        <time>2026-09-08T23:39:31.000Z</time>
        <extensions>
          <ns3:TrackPointExtension>
            <ns3:atemp>22.0</ns3:atemp>
            <ns3:hr>142</ns3:hr>
            <ns3:cad>89</ns3:cad>
          </ns3:TrackPointExtension>
        </extensions>
      </trkpt>
      <trkpt lat="39.94161237962543964385986328125" lon="116.3804287277162075042724609375">
        <ele>52.799999237060546875</ele>
        <time>2026-09-08T23:39:32.000Z</time>
        <extensions>
          <ns3:TrackPointExtension>
            <ns3:atemp>22.0</ns3:atemp>
            <ns3:hr>142</ns3:hr>
            <ns3:cad>88</ns3:cad>
          </ns3:TrackPointExtension>
        </extensions>
      </trkpt>
      <trkpt lat="39.9416312389075756072998046875" lon="116.380411125719547271728515625">
        <ele>52.59999847412109375</ele>
        <time>2026-09-08T23:39:33.000Z</time>
        <extensions>
          <ns3:TrackPointExtension>
            <ns3:atemp>22.0</ns3:atemp>
            <ns3:hr>142</ns3:hr>
            <ns3:cad>87</ns3:cad>
          </ns3:TrackPointExtension>
        </extensions>
      </trkpt>
      <trkpt lat="39.941646493971347808837890625" lon="116.3803925178945064544677734375">
        <ele>52.59999847412109375</ele>
        <time>2026-09-08T23:39:34.000Z</time>
        <extensions>
          <ns3:TrackPointExtension>
            <ns3:atemp>22.0</ns3:atemp>
            <ns3:hr>142</ns3:hr>
            <ns3:cad>87</ns3:cad>
          </ns3:TrackPointExtension>
        </extensions>
      </trkpt>
      <trkpt lat="39.94166853837668895721435546875" lon="116.380372904241085052490234375">
        <ele>52.59999847412109375</ele>
        <time>2026-09-08T23:39:35.000Z</time>
        <extensions>
          <ns3:TrackPointExtension>
            <ns3:atemp>22.0</ns3:atemp>
            <ns3:hr>142</ns3:hr>
            <ns3:cad>88</ns3:cad>
          </ns3:TrackPointExtension>
        </extensions>
      </trkpt>
      <trkpt lat="39.94168748147785663604736328125" lon="116.3803522847592830657958984375">
        <ele>52.59999847412109375</ele>
        <time>2026-09-08T23:39:36.000Z</time>
        <extensions>
          <ns3:TrackPointExtension>
            <ns3:atemp>22.0</ns3:atemp>
            <ns3:hr>141</ns3:hr>
            <ns3:cad>88</ns3:cad>
          </ns3:TrackPointExtension>
        </extensions>
      </trkpt>
      <trkpt lat="39.94170843623578548431396484375" lon="116.38033392839133739471435546875">
        <ele>52.59999847412109375</ele>
        <time>2026-09-08T23:39:37.000Z</time>
        <extensions>
          <ns3:TrackPointExtension>
            <ns3:atemp>22.0</ns3:atemp>
            <ns3:hr>141</ns3:hr>
            <ns3:cad>88</ns3:cad>
          </ns3:TrackPointExtension>
        </extensions>
      </trkpt>
      <trkpt lat="39.9417274631559848785400390625" lon="116.38031532056629657745361328125">
        <ele>52.59999847412109375</ele>
        <time>2026-09-08T23:39:38.000Z</time>
        <extensions>
          <ns3:TrackPointExtension>
            <ns3:atemp>22.0</ns3:atemp>
            <ns3:hr>141</ns3:hr>
            <ns3:cad>88</ns3:cad>
          </ns3:TrackPointExtension>
        </extensions>
      </trkpt>
      <trkpt lat="39.9417521059513092041015625" lon="116.380301155149936676025390625">
        <ele>52.59999847412109375</ele>
        <time>2026-09-08T23:39:39.000Z</time>
        <extensions>
          <ns3:TrackPointExtension>
            <ns3:atemp>22.0</ns3:atemp>
            <ns3:hr>141</ns3:hr>
            <ns3:cad>88</ns3:cad>
          </ns3:TrackPointExtension>
        </extensions>
      </trkpt>
      <trkpt lat="39.94177079759538173675537109375" lon="116.38028665445744991302490234375">
        <ele>52.59999847412109375</ele>
        <time>2026-09-08T23:39:40.000Z</time>
        <extensions>
          <ns3:TrackPointExtension>
            <ns3:atemp>22.0</ns3:atemp>
            <ns3:hr>141</ns3:hr>
            <ns3:cad>89</ns3:cad>
          </ns3:TrackPointExtension>
        </extensions>
      </trkpt>
      <trkpt lat="39.94179476983845233917236328125" lon="116.38027089647948741912841796875">
        <ele>52.59999847412109375</ele>
        <time>2026-09-08T23:39:41.000Z</time>
        <extensions>
          <ns3:TrackPointExtension>
            <ns3:atemp>22.0</ns3:atemp>
            <ns3:hr>141</ns3:hr>
            <ns3:cad>89</ns3:cad>
          </ns3:TrackPointExtension>
        </extensions>
      </trkpt>
      <trkpt lat="39.94181203655898571014404296875" lon="116.380257569253444671630859375">
        <ele>52.59999847412109375</ele>
        <time>2026-09-08T23:39:42.000Z</time>
        <extensions>
          <ns3:TrackPointExtension>
            <ns3:atemp>22.0</ns3:atemp>
            <ns3:hr>141</ns3:hr>
            <ns3:cad>89</ns3:cad>
          </ns3:TrackPointExtension>
        </extensions>
      </trkpt>
      <trkpt lat="39.9418391101062297821044921875" lon="116.3802392967045307159423828125">
        <ele>52.59999847412109375</ele>
        <time>2026-09-08T23:39:43.000Z</time>
        <extensions>
          <ns3:TrackPointExtension>
            <ns3:atemp>22.0</ns3:atemp>
            <ns3:hr>141</ns3:hr>
            <ns3:cad>88</ns3:cad>
          </ns3:TrackPointExtension>
        </extensions>
      </trkpt>
      <trkpt lat="39.9418598972260951995849609375" lon="116.3802238740026950836181640625">
        <ele>52.59999847412109375</ele>
        <time>2026-09-08T23:39:44.000Z</time>
        <extensions>
          <ns3:TrackPointExtension>
            <ns3:atemp>22.0</ns3:atemp>
            <ns3:hr>141</ns3:hr>
            <ns3:cad>88</ns3:cad>
          </ns3:TrackPointExtension>
        </extensions>
      </trkpt>
      <trkpt lat="39.94188395328819751739501953125" lon="116.380209289491176605224609375">
        <ele>52.59999847412109375</ele>
        <time>2026-09-08T23:39:45.000Z</time>
        <extensions>
          <ns3:TrackPointExtension>
            <ns3:atemp>22.0</ns3:atemp>
            <ns3:hr>140</ns3:hr>
            <ns3:cad>88</ns3:cad>
          </ns3:TrackPointExtension>
        </extensions>
      </trkpt>
      <trkpt lat="39.94190289638936519622802734375" lon="116.38019981794059276580810546875">
        <ele>52.59999847412109375</ele>
        <time>2026-09-08T23:39:46.000Z</time>
        <extensions>
          <ns3:TrackPointExtension>
            <ns3:atemp>22.0</ns3:atemp>
            <ns3:hr>140</ns3:hr>
            <ns3:cad>88</ns3:cad>
          </ns3:TrackPointExtension>
        </extensions>
      </trkpt>
      <trkpt lat="39.94192804209887981414794921875" lon="116.380183137953281402587890625">
        <ele>52.59999847412109375</ele>
        <time>2026-09-08T23:39:47.000Z</time>
        <extensions>
          <ns3:TrackPointExtension>
            <ns3:atemp>22.0</ns3:atemp>
            <ns3:hr>140</ns3:hr>
            <ns3:cad>88</ns3:cad>
          </ns3:TrackPointExtension>
        </extensions>
      </trkpt>
      <trkpt lat="39.94195084087550640106201171875" lon="116.38017148710787296295166015625">
        <ele>52.59999847412109375</ele>
        <time>2026-09-08T23:39:48.000Z</time>
        <extensions>
          <ns3:TrackPointExtension>
            <ns3:atemp>22.0</ns3:atemp>
            <ns3:hr>140</ns3:hr>
            <ns3:cad>88</ns3:cad>
          </ns3:TrackPointExtension>
        </extensions>
      </trkpt>
      <trkpt lat="39.94197632186114788055419921875" lon="116.380161345005035400390625">
        <ele>52.59999847412109375</ele>
        <time>2026-09-08T23:39:49.000Z</time>
        <extensions>
          <ns3:TrackPointExtension>
            <ns3:atemp>22.0</ns3:atemp>
            <ns3:hr>140</ns3:hr>
            <ns3:cad>88</ns3:cad>
          </ns3:TrackPointExtension>
        </extensions>
      </trkpt>
      <trkpt lat="39.941997528076171875" lon="116.380151621997356414794921875">
        <ele>52.799999237060546875</ele>
        <time>2026-09-08T23:39:50.000Z</time>
        <extensions>
          <ns3:TrackPointExtension>
            <ns3:atemp>22.0</ns3:atemp>
            <ns3:hr>141</ns3:hr>
            <ns3:cad>88</ns3:cad>
          </ns3:TrackPointExtension>
        </extensions>
      </trkpt>
      <trkpt lat="39.94201504625380039215087890625" lon="116.3801403902471065521240234375">
        <ele>52.799999237060546875</ele>
        <time>2026-09-08T23:39:51.000Z</time>
        <extensions>
          <ns3:TrackPointExtension>
            <ns3:atemp>22.0</ns3:atemp>
            <ns3:hr>141</ns3:hr>
            <ns3:cad>88</ns3:cad>
          </ns3:TrackPointExtension>
        </extensions>
      </trkpt>
      <trkpt lat="39.942036755383014678955078125" lon="116.3801259733736515045166015625">
        <ele>52.799999237060546875</ele>
        <time>2026-09-08T23:39:52.000Z</time>
        <extensions>
          <ns3:TrackPointExtension>
            <ns3:atemp>22.0</ns3:atemp>
            <ns3:hr>141</ns3:hr>
            <ns3:cad>88</ns3:cad>
          </ns3:TrackPointExtension>
        </extensions>
      </trkpt>
      <trkpt lat="39.94205326773226261138916015625" lon="116.38011096976697444915771484375">
        <ele>52.799999237060546875</ele>
        <time>2026-09-08T23:39:53.000Z</time>
        <extensions>
          <ns3:TrackPointExtension>
            <ns3:atemp>22.0</ns3:atemp>
            <ns3:hr>142</ns3:hr>
            <ns3:cad>87</ns3:cad>
          </ns3:TrackPointExtension>
        </extensions>
      </trkpt>
      <trkpt lat="39.94207330048084259033203125" lon="116.380091607570648193359375">
        <ele>52.799999237060546875</ele>
        <time>2026-09-08T23:39:54.000Z</time>
        <extensions>
          <ns3:TrackPointExtension>
            <ns3:atemp>22.0</ns3:atemp>
            <ns3:hr>142</ns3:hr>
            <ns3:cad>88</ns3:cad>
          </ns3:TrackPointExtension>
        </extensions>
      </trkpt>
      <trkpt lat="39.94208537042140960693359375" lon="116.38007090426981449127197265625">
        <ele>52.799999237060546875</ele>
        <time>2026-09-08T23:39:55.000Z</time>
        <extensions>
          <ns3:TrackPointExtension>
            <ns3:atemp>22.0</ns3:atemp>
            <ns3:hr>142</ns3:hr>
            <ns3:cad>88</ns3:cad>
          </ns3:TrackPointExtension>
        </extensions>
      </trkpt>
      <trkpt lat="39.94210070930421352386474609375" lon="116.38005212880671024322509765625">
        <ele>52.799999237060546875</ele>
        <time>2026-09-08T23:39:56.000Z</time>
        <extensions>
          <ns3:TrackPointExtension>
            <ns3:atemp>22.0</ns3:atemp>
            <ns3:hr>142</ns3:hr>
            <ns3:cad>88</ns3:cad>
          </ns3:TrackPointExtension>
        </extensions>
      </trkpt>
      <trkpt lat="39.94211110286414623260498046875" lon="116.38002933003008365631103515625">
        <ele>52.799999237060546875</ele>
        <time>2026-09-08T23:39:57.000Z</time>
        <extensions>
          <ns3:TrackPointExtension>
            <ns3:atemp>22.0</ns3:atemp>
            <ns3:hr>143</ns3:hr>
            <ns3:cad>88</ns3:cad>
          </ns3:TrackPointExtension>
        </extensions>
      </trkpt>
      <trkpt lat="39.942125938832759857177734375" lon="116.3800039328634738922119140625">
        <ele>52.799999237060546875</ele>
        <time>2026-09-08T23:39:58.000Z</time>
        <extensions>
          <ns3:TrackPointExtension>
            <ns3:atemp>22.0</ns3:atemp>
            <ns3:hr>143</ns3:hr>
            <ns3:cad>88</ns3:cad>
          </ns3:TrackPointExtension>
        </extensions>
      </trkpt>
      <trkpt lat="39.9421361647546291351318359375" lon="116.379977948963642120361328125">
        <ele>52.799999237060546875</ele>
        <time>2026-09-08T23:39:59.000Z</time>
        <extensions>
          <ns3:TrackPointExtension>
            <ns3:atemp>22.0</ns3:atemp>
            <ns3:hr>143</ns3:hr>
            <ns3:cad>88</ns3:cad>
          </ns3:TrackPointExtension>
        </extensions>
      </trkpt>
      <trkpt lat="39.942146725952625274658203125" lon="116.37995037250220775604248046875">
        <ele>52.799999237060546875</ele>
        <time>2026-09-08T23:40:00.000Z</time>
        <extensions>
          <ns3:TrackPointExtension>
            <ns3:atemp>22.0</ns3:atemp>
            <ns3:hr>144</ns3:hr>
            <ns3:cad>88</ns3:cad>
          </ns3:TrackPointExtension>
        </extensions>
      </trkpt>
      <trkpt lat="39.94215619750320911407470703125" lon="116.37991751544177532196044921875">
        <ele>52.799999237060546875</ele>
        <time>2026-09-08T23:40:01.000Z</time>
        <extensions>
          <ns3:TrackPointExtension>
            <ns3:atemp>22.0</ns3:atemp>
            <ns3:hr>143</ns3:hr>
            <ns3:cad>88</ns3:cad>
          </ns3:TrackPointExtension>
        </extensions>
      </trkpt>
      <trkpt lat="39.94216449558734893798828125" lon="116.37988817878067493438720703125">
        <ele>53</ele>
        <time>2026-09-08T23:40:02.000Z</time>
        <extensions>
          <ns3:TrackPointExtension>
            <ns3:atemp>22.0</ns3:atemp>
            <ns3:hr>143</ns3:hr>
            <ns3:cad>88</ns3:cad>
          </ns3:TrackPointExtension>
        </extensions>
      </trkpt>
      <trkpt lat="39.94217497296631336212158203125" lon="116.379857920110225677490234375">
        <ele>53</ele>
        <time>2026-09-08T23:40:03.000Z</time>
        <extensions>
          <ns3:TrackPointExtension>
            <ns3:atemp>22.0</ns3:atemp>
            <ns3:hr>144</ns3:hr>
            <ns3:cad>88</ns3:cad>
          </ns3:TrackPointExtension>
        </extensions>
      </trkpt>
      <trkpt lat="39.94218352250754833221435546875" lon="116.37983076274394989013671875">
        <ele>53</ele>
        <time>2026-09-08T23:40:04.000Z</time>
        <extensions>
          <ns3:TrackPointExtension>
            <ns3:atemp>22.0</ns3:atemp>
            <ns3:hr>143</ns3:hr>
            <ns3:cad>88</ns3:cad>
          </ns3:TrackPointExtension>
        </extensions>
      </trkpt>
      <trkpt lat="39.94219022803008556365966796875" lon="116.37980000115931034088134765625">
        <ele>52.799999237060546875</ele>
        <time>2026-09-08T23:40:05.000Z</time>
        <extensions>
          <ns3:TrackPointExtension>
            <ns3:atemp>22.0</ns3:atemp>
            <ns3:hr>144</ns3:hr>
            <ns3:cad>88</ns3:cad>
          </ns3:TrackPointExtension>
        </extensions>
      </trkpt>
      <trkpt lat="39.94219601154327392578125" lon="116.37977116741240024566650390625">
        <ele>52.799999237060546875</ele>
        <time>2026-09-08T23:40:06.000Z</time>
        <extensions>
          <ns3:TrackPointExtension>
            <ns3:atemp>22.0</ns3:atemp>
            <ns3:hr>144</ns3:hr>
            <ns3:cad>88</ns3:cad>
          </ns3:TrackPointExtension>
        </extensions>
      </trkpt>
      <trkpt lat="39.942209757864475250244140625" lon="116.3797442615032196044921875">
        <ele>52.799999237060546875</ele>
        <time>2026-09-08T23:40:07.000Z</time>
        <extensions>
          <ns3:TrackPointExtension>
            <ns3:atemp>22.0</ns3:atemp>
            <ns3:hr>144</ns3:hr>
            <ns3:cad>88</ns3:cad>
          </ns3:TrackPointExtension>
        </extensions>
      </trkpt>
      <trkpt lat="39.942216463387012481689453125" lon="116.37971810996532440185546875">
        <ele>52.799999237060546875</ele>
        <time>2026-09-08T23:40:08.000Z</time>
        <extensions>
          <ns3:TrackPointExtension>
            <ns3:atemp>22.0</ns3:atemp>
            <ns3:hr>144</ns3:hr>
            <ns3:cad>88</ns3:cad>
          </ns3:TrackPointExtension>
        </extensions>
      </trkpt>
      <trkpt lat="39.94222593493759632110595703125" lon="116.379683576524257659912109375">
        <ele>52.799999237060546875</ele>
        <time>2026-09-08T23:40:09.000Z</time>
        <extensions>
          <ns3:TrackPointExtension>
            <ns3:atemp>22.0</ns3:atemp>
            <ns3:hr>144</ns3:hr>
            <ns3:cad>88</ns3:cad>
          </ns3:TrackPointExtension>
        </extensions>
      </trkpt>
      <trkpt lat="39.942229874432086944580078125" lon="116.3796585984528064727783203125">
        <ele>52.799999237060546875</ele>
        <time>2026-09-08T23:40:10.000Z</time>
        <extensions>
          <ns3:TrackPointExtension>
            <ns3:atemp>22.0</ns3:atemp>
            <ns3:hr>144</ns3:hr>
            <ns3:cad>88</ns3:cad>
          </ns3:TrackPointExtension>
        </extensions>
      </trkpt>
      <trkpt lat="39.94223951362073421478271484375" lon="116.37962616048753261566162109375">
        <ele>52.799999237060546875</ele>
        <time>2026-09-08T23:40:11.000Z</time>
        <extensions>
          <ns3:TrackPointExtension>
            <ns3:atemp>22.0</ns3:atemp>
            <ns3:hr>144</ns3:hr>
            <ns3:cad>88</ns3:cad>
          </ns3:TrackPointExtension>
        </extensions>
      </trkpt>
      <trkpt lat="39.94224789552390575408935546875" lon="116.37960084713995456695556640625">
        <ele>52.799999237060546875</ele>
        <time>2026-09-08T23:40:12.000Z</time>
        <extensions>
          <ns3:TrackPointExtension>
            <ns3:atemp>22.0</ns3:atemp>
            <ns3:hr>144</ns3:hr>
            <ns3:cad>88</ns3:cad>
          </ns3:TrackPointExtension>
        </extensions>
      </trkpt>
      <trkpt lat="39.942257702350616455078125" lon="116.37956748716533184051513671875">
        <ele>52.799999237060546875</ele>
        <time>2026-09-08T23:40:13.000Z</time>
        <extensions>
          <ns3:TrackPointExtension>
            <ns3:atemp>22.0</ns3:atemp>
            <ns3:hr>144</ns3:hr>
            <ns3:cad>88</ns3:cad>
          </ns3:TrackPointExtension>
        </extensions>
      </trkpt>
      <trkpt lat="39.94226097129285335540771484375" lon="116.3795377314090728759765625">
        <ele>52.799999237060546875</ele>
        <time>2026-09-08T23:40:14.000Z</time>
        <extensions>
          <ns3:TrackPointExtension>
            <ns3:atemp>22.0</ns3:atemp>
            <ns3:hr>144</ns3:hr>
            <ns3:cad>88</ns3:cad>
          </ns3:TrackPointExtension>
        </extensions>
      </trkpt>
      <trkpt lat="39.9422709457576274871826171875" lon="116.3795082271099090576171875">
        <ele>52.799999237060546875</ele>
        <time>2026-09-08T23:40:15.000Z</time>
        <extensions>
          <ns3:TrackPointExtension>
            <ns3:atemp>22.0</ns3:atemp>
            <ns3:hr>144</ns3:hr>
            <ns3:cad>88</ns3:cad>
          </ns3:TrackPointExtension>
        </extensions>
      </trkpt>
      <trkpt lat="39.94227605871856212615966796875" lon="116.379482410848140716552734375">
        <ele>52.799999237060546875</ele>
        <time>2026-09-08T23:40:16.000Z</time>
        <extensions>
          <ns3:TrackPointExtension>
            <ns3:atemp>22.0</ns3:atemp>
            <ns3:hr>144</ns3:hr>
            <ns3:cad>88</ns3:cad>
          </ns3:TrackPointExtension>
        </extensions>
      </trkpt>
      <trkpt lat="39.9422877095639705657958984375" lon="116.3794503919780254364013671875">
        <ele>53</ele>
        <time>2026-09-08T23:40:17.000Z</time>
        <extensions>
          <ns3:TrackPointExtension>
            <ns3:atemp>22.0</ns3:atemp>
            <ns3:hr>144</ns3:hr>
            <ns3:cad>88</ns3:cad>
          </ns3:TrackPointExtension>
        </extensions>
      </trkpt>
      <trkpt lat="39.94229315780103206634521484375" lon="116.37942449189722537994384765625">
        <ele>52.799999237060546875</ele>
        <time>2026-09-08T23:40:18.000Z</time>
        <extensions>
          <ns3:TrackPointExtension>
            <ns3:atemp>22.0</ns3:atemp>
            <ns3:hr>144</ns3:hr>
            <ns3:cad>88</ns3:cad>
          </ns3:TrackPointExtension>
        </extensions>
      </trkpt>
      <trkpt lat="39.94230355136096477508544921875" lon="116.37939280830323696136474609375">
        <ele>52.799999237060546875</ele>
        <time>2026-09-08T23:40:19.000Z</time>
        <extensions>
          <ns3:TrackPointExtension>
            <ns3:atemp>22.0</ns3:atemp>
            <ns3:hr>145</ns3:hr>
            <ns3:cad>88</ns3:cad>
          </ns3:TrackPointExtension>
        </extensions>
      </trkpt>
      <trkpt lat="39.94230858050286769866943359375" lon="116.3793687522411346435546875">
        <ele>52.799999237060546875</ele>
        <time>2026-09-08T23:40:20.000Z</time>
        <extensions>
          <ns3:TrackPointExtension>
            <ns3:atemp>22.0</ns3:atemp>
            <ns3:hr>144</ns3:hr>
            <ns3:cad>88</ns3:cad>
          </ns3:TrackPointExtension>
        </extensions>
      </trkpt>
      <trkpt lat="39.94231997989118099212646484375" lon="116.379338912665843963623046875">
        <ele>52.799999237060546875</ele>
        <time>2026-09-08T23:40:21.000Z</time>
        <extensions>
          <ns3:TrackPointExtension>
            <ns3:atemp>22.0</ns3:atemp>
            <ns3:hr>144</ns3:hr>
            <ns3:cad>88</ns3:cad>
          </ns3:TrackPointExtension>
        </extensions>
      </trkpt>
      <trkpt lat="39.94232735596597194671630859375" lon="116.37931100092828273773193359375">
        <ele>52.799999237060546875</ele>
        <time>2026-09-08T23:40:22.000Z</time>
        <extensions>
          <ns3:TrackPointExtension>
            <ns3:atemp>22.0</ns3:atemp>
            <ns3:hr>144</ns3:hr>
            <ns3:cad>89</ns3:cad>
          </ns3:TrackPointExtension>
        </extensions>
      </trkpt>
      <trkpt lat="39.9423406831920146942138671875" lon="116.37928015552461147308349609375">
        <ele>52.799999237060546875</ele>
        <time>2026-09-08T23:40:23.000Z</time>
        <extensions>
          <ns3:TrackPointExtension>
            <ns3:atemp>22.0</ns3:atemp>
            <ns3:hr>144</ns3:hr>
            <ns3:cad>88</ns3:cad>
          </ns3:TrackPointExtension>
        </extensions>
      </trkpt>
      <trkpt lat="39.94235065765678882598876953125" lon="116.37925199232995510101318359375">
        <ele>52.799999237060546875</ele>
        <time>2026-09-08T23:40:24.000Z</time>
        <extensions>
          <ns3:TrackPointExtension>
            <ns3:atemp>22.0</ns3:atemp>
            <ns3:hr>144</ns3:hr>
            <ns3:cad>88</ns3:cad>
          </ns3:TrackPointExtension>
        </extensions>
      </trkpt>
      <trkpt lat="39.94236029684543609619140625" lon="116.379223577678203582763671875">
        <ele>52.799999237060546875</ele>
        <time>2026-09-08T23:40:25.000Z</time>
        <extensions>
          <ns3:TrackPointExtension>
            <ns3:atemp>22.0</ns3:atemp>
            <ns3:hr>144</ns3:hr>
            <ns3:cad>88</ns3:cad>
          </ns3:TrackPointExtension>
        </extensions>
      </trkpt>
      <trkpt lat="39.9423698522150516510009765625" lon="116.379195749759674072265625">
        <ele>52.799999237060546875</ele>
        <time>2026-09-08T23:40:26.000Z</time>
        <extensions>
          <ns3:TrackPointExtension>
            <ns3:atemp>22.0</ns3:atemp>
            <ns3:hr>144</ns3:hr>
            <ns3:cad>89</ns3:cad>
          </ns3:TrackPointExtension>
        </extensions>
      </trkpt>
      <trkpt lat="39.94238133542239665985107421875" lon="116.37916280888020992279052734375">
        <ele>52.799999237060546875</ele>
        <time>2026-09-08T23:40:27.000Z</time>
        <extensions>
          <ns3:TrackPointExtension>
            <ns3:atemp>22.0</ns3:atemp>
            <ns3:hr>143</ns3:hr>
            <ns3:cad>89</ns3:cad>
          </ns3:TrackPointExtension>
        </extensions>
      </trkpt>
      <trkpt lat="39.94238954968750476837158203125" lon="116.37913447804749011993408203125">
        <ele>52.799999237060546875</ele>
        <time>2026-09-08T23:40:28.000Z</time>
        <extensions>
          <ns3:TrackPointExtension>
            <ns3:atemp>22.0</ns3:atemp>
            <ns3:hr>143</ns3:hr>
            <ns3:cad>89</ns3:cad>
          </ns3:TrackPointExtension>
        </extensions>
      </trkpt>
      <trkpt lat="39.94239893741905689239501953125" lon="116.37910120189189910888671875">
        <ele>52.799999237060546875</ele>
        <time>2026-09-08T23:40:29.000Z</time>
        <extensions>
          <ns3:TrackPointExtension>
            <ns3:atemp>22.0</ns3:atemp>
            <ns3:hr>143</ns3:hr>
            <ns3:cad>88</ns3:cad>
          </ns3:TrackPointExtension>
        </extensions>
      </trkpt>
      <trkpt lat="39.942407570779323577880859375" lon="116.379074715077877044677734375">
        <ele>52.799999237060546875</ele>
        <time>2026-09-08T23:40:30.000Z</time>
        <extensions>
          <ns3:TrackPointExtension>
            <ns3:atemp>22.0</ns3:atemp>
            <ns3:hr>143</ns3:hr>
            <ns3:cad>88</ns3:cad>
          </ns3:TrackPointExtension>
        </extensions>
      </trkpt>
      <trkpt lat="39.9424146115779876708984375" lon="116.379047892987728118896484375">
        <ele>52.799999237060546875</ele>
        <time>2026-09-08T23:40:31.000Z</time>
        <extensions>
          <ns3:TrackPointExtension>
            <ns3:atemp>22.0</ns3:atemp>
            <ns3:hr>143</ns3:hr>
            <ns3:cad>89</ns3:cad>
          </ns3:TrackPointExtension>
        </extensions>
      </trkpt>
      <trkpt lat="39.9424221552908420562744140625" lon="116.37902266345918178558349609375">
        <ele>52.799999237060546875</ele>
        <time>2026-09-08T23:40:32.000Z</time>
        <extensions>
          <ns3:TrackPointExtension>
            <ns3:atemp>22.0</ns3:atemp>
            <ns3:hr>143</ns3:hr>
            <ns3:cad>88</ns3:cad>
          </ns3:TrackPointExtension>
        </extensions>
      </trkpt>
      <trkpt lat="39.94243028573691844940185546875" lon="116.37899651192128658294677734375">
        <ele>52.59999847412109375</ele>
        <time>2026-09-08T23:40:33.000Z</time>
        <extensions>
          <ns3:TrackPointExtension>
            <ns3:atemp>22.0</ns3:atemp>
            <ns3:hr>142</ns3:hr>
            <ns3:cad>88</ns3:cad>
          </ns3:TrackPointExtension>
        </extensions>
      </trkpt>
      <trkpt lat="39.942442439496517181396484375" lon="116.378970779478549957275390625">
        <ele>52.59999847412109375</ele>
        <time>2026-09-08T23:40:34.000Z</time>
        <extensions>
          <ns3:TrackPointExtension>
            <ns3:atemp>22.0</ns3:atemp>
            <ns3:hr>143</ns3:hr>
            <ns3:cad>88</ns3:cad>
          </ns3:TrackPointExtension>
        </extensions>
      </trkpt>
      <trkpt lat="39.94245015084743499755859375" lon="116.378948986530303955078125">
        <ele>52.59999847412109375</ele>
        <time>2026-09-08T23:40:35.000Z</time>
        <extensions>
          <ns3:TrackPointExtension>
            <ns3:atemp>22.0</ns3:atemp>
            <ns3:hr>143</ns3:hr>
            <ns3:cad>88</ns3:cad>
          </ns3:TrackPointExtension>
        </extensions>
      </trkpt>
      <trkpt lat="39.94246163405478000640869140625" lon="116.37892073951661586761474609375">
        <ele>52.59999847412109375</ele>
        <time>2026-09-08T23:40:36.000Z</time>
        <extensions>
          <ns3:TrackPointExtension>
            <ns3:atemp>22.0</ns3:atemp>
            <ns3:hr>143</ns3:hr>
            <ns3:cad>89</ns3:cad>
          </ns3:TrackPointExtension>
        </extensions>
      </trkpt>
      <trkpt lat="39.9424684233963489532470703125" lon="116.37889693491160869598388671875">
        <ele>52.59999847412109375</ele>
        <time>2026-09-08T23:40:37.000Z</time>
        <extensions>
          <ns3:TrackPointExtension>
            <ns3:atemp>22.0</ns3:atemp>
            <ns3:hr>143</ns3:hr>
            <ns3:cad>89</ns3:cad>
          </ns3:TrackPointExtension>
        </extensions>
      </trkpt>
      <trkpt lat="39.94248099625110626220703125" lon="116.3788690231740474700927734375">
        <ele>52.59999847412109375</ele>
        <time>2026-09-08T23:40:38.000Z</time>
        <extensions>
          <ns3:TrackPointExtension>
            <ns3:atemp>22.0</ns3:atemp>
            <ns3:hr>144</ns3:hr>
            <ns3:cad>89</ns3:cad>
          </ns3:TrackPointExtension>
        </extensions>
      </trkpt>
      <trkpt lat="39.94248527102172374725341796875" lon="116.37883943505585193634033203125">
        <ele>52.59999847412109375</ele>
        <time>2026-09-08T23:40:39.000Z</time>
        <extensions>
          <ns3:TrackPointExtension>
            <ns3:atemp>22.0</ns3:atemp>
            <ns3:hr>144</ns3:hr>
            <ns3:cad>88</ns3:cad>
          </ns3:TrackPointExtension>
        </extensions>
      </trkpt>
      <trkpt lat="39.94249784387648105621337890625" lon="116.37880884110927581787109375">
        <ele>52.59999847412109375</ele>
        <time>2026-09-08T23:40:40.000Z</time>
        <extensions>
          <ns3:TrackPointExtension>
            <ns3:atemp>22.0</ns3:atemp>
            <ns3:hr>144</ns3:hr>
            <ns3:cad>87</ns3:cad>
          </ns3:TrackPointExtension>
        </extensions>
      </trkpt>
      <trkpt lat="39.94250513613224029541015625" lon="116.37878361158072948455810546875">
        <ele>52.59999847412109375</ele>
        <time>2026-09-08T23:40:41.000Z</time>
        <extensions>
          <ns3:TrackPointExtension>
            <ns3:atemp>22.0</ns3:atemp>
            <ns3:hr>145</ns3:hr>
            <ns3:cad>87</ns3:cad>
          </ns3:TrackPointExtension>
        </extensions>
      </trkpt>
      <trkpt lat="39.9425156973302364349365234375" lon="116.37875125743448734283447265625">
        <ele>52.59999847412109375</ele>
        <time>2026-09-08T23:40:42.000Z</time>
        <extensions>
          <ns3:TrackPointExtension>
            <ns3:atemp>22.0</ns3:atemp>
            <ns3:hr>145</ns3:hr>
            <ns3:cad>88</ns3:cad>
          </ns3:TrackPointExtension>
        </extensions>
      </trkpt>
      <trkpt lat="39.94252265430986881256103515625" lon="116.37872594408690929412841796875">
        <ele>52.59999847412109375</ele>
        <time>2026-09-08T23:40:43.000Z</time>
        <extensions>
          <ns3:TrackPointExtension>
            <ns3:atemp>22.0</ns3:atemp>
            <ns3:hr>146</ns3:hr>
            <ns3:cad>88</ns3:cad>
          </ns3:TrackPointExtension>
        </extensions>
      </trkpt>
      <trkpt lat="39.942534305155277252197265625" lon="116.37869308702647686004638671875">
        <ele>52.59999847412109375</ele>
        <time>2026-09-08T23:40:44.000Z</time>
        <extensions>
          <ns3:TrackPointExtension>
            <ns3:atemp>22.0</ns3:atemp>
            <ns3:hr>146</ns3:hr>
            <ns3:cad>88</ns3:cad>
          </ns3:TrackPointExtension>
        </extensions>
      </trkpt>
      <trkpt lat="39.94254327379167079925537109375" lon="116.37866936624050140380859375">
        <ele>52.59999847412109375</ele>
        <time>2026-09-08T23:40:45.000Z</time>
        <extensions>
          <ns3:TrackPointExtension>
            <ns3:atemp>22.0</ns3:atemp>
            <ns3:hr>146</ns3:hr>
            <ns3:cad>88</ns3:cad>
          </ns3:TrackPointExtension>
        </extensions>
      </trkpt>
      <trkpt lat="39.94255366735160350799560546875" lon="116.37864111922681331634521484375">
        <ele>52.59999847412109375</ele>
        <time>2026-09-08T23:40:46.000Z</time>
        <extensions>
          <ns3:TrackPointExtension>
            <ns3:atemp>22.0</ns3:atemp>
            <ns3:hr>147</ns3:hr>
            <ns3:cad>88</ns3:cad>
          </ns3:TrackPointExtension>
        </extensions>
      </trkpt>
      <trkpt lat="39.94256171397864818572998046875" lon="116.37861848808825016021728515625">
        <ele>52.59999847412109375</ele>
        <time>2026-09-08T23:40:47.000Z</time>
        <extensions>
          <ns3:TrackPointExtension>
            <ns3:atemp>22.0</ns3:atemp>
            <ns3:hr>148</ns3:hr>
            <ns3:cad>89</ns3:cad>
          </ns3:TrackPointExtension>
        </extensions>
      </trkpt>
      <trkpt lat="39.94257478974759578704833984375" lon="116.37858848087489604949951171875">
        <ele>52.59999847412109375</ele>
        <time>2026-09-08T23:40:48.000Z</time>
        <extensions>
          <ns3:TrackPointExtension>
            <ns3:atemp>22.0</ns3:atemp>
            <ns3:hr>149</ns3:hr>
            <ns3:cad>89</ns3:cad>
          </ns3:TrackPointExtension>
        </extensions>
      </trkpt>
      <trkpt lat="39.9425834231078624725341796875" lon="116.3785605691373348236083984375">
        <ele>52.59999847412109375</ele>
        <time>2026-09-08T23:40:49.000Z</time>
        <extensions>
          <ns3:TrackPointExtension>
            <ns3:atemp>22.0</ns3:atemp>
            <ns3:hr>149</ns3:hr>
            <ns3:cad>88</ns3:cad>
          </ns3:TrackPointExtension>
        </extensions>
      </trkpt>
      <trkpt lat="39.94259423576295375823974609375" lon="116.3785257004201412200927734375">
        <ele>52.59999847412109375</ele>
        <time>2026-09-08T23:40:50.000Z</time>
        <extensions>
          <ns3:TrackPointExtension>
            <ns3:atemp>22.0</ns3:atemp>
            <ns3:hr>149</ns3:hr>
            <ns3:cad>89</ns3:cad>
          </ns3:TrackPointExtension>
        </extensions>
      </trkpt>
      <trkpt lat="39.94260370731353759765625" lon="116.3784992136061191558837890625">
        <ele>52.59999847412109375</ele>
        <time>2026-09-08T23:40:51.000Z</time>
        <extensions>
          <ns3:TrackPointExtension>
            <ns3:atemp>22.0</ns3:atemp>
            <ns3:hr>150</ns3:hr>
            <ns3:cad>88</ns3:cad>
          </ns3:TrackPointExtension>
        </extensions>
      </trkpt>
      <trkpt lat="39.94261602871119976043701171875" lon="116.3784676976501941680908203125">
        <ele>52.59999847412109375</ele>
        <time>2026-09-08T23:40:52.000Z</time>
        <extensions>
          <ns3:TrackPointExtension>
            <ns3:atemp>22.0</ns3:atemp>
            <ns3:hr>150</ns3:hr>
            <ns3:cad>88</ns3:cad>
          </ns3:TrackPointExtension>
        </extensions>
      </trkpt>
      <trkpt lat="39.9426249973475933074951171875" lon="116.378442384302616119384765625">
        <ele>52.59999847412109375</ele>
        <time>2026-09-08T23:40:53.000Z</time>
        <extensions>
          <ns3:TrackPointExtension>
            <ns3:atemp>22.0</ns3:atemp>
            <ns3:hr>151</ns3:hr>
            <ns3:cad>88</ns3:cad>
          </ns3:TrackPointExtension>
        </extensions>
      </trkpt>
      <trkpt lat="39.94263597764074802398681640625" lon="116.37841195799410343170166015625">
        <ele>52.59999847412109375</ele>
        <time>2026-09-08T23:40:54.000Z</time>
        <extensions>
          <ns3:TrackPointExtension>
            <ns3:atemp>22.0</ns3:atemp>
            <ns3:hr>151</ns3:hr>
            <ns3:cad>88</ns3:cad>
          </ns3:TrackPointExtension>
        </extensions>
      </trkpt>
      <trkpt lat="39.9426471255719661712646484375" lon="116.37838580645620822906494140625">
        <ele>52.59999847412109375</ele>
        <time>2026-09-08T23:40:55.000Z</time>
        <extensions>
          <ns3:TrackPointExtension>
            <ns3:atemp>22.0</ns3:atemp>
            <ns3:hr>151</ns3:hr>
            <ns3:cad>88</ns3:cad>
          </ns3:TrackPointExtension>
        </extensions>
      </trkpt>
      <trkpt lat="39.9426565133035182952880859375" lon="116.37835999019443988800048828125">
        <ele>52.59999847412109375</ele>
        <time>2026-09-08T23:40:56.000Z</time>
        <extensions>
          <ns3:TrackPointExtension>
            <ns3:atemp>22.0</ns3:atemp>
            <ns3:hr>151</ns3:hr>
            <ns3:cad>88</ns3:cad>
          </ns3:TrackPointExtension>
        </extensions>
      </trkpt>
      <trkpt lat="39.9426726065576076507568359375" lon="116.3783332519233226776123046875">
        <ele>52.59999847412109375</ele>
        <time>2026-09-08T23:40:57.000Z</time>
        <extensions>
          <ns3:TrackPointExtension>
            <ns3:atemp>22.0</ns3:atemp>
            <ns3:hr>151</ns3:hr>
            <ns3:cad>88</ns3:cad>
          </ns3:TrackPointExtension>
        </extensions>
      </trkpt>
      <trkpt lat="39.942681156098842620849609375" lon="116.37830735184252262115478515625">
        <ele>52.59999847412109375</ele>
        <time>2026-09-08T23:40:58.000Z</time>
        <extensions>
          <ns3:TrackPointExtension>
            <ns3:atemp>22.0</ns3:atemp>
            <ns3:hr>151</ns3:hr>
            <ns3:cad>88</ns3:cad>
          </ns3:TrackPointExtension>
        </extensions>
      </trkpt>
      <trkpt lat="39.94269247166812419891357421875" lon="116.3782769255340099334716796875">
        <ele>52.59999847412109375</ele>
        <time>2026-09-08T23:40:59.000Z</time>
        <extensions>
          <ns3:TrackPointExtension>
            <ns3:atemp>22.0</ns3:atemp>
            <ns3:hr>151</ns3:hr>
            <ns3:cad>88</ns3:cad>
          </ns3:TrackPointExtension>
        </extensions>
      </trkpt>
      <trkpt lat="39.94269900955259799957275390625" lon="116.37824960052967071533203125">
        <ele>52.59999847412109375</ele>
        <time>2026-09-08T23:41:00.000Z</time>
        <extensions>
          <ns3:TrackPointExtension>
            <ns3:atemp>22.0</ns3:atemp>
            <ns3:hr>152</ns3:hr>
            <ns3:cad>89</ns3:cad>
          </ns3:TrackPointExtension>
        </extensions>
      </trkpt>
      <trkpt lat="39.942712001502513885498046875" lon="116.3782148994505405426025390625">
        <ele>52.40000152587890625</ele>
        <time>2026-09-08T23:41:01.000Z</time>
        <extensions>
          <ns3:TrackPointExtension>
            <ns3:atemp>22.0</ns3:atemp>
            <ns3:hr>152</ns3:hr>
            <ns3:cad>89</ns3:cad>
          </ns3:TrackPointExtension>
        </extensions>
      </trkpt>
      <trkpt lat="39.94271862320601940155029296875" lon="116.3781870715320110321044921875">
        <ele>52.40000152587890625</ele>
        <time>2026-09-08T23:41:02.000Z</time>
        <extensions>
          <ns3:TrackPointExtension>
            <ns3:atemp>22.0</ns3:atemp>
            <ns3:hr>152</ns3:hr>
            <ns3:cad>88</ns3:cad>
          </ns3:TrackPointExtension>
        </extensions>
      </trkpt>
      <trkpt lat="39.94273236952722072601318359375" lon="116.378157399594783782958984375">
        <ele>52.59999847412109375</ele>
        <time>2026-09-08T23:41:03.000Z</time>
        <extensions>
          <ns3:TrackPointExtension>
            <ns3:atemp>22.0</ns3:atemp>
            <ns3:hr>153</ns3:hr>
            <ns3:cad>88</ns3:cad>
          </ns3:TrackPointExtension>
        </extensions>
      </trkpt>
      <trkpt lat="39.9427383206784725189208984375" lon="116.378133594989776611328125">
        <ele>52.59999847412109375</ele>
        <time>2026-09-08T23:41:04.000Z</time>
        <extensions>
          <ns3:TrackPointExtension>
            <ns3:atemp>22.0</ns3:atemp>
            <ns3:hr>153</ns3:hr>
            <ns3:cad>88</ns3:cad>
          </ns3:TrackPointExtension>
        </extensions>
      </trkpt>
      <trkpt lat="39.94275064207613468170166015625" lon="116.378101073205471038818359375">
        <ele>52.59999847412109375</ele>
        <time>2026-09-08T23:41:05.000Z</time>
        <extensions>
          <ns3:TrackPointExtension>
            <ns3:atemp>22.0</ns3:atemp>
            <ns3:hr>153</ns3:hr>
            <ns3:cad>88</ns3:cad>
          </ns3:TrackPointExtension>
        </extensions>
      </trkpt>
      <trkpt lat="39.94275726377964019775390625" lon="116.37807584367692470550537109375">
        <ele>52.59999847412109375</ele>
        <time>2026-09-08T23:41:06.000Z</time>
        <extensions>
          <ns3:TrackPointExtension>
            <ns3:atemp>22.0</ns3:atemp>
            <ns3:hr>153</ns3:hr>
            <ns3:cad>88</ns3:cad>
          </ns3:TrackPointExtension>
        </extensions>
      </trkpt>
      <trkpt lat="39.94276941753923892974853515625" lon="116.37804633937776088714599609375">
        <ele>52.59999847412109375</ele>
        <time>2026-09-08T23:41:07.000Z</time>
        <extensions>
          <ns3:TrackPointExtension>
            <ns3:atemp>22.0</ns3:atemp>
            <ns3:hr>153</ns3:hr>
            <ns3:cad>88</ns3:cad>
          </ns3:TrackPointExtension>
        </extensions>
      </trkpt>
      <trkpt lat="39.94277603924274444580078125" lon="116.37801901437342166900634765625">
        <ele>52.59999847412109375</ele>
        <time>2026-09-08T23:41:08.000Z</time>
        <extensions>
          <ns3:TrackPointExtension>
            <ns3:atemp>22.0</ns3:atemp>
            <ns3:hr>152</ns3:hr>
            <ns3:cad>88</ns3:cad>
          </ns3:TrackPointExtension>
        </extensions>
      </trkpt>
      <trkpt lat="39.94278450496494770050048828125" lon="116.37799168936908245086669921875">
        <ele>52.59999847412109375</ele>
        <time>2026-09-08T23:41:09.000Z</time>
        <extensions>
          <ns3:TrackPointExtension>
            <ns3:atemp>22.0</ns3:atemp>
            <ns3:hr>152</ns3:hr>
            <ns3:cad>88</ns3:cad>
          </ns3:TrackPointExtension>
        </extensions>
      </trkpt>
      <trkpt lat="39.94279087521135807037353515625" lon="116.37796520255506038665771484375">
        <ele>52.59999847412109375</ele>
        <time>2026-09-08T23:41:10.000Z</time>
        <extensions>
          <ns3:TrackPointExtension>
            <ns3:atemp>22.0</ns3:atemp>
            <ns3:hr>152</ns3:hr>
            <ns3:cad>89</ns3:cad>
          </ns3:TrackPointExtension>
        </extensions>
      </trkpt>
      <trkpt lat="39.94280193932354450225830078125" lon="116.37793703936040401458740234375">
        <ele>52.59999847412109375</ele>
        <time>2026-09-08T23:41:11.000Z</time>
        <extensions>
          <ns3:TrackPointExtension>
            <ns3:atemp>22.0</ns3:atemp>
            <ns3:hr>152</ns3:hr>
            <ns3:cad>89</ns3:cad>
          </ns3:TrackPointExtension>
        </extensions>
      </trkpt>
      <trkpt lat="39.9428100697696208953857421875" lon="116.37791440822184085845947265625">
        <ele>52.40000152587890625</ele>
        <time>2026-09-08T23:41:12.000Z</time>
        <extensions>
          <ns3:TrackPointExtension>
            <ns3:atemp>22.0</ns3:atemp>
            <ns3:hr>151</ns3:hr>
            <ns3:cad>89</ns3:cad>
          </ns3:TrackPointExtension>
        </extensions>
      </trkpt>
      <trkpt lat="39.9428228102624416351318359375" lon="116.377887837588787078857421875">
        <ele>52.59999847412109375</ele>
        <time>2026-09-08T23:41:13.000Z</time>
        <extensions>
          <ns3:TrackPointExtension>
            <ns3:atemp>22.0</ns3:atemp>
            <ns3:hr>151</ns3:hr>
            <ns3:cad>89</ns3:cad>
          </ns3:TrackPointExtension>
        </extensions>
      </trkpt>
      <trkpt lat="39.9428332038223743438720703125" lon="116.377865038812160491943359375">
        <ele>52.59999847412109375</ele>
        <time>2026-09-08T23:41:14.000Z</time>
        <extensions>
          <ns3:TrackPointExtension>
            <ns3:atemp>22.0</ns3:atemp>
            <ns3:hr>151</ns3:hr>
            <ns3:cad>88</ns3:cad>
          </ns3:TrackPointExtension>
        </extensions>
      </trkpt>
      <trkpt lat="39.94284518994390964508056640625" lon="116.377840228378772735595703125">
        <ele>52.59999847412109375</ele>
        <time>2026-09-08T23:41:15.000Z</time>
        <extensions>
          <ns3:TrackPointExtension>
            <ns3:atemp>22.0</ns3:atemp>
            <ns3:hr>150</ns3:hr>
            <ns3:cad>88</ns3:cad>
          </ns3:TrackPointExtension>
        </extensions>
      </trkpt>
      <trkpt lat="39.94285860098898410797119140625" lon="116.377822794020175933837890625">
        <ele>52.59999847412109375</ele>
        <time>2026-09-08T23:41:16.000Z</time>
        <extensions>
          <ns3:TrackPointExtension>
            <ns3:atemp>22.0</ns3:atemp>
            <ns3:hr>150</ns3:hr>
            <ns3:cad>88</ns3:cad>
          </ns3:TrackPointExtension>
        </extensions>
      </trkpt>
      <trkpt lat="39.942874275147914886474609375" lon="116.377802006900310516357421875">
        <ele>52.59999847412109375</ele>
        <time>2026-09-08T23:41:17.000Z</time>
        <extensions>
          <ns3:TrackPointExtension>
            <ns3:atemp>22.0</ns3:atemp>
            <ns3:hr>150</ns3:hr>
            <ns3:cad>88</ns3:cad>
          </ns3:TrackPointExtension>
        </extensions>
      </trkpt>
      <trkpt lat="39.94288592599332332611083984375" lon="116.37778013013303279876708984375">
        <ele>52.59999847412109375</ele>
        <time>2026-09-08T23:41:18.000Z</time>
        <extensions>
          <ns3:TrackPointExtension>
            <ns3:atemp>22.0</ns3:atemp>
            <ns3:hr>149</ns3:hr>
            <ns3:cad>88</ns3:cad>
          </ns3:TrackPointExtension>
        </extensions>
      </trkpt>
      <trkpt lat="39.9428948946297168731689453125" lon="116.377757079899311065673828125">
        <ele>52.59999847412109375</ele>
        <time>2026-09-08T23:41:19.000Z</time>
        <extensions>
          <ns3:TrackPointExtension>
            <ns3:atemp>22.0</ns3:atemp>
            <ns3:hr>148</ns3:hr>
            <ns3:cad>89</ns3:cad>
          </ns3:TrackPointExtension>
        </extensions>
      </trkpt>
      <trkpt lat="39.94290788657963275909423828125" lon="116.3777331076562404632568359375">
        <ele>52.59999847412109375</ele>
        <time>2026-09-08T23:41:20.000Z</time>
        <extensions>
          <ns3:TrackPointExtension>
            <ns3:atemp>22.0</ns3:atemp>
            <ns3:hr>148</ns3:hr>
            <ns3:cad>89</ns3:cad>
          </ns3:TrackPointExtension>
        </extensions>
      </trkpt>
      <trkpt lat="39.942920543253421783447265625" lon="116.37771324254572391510009765625">
        <ele>52.59999847412109375</ele>
        <time>2026-09-08T23:41:21.000Z</time>
        <extensions>
          <ns3:TrackPointExtension>
            <ns3:atemp>22.0</ns3:atemp>
            <ns3:hr>147</ns3:hr>
            <ns3:cad>89</ns3:cad>
          </ns3:TrackPointExtension>
        </extensions>
      </trkpt>
      <trkpt lat="39.94293705560266971588134765625" lon="116.37769044376909732818603515625">
        <ele>52.59999847412109375</ele>
        <time>2026-09-08T23:41:22.000Z</time>
        <extensions>
          <ns3:TrackPointExtension>
            <ns3:atemp>22.0</ns3:atemp>
            <ns3:hr>147</ns3:hr>
            <ns3:cad>89</ns3:cad>
          </ns3:TrackPointExtension>
        </extensions>
      </trkpt>
      <trkpt lat="39.94294778443872928619384765625" lon="116.37766948901116847991943359375">
        <ele>52.59999847412109375</ele>
        <time>2026-09-08T23:41:23.000Z</time>
        <extensions>
          <ns3:TrackPointExtension>
            <ns3:atemp>22.0</ns3:atemp>
            <ns3:hr>146</ns3:hr>
            <ns3:cad>89</ns3:cad>
          </ns3:TrackPointExtension>
        </extensions>
      </trkpt>
      <trkpt lat="39.94296404533088207244873046875" lon="116.3776440918445587158203125">
        <ele>52.40000152587890625</ele>
        <time>2026-09-08T23:41:24.000Z</time>
        <extensions>
          <ns3:TrackPointExtension>
            <ns3:atemp>22.0</ns3:atemp>
            <ns3:hr>145</ns3:hr>
            <ns3:cad>88</ns3:cad>
          </ns3:TrackPointExtension>
        </extensions>
      </trkpt>
      <trkpt lat="39.9429710023105144500732421875" lon="116.37761081568896770477294921875">
        <ele>52.40000152587890625</ele>
        <time>2026-09-08T23:41:25.000Z</time>
        <extensions>
          <ns3:TrackPointExtension>
            <ns3:atemp>22.0</ns3:atemp>
            <ns3:hr>145</ns3:hr>
            <ns3:cad>88</ns3:cad>
          </ns3:TrackPointExtension>
        </extensions>
      </trkpt>
      <trkpt lat="39.9429840780794620513916015625" lon="116.37758449651300907135009765625">
        <ele>52.59999847412109375</ele>
        <time>2026-09-08T23:41:26.000Z</time>
        <extensions>
          <ns3:TrackPointExtension>
            <ns3:atemp>22.0</ns3:atemp>
            <ns3:hr>144</ns3:hr>
            <ns3:cad>88</ns3:cad>
          </ns3:TrackPointExtension>
        </extensions>
      </trkpt>
      <trkpt lat="39.94299287907779216766357421875" lon="116.37756035663187503814697265625">
        <ele>52.59999847412109375</ele>
        <time>2026-09-08T23:41:27.000Z</time>
        <extensions>
          <ns3:TrackPointExtension>
            <ns3:atemp>22.0</ns3:atemp>
            <ns3:hr>144</ns3:hr>
            <ns3:cad>88</ns3:cad>
          </ns3:TrackPointExtension>
        </extensions>
      </trkpt>
      <trkpt lat="39.9430088885128498077392578125" lon="116.37753437273204326629638671875">
        <ele>52.59999847412109375</ele>
        <time>2026-09-08T23:41:28.000Z</time>
        <extensions>
          <ns3:TrackPointExtension>
            <ns3:atemp>22.0</ns3:atemp>
            <ns3:hr>144</ns3:hr>
            <ns3:cad>88</ns3:cad>
          </ns3:TrackPointExtension>
        </extensions>
      </trkpt>
      <trkpt lat="39.9430239759385585784912109375" lon="116.3775121606886386871337890625">
        <ele>52.59999847412109375</ele>
        <time>2026-09-08T23:41:29.000Z</time>
        <extensions>
          <ns3:TrackPointExtension>
            <ns3:atemp>22.0</ns3:atemp>
            <ns3:hr>143</ns3:hr>
            <ns3:cad>87</ns3:cad>
          </ns3:TrackPointExtension>
        </extensions>
      </trkpt>
      <trkpt lat="39.94304367341101169586181640625" lon="116.37748609296977519989013671875">
        <ele>52.59999847412109375</ele>
        <time>2026-09-08T23:41:30.000Z</time>
        <extensions>
          <ns3:TrackPointExtension>
            <ns3:atemp>22.0</ns3:atemp>
            <ns3:hr>143</ns3:hr>
            <ns3:cad>87</ns3:cad>
          </ns3:TrackPointExtension>
        </extensions>
      </trkpt>
      <trkpt lat="39.94305943138897418975830078125" lon="116.37746480293571949005126953125">
        <ele>52.59999847412109375</ele>
        <time>2026-09-08T23:41:31.000Z</time>
        <extensions>
          <ns3:TrackPointExtension>
            <ns3:atemp>22.0</ns3:atemp>
            <ns3:hr>142</ns3:hr>
            <ns3:cad>87</ns3:cad>
          </ns3:TrackPointExtension>
        </extensions>
      </trkpt>
      <trkpt lat="39.94307736866176128387451171875" lon="116.37742213904857635498046875">
        <ele>52.59999847412109375</ele>
        <time>2026-09-08T23:41:32.000Z</time>
        <extensions>
          <ns3:TrackPointExtension>
            <ns3:atemp>22.0</ns3:atemp>
            <ns3:hr>142</ns3:hr>
            <ns3:cad>87</ns3:cad>
          </ns3:TrackPointExtension>
        </extensions>
      </trkpt>
      <trkpt lat="39.94308583438396453857421875" lon="116.37738802470266819000244140625">
        <ele>52.59999847412109375</ele>
        <time>2026-09-08T23:41:33.000Z</time>
        <extensions>
          <ns3:TrackPointExtension>
            <ns3:atemp>22.0</ns3:atemp>
            <ns3:hr>142</ns3:hr>
            <ns3:cad>87</ns3:cad>
          </ns3:TrackPointExtension>
        </extensions>
      </trkpt>
      <trkpt lat="39.9431010894477367401123046875" lon="116.37735349126160144805908203125">
        <ele>52.59999847412109375</ele>
        <time>2026-09-08T23:41:34.000Z</time>
        <extensions>
          <ns3:TrackPointExtension>
            <ns3:atemp>22.0</ns3:atemp>
            <ns3:hr>141</ns3:hr>
            <ns3:cad>87</ns3:cad>
          </ns3:TrackPointExtension>
        </extensions>
      </trkpt>
      <trkpt lat="39.94311274029314517974853515625" lon="116.377326585352420806884765625">
        <ele>52.59999847412109375</ele>
        <time>2026-09-08T23:41:35.000Z</time>
        <extensions>
          <ns3:TrackPointExtension>
            <ns3:atemp>22.0</ns3:atemp>
            <ns3:hr>141</ns3:hr>
            <ns3:cad>88</ns3:cad>
          </ns3:TrackPointExtension>
        </extensions>
      </trkpt>
      <trkpt lat="39.9431302584707736968994140625" lon="116.3772975839674472808837890625">
        <ele>52.59999847412109375</ele>
        <time>2026-09-08T23:41:36.000Z</time>
        <extensions>
          <ns3:TrackPointExtension>
            <ns3:atemp>22.0</ns3:atemp>
            <ns3:hr>141</ns3:hr>
            <ns3:cad>88</ns3:cad>
          </ns3:TrackPointExtension>
        </extensions>
      </trkpt>
      <trkpt lat="39.9431463517248630523681640625" lon="116.37727729976177215576171875">
        <ele>52.59999847412109375</ele>
        <time>2026-09-08T23:41:37.000Z</time>
        <extensions>
          <ns3:TrackPointExtension>
            <ns3:atemp>22.0</ns3:atemp>
            <ns3:hr>141</ns3:hr>
            <ns3:cad>88</ns3:cad>
          </ns3:TrackPointExtension>
        </extensions>
      </trkpt>
      <trkpt lat="39.94315766729414463043212890625" lon="116.37725693173706531524658203125">
        <ele>52.59999847412109375</ele>
        <time>2026-09-08T23:41:38.000Z</time>
        <extensions>
          <ns3:TrackPointExtension>
            <ns3:atemp>22.0</ns3:atemp>
            <ns3:hr>140</ns3:hr>
            <ns3:cad>89</ns3:cad>
          </ns3:TrackPointExtension>
        </extensions>
      </trkpt>
      <trkpt lat="39.94317166507244110107421875" lon="116.37723647989332675933837890625">
        <ele>52.59999847412109375</ele>
        <time>2026-09-08T23:41:39.000Z</time>
        <extensions>
          <ns3:TrackPointExtension>
            <ns3:atemp>22.0</ns3:atemp>
            <ns3:hr>141</ns3:hr>
            <ns3:cad>89</ns3:cad>
          </ns3:TrackPointExtension>
        </extensions>
      </trkpt>
      <trkpt lat="39.94318214245140552520751953125" lon="116.37721854262053966522216796875">
        <ele>52.59999847412109375</ele>
        <time>2026-09-08T23:41:40.000Z</time>
        <extensions>
          <ns3:TrackPointExtension>
            <ns3:atemp>22.0</ns3:atemp>
            <ns3:hr>141</ns3:hr>
            <ns3:cad>88</ns3:cad>
          </ns3:TrackPointExtension>
        </extensions>
      </trkpt>
      <trkpt lat="39.943198151886463165283203125" lon="116.37719624675810337066650390625">
        <ele>52.59999847412109375</ele>
        <time>2026-09-08T23:41:41.000Z</time>
        <extensions>
          <ns3:TrackPointExtension>
            <ns3:atemp>22.0</ns3:atemp>
            <ns3:hr>141</ns3:hr>
            <ns3:cad>88</ns3:cad>
          </ns3:TrackPointExtension>
        </extensions>
      </trkpt>
      <trkpt lat="39.943210221827030181884765625" lon="116.37717629782855510711669921875">
        <ele>52.59999847412109375</ele>
        <time>2026-09-08T23:41:42.000Z</time>
        <extensions>
          <ns3:TrackPointExtension>
            <ns3:atemp>22.0</ns3:atemp>
            <ns3:hr>141</ns3:hr>
            <ns3:cad>87</ns3:cad>
          </ns3:TrackPointExtension>
        </extensions>
      </trkpt>
      <trkpt lat="39.9432244710624217987060546875" lon="116.3771503977477550506591796875">
        <ele>52.59999847412109375</ele>
        <time>2026-09-08T23:41:43.000Z</time>
        <extensions>
          <ns3:TrackPointExtension>
            <ns3:atemp>22.0</ns3:atemp>
            <ns3:hr>141</ns3:hr>
            <ns3:cad>88</ns3:cad>
          </ns3:TrackPointExtension>
        </extensions>
      </trkpt>
      <trkpt lat="39.94323545135557651519775390625" lon="116.37713153846561908721923828125">
        <ele>52.59999847412109375</ele>
        <time>2026-09-08T23:41:44.000Z</time>
        <extensions>
          <ns3:TrackPointExtension>
            <ns3:atemp>22.0</ns3:atemp>
            <ns3:hr>141</ns3:hr>
            <ns3:cad>88</ns3:cad>
          </ns3:TrackPointExtension>
        </extensions>
      </trkpt>
      <trkpt lat="39.94325213134288787841796875" lon="116.3771014474332332611083984375">
        <ele>52.59999847412109375</ele>
        <time>2026-09-08T23:41:45.000Z</time>
        <extensions>
          <ns3:TrackPointExtension>
            <ns3:atemp>22.0</ns3:atemp>
            <ns3:hr>141</ns3:hr>
            <ns3:cad>88</ns3:cad>
          </ns3:TrackPointExtension>
        </extensions>
      </trkpt>
      <trkpt lat="39.94326361455023288726806640625" lon="116.37707688845694065093994140625">
        <ele>52.59999847412109375</ele>
        <time>2026-09-08T23:41:46.000Z</time>
        <extensions>
          <ns3:TrackPointExtension>
            <ns3:atemp>22.0</ns3:atemp>
            <ns3:hr>141</ns3:hr>
            <ns3:cad>89</ns3:cad>
          </ns3:TrackPointExtension>
        </extensions>
      </trkpt>
      <trkpt lat="39.94327920489013195037841796875" lon="116.377046965062618255615234375">
        <ele>52.59999847412109375</ele>
        <time>2026-09-08T23:41:47.000Z</time>
        <extensions>
          <ns3:TrackPointExtension>
            <ns3:atemp>22.0</ns3:atemp>
            <ns3:hr>140</ns3:hr>
            <ns3:cad>89</ns3:cad>
          </ns3:TrackPointExtension>
        </extensions>
      </trkpt>
      <trkpt lat="39.94328834116458892822265625" lon="116.3770260103046894073486328125">
        <ele>52.59999847412109375</ele>
        <time>2026-09-08T23:41:48.000Z</time>
        <extensions>
          <ns3:TrackPointExtension>
            <ns3:atemp>22.0</ns3:atemp>
            <ns3:hr>141</ns3:hr>
            <ns3:cad>88</ns3:cad>
          </ns3:TrackPointExtension>
        </extensions>
      </trkpt>
      <trkpt lat="39.943303428590297698974609375" lon="116.37699541635811328887939453125">
        <ele>52.59999847412109375</ele>
        <time>2026-09-08T23:41:49.000Z</time>
        <extensions>
          <ns3:TrackPointExtension>
            <ns3:atemp>22.0</ns3:atemp>
            <ns3:hr>141</ns3:hr>
            <ns3:cad>88</ns3:cad>
          </ns3:TrackPointExtension>
        </extensions>
      </trkpt>
      <trkpt lat="39.94331491179764270782470703125" lon="116.37697555124759674072265625">
        <ele>52.59999847412109375</ele>
        <time>2026-09-08T23:41:50.000Z</time>
        <extensions>
          <ns3:TrackPointExtension>
            <ns3:atemp>22.0</ns3:atemp>
            <ns3:hr>142</ns3:hr>
            <ns3:cad>89</ns3:cad>
          </ns3:TrackPointExtension>
        </extensions>
      </trkpt>
      <trkpt lat="39.94332832284271717071533203125" lon="116.3769438676536083221435546875">
        <ele>52.59999847412109375</ele>
        <time>2026-09-08T23:41:51.000Z</time>
        <extensions>
          <ns3:TrackPointExtension>
            <ns3:atemp>22.0</ns3:atemp>
            <ns3:hr>142</ns3:hr>
            <ns3:cad>88</ns3:cad>
          </ns3:TrackPointExtension>
        </extensions>
      </trkpt>
      <trkpt lat="39.94333670474588871002197265625" lon="116.37692618183791637420654296875">
        <ele>52.59999847412109375</ele>
        <time>2026-09-08T23:41:52.000Z</time>
        <extensions>
          <ns3:TrackPointExtension>
            <ns3:atemp>22.0</ns3:atemp>
            <ns3:hr>142</ns3:hr>
            <ns3:cad>89</ns3:cad>
          </ns3:TrackPointExtension>
        </extensions>
      </trkpt>
      <trkpt lat="39.94335028342902660369873046875" lon="116.37689885683357715606689453125">
        <ele>52.59999847412109375</ele>
        <time>2026-09-08T23:41:53.000Z</time>
        <extensions>
          <ns3:TrackPointExtension>
            <ns3:atemp>22.0</ns3:atemp>
            <ns3:hr>142</ns3:hr>
            <ns3:cad>88</ns3:cad>
          </ns3:TrackPointExtension>
        </extensions>
      </trkpt>
      <trkpt lat="39.943362437188625335693359375" lon="116.376875303685665130615234375">
        <ele>52.59999847412109375</ele>
        <time>2026-09-08T23:41:54.000Z</time>
        <extensions>
          <ns3:TrackPointExtension>
            <ns3:atemp>22.0</ns3:atemp>
            <ns3:hr>143</ns3:hr>
            <ns3:cad>88</ns3:cad>
          </ns3:TrackPointExtension>
        </extensions>
      </trkpt>
      <trkpt lat="39.94337660260498523712158203125" lon="116.376849152147769927978515625">
        <ele>52.40000152587890625</ele>
        <time>2026-09-08T23:41:55.000Z</time>
        <extensions>
          <ns3:TrackPointExtension>
            <ns3:atemp>22.0</ns3:atemp>
            <ns3:hr>143</ns3:hr>
            <ns3:cad>87</ns3:cad>
          </ns3:TrackPointExtension>
        </extensions>
      </trkpt>
      <trkpt lat="39.94338691234588623046875" lon="116.37682132422924041748046875">
        <ele>52.40000152587890625</ele>
        <time>2026-09-08T23:41:56.000Z</time>
        <extensions>
          <ns3:TrackPointExtension>
            <ns3:atemp>22.0</ns3:atemp>
            <ns3:hr>143</ns3:hr>
            <ns3:cad>88</ns3:cad>
          </ns3:TrackPointExtension>
        </extensions>
      </trkpt>
      <trkpt lat="39.9433981440961360931396484375" lon="116.3767996989190578460693359375">
        <ele>52.40000152587890625</ele>
        <time>2026-09-08T23:41:57.000Z</time>
        <extensions>
          <ns3:TrackPointExtension>
            <ns3:atemp>22.0</ns3:atemp>
            <ns3:hr>142</ns3:hr>
            <ns3:cad>88</ns3:cad>
          </ns3:TrackPointExtension>
        </extensions>
      </trkpt>
      <trkpt lat="39.9434108845889568328857421875" lon="116.376774720847606658935546875">
        <ele>52.40000152587890625</ele>
        <time>2026-09-08T23:41:58.000Z</time>
        <extensions>
          <ns3:TrackPointExtension>
            <ns3:atemp>22.0</ns3:atemp>
            <ns3:hr>143</ns3:hr>
            <ns3:cad>89</ns3:cad>
          </ns3:TrackPointExtension>
        </extensions>
      </trkpt>
      <trkpt lat="39.94342111051082611083984375" lon="116.37674965895712375640869140625">
        <ele>52.40000152587890625</ele>
        <time>2026-09-08T23:41:59.000Z</time>
        <extensions>
          <ns3:TrackPointExtension>
            <ns3:atemp>22.0</ns3:atemp>
            <ns3:hr>144</ns3:hr>
            <ns3:cad>89</ns3:cad>
          </ns3:TrackPointExtension>
        </extensions>
      </trkpt>
      <trkpt lat="39.94343242608010768890380859375" lon="116.3767262734472751617431640625">
        <ele>52.200000762939453125</ele>
        <time>2026-09-08T23:42:00.000Z</time>
        <extensions>
          <ns3:TrackPointExtension>
            <ns3:atemp>22.0</ns3:atemp>
            <ns3:hr>144</ns3:hr>
            <ns3:cad>89</ns3:cad>
          </ns3:TrackPointExtension>
        </extensions>
      </trkpt>
      <trkpt lat="39.94344466365873813629150390625" lon="116.37670054100453853607177734375">
        <ele>52.200000762939453125</ele>
        <time>2026-09-08T23:42:01.000Z</time>
        <extensions>
          <ns3:TrackPointExtension>
            <ns3:atemp>22.0</ns3:atemp>
            <ns3:hr>144</ns3:hr>
            <ns3:cad>89</ns3:cad>
          </ns3:TrackPointExtension>
        </extensions>
      </trkpt>
      <trkpt lat="39.9434579908847808837890625" lon="116.37667556293308734893798828125">
        <ele>52.200000762939453125</ele>
        <time>2026-09-08T23:42:02.000Z</time>
        <extensions>
          <ns3:TrackPointExtension>
            <ns3:atemp>22.0</ns3:atemp>
            <ns3:hr>144</ns3:hr>
            <ns3:cad>89</ns3:cad>
          </ns3:TrackPointExtension>
        </extensions>
      </trkpt>
      <trkpt lat="39.9434702284634113311767578125" lon="116.3766516745090484619140625">
        <ele>52.200000762939453125</ele>
        <time>2026-09-08T23:42:03.000Z</time>
        <extensions>
          <ns3:TrackPointExtension>
            <ns3:atemp>22.0</ns3:atemp>
            <ns3:hr>144</ns3:hr>
            <ns3:cad>89</ns3:cad>
          </ns3:TrackPointExtension>
        </extensions>
      </trkpt>
      <trkpt lat="39.94348506443202495574951171875" lon="116.37662686407566070556640625">
        <ele>52.200000762939453125</ele>
        <time>2026-09-08T23:42:04.000Z</time>
        <extensions>
          <ns3:TrackPointExtension>
            <ns3:atemp>22.0</ns3:atemp>
            <ns3:hr>144</ns3:hr>
            <ns3:cad>89</ns3:cad>
          </ns3:TrackPointExtension>
        </extensions>
      </trkpt>
      <trkpt lat="39.9434963800013065338134765625" lon="116.37660448439419269561767578125">
        <ele>52.200000762939453125</ele>
        <time>2026-09-08T23:42:05.000Z</time>
        <extensions>
          <ns3:TrackPointExtension>
            <ns3:atemp>22.0</ns3:atemp>
            <ns3:hr>144</ns3:hr>
            <ns3:cad>89</ns3:cad>
          </ns3:TrackPointExtension>
        </extensions>
      </trkpt>
      <trkpt lat="39.943510629236698150634765625" lon="116.37657724320888519287109375">
        <ele>52.200000762939453125</ele>
        <time>2026-09-08T23:42:06.000Z</time>
        <extensions>
          <ns3:TrackPointExtension>
            <ns3:atemp>21.0</ns3:atemp>
            <ns3:hr>144</ns3:hr>
            <ns3:cad>88</ns3:cad>
          </ns3:TrackPointExtension>
        </extensions>
      </trkpt>
      <trkpt lat="39.9435198493301868438720703125" lon="116.37655536644160747528076171875">
        <ele>52.200000762939453125</ele>
        <time>2026-09-08T23:42:07.000Z</time>
        <extensions>
          <ns3:TrackPointExtension>
            <ns3:atemp>21.0</ns3:atemp>
            <ns3:hr>144</ns3:hr>
            <ns3:cad>88</ns3:cad>
          </ns3:TrackPointExtension>
        </extensions>
      </trkpt>
      <trkpt lat="39.9435332603752613067626953125" lon="116.3765241019427776336669921875">
        <ele>52.40000152587890625</ele>
        <time>2026-09-08T23:42:08.000Z</time>
        <extensions>
          <ns3:TrackPointExtension>
            <ns3:atemp>22.0</ns3:atemp>
            <ns3:hr>144</ns3:hr>
            <ns3:cad>88</ns3:cad>
          </ns3:TrackPointExtension>
        </extensions>
      </trkpt>
      <trkpt lat="39.943540804088115692138671875" lon="116.37650012969970703125">
        <ele>52.40000152587890625</ele>
        <time>2026-09-08T23:42:09.000Z</time>
        <extensions>
          <ns3:TrackPointExtension>
            <ns3:atemp>22.0</ns3:atemp>
            <ns3:hr>144</ns3:hr>
            <ns3:cad>88</ns3:cad>
          </ns3:TrackPointExtension>
        </extensions>
      </trkpt>
      <trkpt lat="39.9435547180473804473876953125" lon="116.37647171504795551300048828125">
        <ele>52.40000152587890625</ele>
        <time>2026-09-08T23:42:10.000Z</time>
        <extensions>
          <ns3:TrackPointExtension>
            <ns3:atemp>21.0</ns3:atemp>
            <ns3:hr>144</ns3:hr>
            <ns3:cad>89</ns3:cad>
          </ns3:TrackPointExtension>
        </extensions>
      </trkpt>
      <trkpt lat="39.94356192648410797119140625" lon="116.37645076029002666473388671875">
        <ele>52.40000152587890625</ele>
        <time>2026-09-08T23:42:11.000Z</time>
        <extensions>
          <ns3:TrackPointExtension>
            <ns3:atemp>21.0</ns3:atemp>
            <ns3:hr>144</ns3:hr>
            <ns3:cad>89</ns3:cad>
          </ns3:TrackPointExtension>
        </extensions>
      </trkpt>
      <trkpt lat="39.94357667863368988037109375" lon="116.37642025016248226165771484375">
        <ele>52.59999847412109375</ele>
        <time>2026-09-08T23:42:12.000Z</time>
        <extensions>
          <ns3:TrackPointExtension>
            <ns3:atemp>22.0</ns3:atemp>
            <ns3:hr>144</ns3:hr>
            <ns3:cad>89</ns3:cad>
          </ns3:TrackPointExtension>
        </extensions>
      </trkpt>
      <trkpt lat="39.94358598254621028900146484375" lon="116.3763970322906970977783203125">
        <ele>52.40000152587890625</ele>
        <time>2026-09-08T23:42:13.000Z</time>
        <extensions>
          <ns3:TrackPointExtension>
            <ns3:atemp>22.0</ns3:atemp>
            <ns3:hr>143</ns3:hr>
            <ns3:cad>89</ns3:cad>
          </ns3:TrackPointExtension>
        </extensions>
      </trkpt>
      <trkpt lat="39.9436013214290142059326171875" lon="116.37636476196348667144775390625">
        <ele>52.40000152587890625</ele>
        <time>2026-09-08T23:42:14.000Z</time>
        <extensions>
          <ns3:TrackPointExtension>
            <ns3:atemp>21.0</ns3:atemp>
            <ns3:hr>143</ns3:hr>
            <ns3:cad>89</ns3:cad>
          </ns3:TrackPointExtension>
        </extensions>
      </trkpt>
      <trkpt lat="39.94361020624637603759765625" lon="116.37633978389203548431396484375">
        <ele>52.40000152587890625</ele>
        <time>2026-09-08T23:42:15.000Z</time>
        <extensions>
          <ns3:TrackPointExtension>
            <ns3:atemp>22.0</ns3:atemp>
            <ns3:hr>142</ns3:hr>
            <ns3:cad>88</ns3:cad>
          </ns3:TrackPointExtension>
        </extensions>
      </trkpt>
      <trkpt lat="39.94362386874854564666748046875" lon="116.37630843557417392730712890625">
        <ele>52.40000152587890625</ele>
        <time>2026-09-08T23:42:16.000Z</time>
        <extensions>
          <ns3:TrackPointExtension>
            <ns3:atemp>21.0</ns3:atemp>
            <ns3:hr>142</ns3:hr>
            <ns3:cad>89</ns3:cad>
          </ns3:TrackPointExtension>
        </extensions>
      </trkpt>
      <trkpt lat="39.9436331726610660552978515625" lon="116.37628488242626190185546875">
        <ele>52.40000152587890625</ele>
        <time>2026-09-08T23:42:17.000Z</time>
        <extensions>
          <ns3:TrackPointExtension>
            <ns3:atemp>22.0</ns3:atemp>
            <ns3:hr>142</ns3:hr>
            <ns3:cad>89</ns3:cad>
          </ns3:TrackPointExtension>
        </extensions>
      </trkpt>
      <trkpt lat="39.9436457455158233642578125" lon="116.3762535341084003448486328125">
        <ele>52.40000152587890625</ele>
        <time>2026-09-08T23:42:18.000Z</time>
        <extensions>
          <ns3:TrackPointExtension>
            <ns3:atemp>22.0</ns3:atemp>
            <ns3:hr>142</ns3:hr>
            <ns3:cad>89</ns3:cad>
          </ns3:TrackPointExtension>
        </extensions>
      </trkpt>
      <trkpt lat="39.9436537921428680419921875" lon="116.3762334175407886505126953125">
        <ele>52.40000152587890625</ele>
        <time>2026-09-08T23:42:19.000Z</time>
        <extensions>
          <ns3:TrackPointExtension>
            <ns3:atemp>22.0</ns3:atemp>
            <ns3:hr>141</ns3:hr>
            <ns3:cad>89</ns3:cad>
          </ns3:TrackPointExtension>
        </extensions>
      </trkpt>
      <trkpt lat="39.9436697177588939666748046875" lon="116.37620500288903713226318359375">
        <ele>52.40000152587890625</ele>
        <time>2026-09-08T23:42:20.000Z</time>
        <extensions>
          <ns3:TrackPointExtension>
            <ns3:atemp>22.0</ns3:atemp>
            <ns3:hr>141</ns3:hr>
            <ns3:cad>89</ns3:cad>
          </ns3:TrackPointExtension>
        </extensions>
      </trkpt>
      <trkpt lat="39.94367851875722408294677734375" lon="116.3761807791888713836669921875">
        <ele>52.40000152587890625</ele>
        <time>2026-09-08T23:42:21.000Z</time>
        <extensions>
          <ns3:TrackPointExtension>
            <ns3:atemp>21.0</ns3:atemp>
            <ns3:hr>141</ns3:hr>
            <ns3:cad>88</ns3:cad>
          </ns3:TrackPointExtension>
        </extensions>
      </trkpt>
      <trkpt lat="39.94369067251682281494140625" lon="116.3761482574045658111572265625">
        <ele>52.40000152587890625</ele>
        <time>2026-09-08T23:42:22.000Z</time>
        <extensions>
          <ns3:TrackPointExtension>
            <ns3:atemp>22.0</ns3:atemp>
            <ns3:hr>141</ns3:hr>
            <ns3:cad>88</ns3:cad>
          </ns3:TrackPointExtension>
        </extensions>
      </trkpt>
      <trkpt lat="39.9436978809535503387451171875" lon="116.37612520717084407806396484375">
        <ele>52.40000152587890625</ele>
        <time>2026-09-08T23:42:23.000Z</time>
        <extensions>
          <ns3:TrackPointExtension>
            <ns3:atemp>21.0</ns3:atemp>
            <ns3:hr>141</ns3:hr>
            <ns3:cad>88</ns3:cad>
          </ns3:TrackPointExtension>
        </extensions>
      </trkpt>
      <trkpt lat="39.943709112703800201416015625" lon="116.37609955854713916778564453125">
        <ele>52.40000152587890625</ele>
        <time>2026-09-08T23:42:24.000Z</time>
        <extensions>
          <ns3:TrackPointExtension>
            <ns3:atemp>21.0</ns3:atemp>
            <ns3:hr>141</ns3:hr>
            <ns3:cad>88</ns3:cad>
          </ns3:TrackPointExtension>
        </extensions>
      </trkpt>
      <trkpt lat="39.94371875189244747161865234375" lon="116.37607575394213199615478515625">
        <ele>52.40000152587890625</ele>
        <time>2026-09-08T23:42:25.000Z</time>
        <extensions>
          <ns3:TrackPointExtension>
            <ns3:atemp>21.0</ns3:atemp>
            <ns3:hr>141</ns3:hr>
            <ns3:cad>88</ns3:cad>
          </ns3:TrackPointExtension>
        </extensions>
      </trkpt>
      <trkpt lat="39.94372931309044361114501953125" lon="116.376044489443302154541015625">
        <ele>52.40000152587890625</ele>
        <time>2026-09-08T23:42:26.000Z</time>
        <extensions>
          <ns3:TrackPointExtension>
            <ns3:atemp>22.0</ns3:atemp>
            <ns3:hr>141</ns3:hr>
            <ns3:cad>88</ns3:cad>
          </ns3:TrackPointExtension>
        </extensions>
      </trkpt>
      <trkpt lat="39.94373895227909088134765625" lon="116.37601976282894611358642578125">
        <ele>52.40000152587890625</ele>
        <time>2026-09-08T23:42:27.000Z</time>
        <extensions>
          <ns3:TrackPointExtension>
            <ns3:atemp>21.0</ns3:atemp>
            <ns3:hr>141</ns3:hr>
            <ns3:cad>88</ns3:cad>
          </ns3:TrackPointExtension>
        </extensions>
      </trkpt>
      <trkpt lat="39.94375295005738735198974609375" lon="116.3759926892817020416259765625">
        <ele>52.40000152587890625</ele>
        <time>2026-09-08T23:42:28.000Z</time>
        <extensions>
          <ns3:TrackPointExtension>
            <ns3:atemp>21.0</ns3:atemp>
            <ns3:hr>141</ns3:hr>
            <ns3:cad>89</ns3:cad>
          </ns3:TrackPointExtension>
        </extensions>
      </trkpt>
      <trkpt lat="39.943764768540859222412109375" lon="116.375971734523773193359375">
        <ele>52.40000152587890625</ele>
        <time>2026-09-08T23:42:29.000Z</time>
        <extensions>
          <ns3:TrackPointExtension>
            <ns3:atemp>21.0</ns3:atemp>
            <ns3:hr>141</ns3:hr>
            <ns3:cad>90</ns3:cad>
          </ns3:TrackPointExtension>
        </extensions>
      </trkpt>
      <trkpt lat="39.943775832653045654296875" lon="116.3759474270045757293701171875">
        <ele>52.40000152587890625</ele>
        <time>2026-09-08T23:42:30.000Z</time>
        <extensions>
          <ns3:TrackPointExtension>
            <ns3:atemp>21.0</ns3:atemp>
            <ns3:hr>141</ns3:hr>
            <ns3:cad>90</ns3:cad>
          </ns3:TrackPointExtension>
        </extensions>
      </trkpt>
      <trkpt lat="39.94378983043134212493896484375" lon="116.37592680752277374267578125">
        <ele>52.40000152587890625</ele>
        <time>2026-09-08T23:42:31.000Z</time>
        <extensions>
          <ns3:TrackPointExtension>
            <ns3:atemp>21.0</ns3:atemp>
            <ns3:hr>141</ns3:hr>
            <ns3:cad>89</ns3:cad>
          </ns3:TrackPointExtension>
        </extensions>
      </trkpt>
      <trkpt lat="39.94380475021898746490478515625" lon="116.3759041763842105865478515625">
        <ele>52.40000152587890625</ele>
        <time>2026-09-08T23:42:32.000Z</time>
        <extensions>
          <ns3:TrackPointExtension>
            <ns3:atemp>21.0</ns3:atemp>
            <ns3:hr>141</ns3:hr>
            <ns3:cad>89</ns3:cad>
          </ns3:TrackPointExtension>
        </extensions>
      </trkpt>
      <trkpt lat="39.94381673634052276611328125" lon="116.3758850656449794769287109375">
        <ele>52.40000152587890625</ele>
        <time>2026-09-08T23:42:33.000Z</time>
        <extensions>
          <ns3:TrackPointExtension>
            <ns3:atemp>21.0</ns3:atemp>
            <ns3:hr>141</ns3:hr>
            <ns3:cad>89</ns3:cad>
          </ns3:TrackPointExtension>
        </extensions>
      </trkpt>
      <trkpt lat="39.94382687844336032867431640625" lon="116.375867463648319244384765625">
        <ele>52.40000152587890625</ele>
        <time>2026-09-08T23:42:34.000Z</time>
        <extensions>
          <ns3:TrackPointExtension>
            <ns3:atemp>22.0</ns3:atemp>
            <ns3:hr>141</ns3:hr>
            <ns3:cad>88</ns3:cad>
          </ns3:TrackPointExtension>
        </extensions>
      </trkpt>
      <trkpt lat="39.9438400380313396453857421875" lon="116.3758414797484874725341796875">
        <ele>52.200000762939453125</ele>
        <time>2026-09-08T23:42:35.000Z</time>
        <extensions>
          <ns3:TrackPointExtension>
            <ns3:atemp>21.0</ns3:atemp>
            <ns3:hr>141</ns3:hr>
            <ns3:cad>88</ns3:cad>
          </ns3:TrackPointExtension>
        </extensions>
      </trkpt>
      <trkpt lat="39.94385252706706523895263671875" lon="116.37581591494381427764892578125">
        <ele>52.200000762939453125</ele>
        <time>2026-09-08T23:42:36.000Z</time>
        <extensions>
          <ns3:TrackPointExtension>
            <ns3:atemp>21.0</ns3:atemp>
            <ns3:hr>141</ns3:hr>
            <ns3:cad>89</ns3:cad>
          </ns3:TrackPointExtension>
        </extensions>
      </trkpt>
      <trkpt lat="39.943865351378917694091796875" lon="116.37579177506268024444580078125">
        <ele>52.200000762939453125</ele>
        <time>2026-09-08T23:42:37.000Z</time>
        <extensions>
          <ns3:TrackPointExtension>
            <ns3:atemp>22.0</ns3:atemp>
            <ns3:hr>141</ns3:hr>
            <ns3:cad>89</ns3:cad>
          </ns3:TrackPointExtension>
        </extensions>
      </trkpt>
      <trkpt lat="39.94388219900429248809814453125" lon="116.37576478533446788787841796875">
        <ele>52.40000152587890625</ele>
        <time>2026-09-08T23:42:38.000Z</time>
        <extensions>
          <ns3:TrackPointExtension>
            <ns3:atemp>21.0</ns3:atemp>
            <ns3:hr>141</ns3:hr>
            <ns3:cad>89</ns3:cad>
          </ns3:TrackPointExtension>
        </extensions>
      </trkpt>
      <trkpt lat="39.943895526230335235595703125" lon="116.375736705958843231201171875">
        <ele>52.40000152587890625</ele>
        <time>2026-09-08T23:42:39.000Z</time>
        <extensions>
          <ns3:TrackPointExtension>
            <ns3:atemp>21.0</ns3:atemp>
            <ns3:hr>141</ns3:hr>
            <ns3:cad>88</ns3:cad>
          </ns3:TrackPointExtension>
        </extensions>
      </trkpt>
      <trkpt lat="39.9439060874283313751220703125" lon="116.37571197934448719024658203125">
        <ele>52.40000152587890625</ele>
        <time>2026-09-08T23:42:40.000Z</time>
        <extensions>
          <ns3:TrackPointExtension>
            <ns3:atemp>21.0</ns3:atemp>
            <ns3:hr>141</ns3:hr>
            <ns3:cad>88</ns3:cad>
          </ns3:TrackPointExtension>
        </extensions>
      </trkpt>
      <trkpt lat="39.94391866028308868408203125" lon="116.375687085092067718505859375">
        <ele>52.200000762939453125</ele>
        <time>2026-09-08T23:42:41.000Z</time>
        <extensions>
          <ns3:TrackPointExtension>
            <ns3:atemp>21.0</ns3:atemp>
            <ns3:hr>141</ns3:hr>
            <ns3:cad>89</ns3:cad>
          </ns3:TrackPointExtension>
        </extensions>
      </trkpt>
      <trkpt lat="39.94392913766205310821533203125" lon="116.375665627419948577880859375">
        <ele>52.200000762939453125</ele>
        <time>2026-09-08T23:42:42.000Z</time>
        <extensions>
          <ns3:TrackPointExtension>
            <ns3:atemp>21.0</ns3:atemp>
            <ns3:hr>141</ns3:hr>
            <ns3:cad>89</ns3:cad>
          </ns3:TrackPointExtension>
        </extensions>
      </trkpt>
      <trkpt lat="39.9439402855932712554931640625" lon="116.375638805329799652099609375">
        <ele>52</ele>
        <time>2026-09-08T23:42:43.000Z</time>
        <extensions>
          <ns3:TrackPointExtension>
            <ns3:atemp>21.0</ns3:atemp>
            <ns3:hr>141</ns3:hr>
            <ns3:cad>89</ns3:cad>
          </ns3:TrackPointExtension>
        </extensions>
      </trkpt>
      <trkpt lat="39.9439513497054576873779296875" lon="116.37561298906803131103515625">
        <ele>52</ele>
        <time>2026-09-08T23:42:44.000Z</time>
        <extensions>
          <ns3:TrackPointExtension>
            <ns3:atemp>21.0</ns3:atemp>
            <ns3:hr>141</ns3:hr>
            <ns3:cad>88</ns3:cad>
          </ns3:TrackPointExtension>
        </extensions>
      </trkpt>
      <trkpt lat="39.943963922560214996337890625" lon="116.37558541260659694671630859375">
        <ele>52</ele>
        <time>2026-09-08T23:42:45.000Z</time>
        <extensions>
          <ns3:TrackPointExtension>
            <ns3:atemp>21.0</ns3:atemp>
            <ns3:hr>141</ns3:hr>
            <ns3:cad>88</ns3:cad>
          </ns3:TrackPointExtension>
        </extensions>
      </trkpt>
      <trkpt lat="39.943972639739513397216796875" lon="116.375557668507099151611328125">
        <ele>52.200000762939453125</ele>
        <time>2026-09-08T23:42:46.000Z</time>
        <extensions>
          <ns3:TrackPointExtension>
            <ns3:atemp>21.0</ns3:atemp>
            <ns3:hr>141</ns3:hr>
            <ns3:cad>88</ns3:cad>
          </ns3:TrackPointExtension>
        </extensions>
      </trkpt>
      <trkpt lat="39.94398395530879497528076171875" lon="116.3755330257117748260498046875">
        <ele>52.200000762939453125</ele>
        <time>2026-09-08T23:42:47.000Z</time>
        <extensions>
          <ns3:TrackPointExtension>
            <ns3:atemp>21.0</ns3:atemp>
            <ns3:hr>141</ns3:hr>
            <ns3:cad>89</ns3:cad>
          </ns3:TrackPointExtension>
        </extensions>
      </trkpt>
      <trkpt lat="39.94399401359260082244873046875" lon="116.3755088858306407928466796875">
        <ele>52.200000762939453125</ele>
        <time>2026-09-08T23:42:48.000Z</time>
        <extensions>
          <ns3:TrackPointExtension>
            <ns3:atemp>22.0</ns3:atemp>
            <ns3:hr>141</ns3:hr>
            <ns3:cad>89</ns3:cad>
          </ns3:TrackPointExtension>
        </extensions>
      </trkpt>
      <trkpt lat="39.94400457479059696197509765625" lon="116.37548315338790416717529296875">
        <ele>52.40000152587890625</ele>
        <time>2026-09-08T23:42:49.000Z</time>
        <extensions>
          <ns3:TrackPointExtension>
            <ns3:atemp>21.0</ns3:atemp>
            <ns3:hr>141</ns3:hr>
            <ns3:cad>89</ns3:cad>
          </ns3:TrackPointExtension>
        </extensions>
      </trkpt>
      <trkpt lat="39.9440158903598785400390625" lon="116.37546144425868988037109375">
        <ele>52.40000152587890625</ele>
        <time>2026-09-08T23:42:50.000Z</time>
        <extensions>
          <ns3:TrackPointExtension>
            <ns3:atemp>21.0</ns3:atemp>
            <ns3:hr>141</ns3:hr>
            <ns3:cad>89</ns3:cad>
          </ns3:TrackPointExtension>
        </extensions>
      </trkpt>
      <trkpt lat="39.944030977785587310791015625" lon="116.3754388131201267242431640625">
        <ele>52.40000152587890625</ele>
        <time>2026-09-08T23:42:51.000Z</time>
        <extensions>
          <ns3:TrackPointExtension>
            <ns3:atemp>21.0</ns3:atemp>
            <ns3:hr>141</ns3:hr>
            <ns3:cad>89</ns3:cad>
          </ns3:TrackPointExtension>
        </extensions>
      </trkpt>
      <trkpt lat="39.9440415389835834503173828125" lon="116.37541525997221469879150390625">
        <ele>52.200000762939453125</ele>
        <time>2026-09-08T23:42:52.000Z</time>
        <extensions>
          <ns3:TrackPointExtension>
            <ns3:atemp>21.0</ns3:atemp>
            <ns3:hr>141</ns3:hr>
            <ns3:cad>89</ns3:cad>
          </ns3:TrackPointExtension>
        </extensions>
      </trkpt>
      <trkpt lat="39.9440583027899265289306640625" lon="116.37539413757622241973876953125">
        <ele>52.200000762939453125</ele>
        <time>2026-09-08T23:42:53.000Z</time>
        <extensions>
          <ns3:TrackPointExtension>
            <ns3:atemp>21.0</ns3:atemp>
            <ns3:hr>141</ns3:hr>
            <ns3:cad>89</ns3:cad>
          </ns3:TrackPointExtension>
        </extensions>
      </trkpt>
      <trkpt lat="39.94407112710177898406982421875" lon="116.37536681257188320159912109375">
        <ele>52.200000762939453125</ele>
        <time>2026-09-08T23:42:54.000Z</time>
        <extensions>
          <ns3:TrackPointExtension>
            <ns3:atemp>21.0</ns3:atemp>
            <ns3:hr>141</ns3:hr>
            <ns3:cad>88</ns3:cad>
          </ns3:TrackPointExtension>
        </extensions>
      </trkpt>
      <trkpt lat="39.9440764077007770538330078125" lon="116.37534133158624172210693359375">
        <ele>52</ele>
        <time>2026-09-08T23:42:55.000Z</time>
        <extensions>
          <ns3:TrackPointExtension>
            <ns3:atemp>21.0</ns3:atemp>
            <ns3:hr>141</ns3:hr>
            <ns3:cad>88</ns3:cad>
          </ns3:TrackPointExtension>
        </extensions>
      </trkpt>
      <trkpt lat="39.944085292518138885498046875" lon="116.37531601823866367340087890625">
        <ele>52</ele>
        <time>2026-09-08T23:42:56.000Z</time>
        <extensions>
          <ns3:TrackPointExtension>
            <ns3:atemp>21.0</ns3:atemp>
            <ns3:hr>141</ns3:hr>
            <ns3:cad>88</ns3:cad>
          </ns3:TrackPointExtension>
        </extensions>
      </trkpt>
      <trkpt lat="39.94409744627773761749267578125" lon="116.37528634630143642425537109375">
        <ele>52</ele>
        <time>2026-09-08T23:42:57.000Z</time>
        <extensions>
          <ns3:TrackPointExtension>
            <ns3:atemp>21.0</ns3:atemp>
            <ns3:hr>142</ns3:hr>
            <ns3:cad>88</ns3:cad>
          </ns3:TrackPointExtension>
        </extensions>
      </trkpt>
      <trkpt lat="39.94410817511379718780517578125" lon="116.3752564229071140289306640625">
        <ele>52</ele>
        <time>2026-09-08T23:42:58.000Z</time>
        <extensions>
          <ns3:TrackPointExtension>
            <ns3:atemp>21.0</ns3:atemp>
            <ns3:hr>141</ns3:hr>
            <ns3:cad>88</ns3:cad>
          </ns3:TrackPointExtension>
        </extensions>
      </trkpt>
      <trkpt lat="39.94412041269242763519287109375" lon="116.37522582896053791046142578125">
        <ele>52</ele>
        <time>2026-09-08T23:42:59.000Z</time>
        <extensions>
          <ns3:TrackPointExtension>
            <ns3:atemp>21.0</ns3:atemp>
            <ns3:hr>141</ns3:hr>
            <ns3:cad>88</ns3:cad>
          </ns3:TrackPointExtension>
        </extensions>
      </trkpt>
      <trkpt lat="39.94412879459559917449951171875" lon="116.3751957379281520843505859375">
        <ele>52</ele>
        <time>2026-09-08T23:43:00.000Z</time>
        <extensions>
          <ns3:TrackPointExtension>
            <ns3:atemp>22.0</ns3:atemp>
            <ns3:hr>141</ns3:hr>
            <ns3:cad>88</ns3:cad>
          </ns3:TrackPointExtension>
        </extensions>
      </trkpt>
      <trkpt lat="39.94413818232715129852294921875" lon="116.37516564689576625823974609375">
        <ele>52</ele>
        <time>2026-09-08T23:43:01.000Z</time>
        <extensions>
          <ns3:TrackPointExtension>
            <ns3:atemp>21.0</ns3:atemp>
            <ns3:hr>141</ns3:hr>
            <ns3:cad>88</ns3:cad>
          </ns3:TrackPointExtension>
        </extensions>
      </trkpt>
      <trkpt lat="39.9441458098590373992919921875" lon="116.37513019144535064697265625">
        <ele>52</ele>
        <time>2026-09-08T23:43:02.000Z</time>
        <extensions>
          <ns3:TrackPointExtension>
            <ns3:atemp>21.0</ns3:atemp>
            <ns3:hr>141</ns3:hr>
            <ns3:cad>89</ns3:cad>
          </ns3:TrackPointExtension>
        </extensions>
      </trkpt>
      <trkpt lat="39.9441518448293209075927734375" lon="116.3751005195081233978271484375">
        <ele>52</ele>
        <time>2026-09-08T23:43:03.000Z</time>
        <extensions>
          <ns3:TrackPointExtension>
            <ns3:atemp>22.0</ns3:atemp>
            <ns3:hr>141</ns3:hr>
            <ns3:cad>89</ns3:cad>
          </ns3:TrackPointExtension>
        </extensions>
      </trkpt>
      <trkpt lat="39.94415326975286006927490234375" lon="116.37506690807640552520751953125">
        <ele>51.799999237060546875</ele>
        <time>2026-09-08T23:43:04.000Z</time>
        <extensions>
          <ns3:TrackPointExtension>
            <ns3:atemp>21.0</ns3:atemp>
            <ns3:hr>141</ns3:hr>
            <ns3:cad>89</ns3:cad>
          </ns3:TrackPointExtension>
        </extensions>
      </trkpt>
      <trkpt lat="39.9441528506577014923095703125" lon="116.3750394992530345916748046875">
        <ele>51.799999237060546875</ele>
        <time>2026-09-08T23:43:05.000Z</time>
        <extensions>
          <ns3:TrackPointExtension>
            <ns3:atemp>21.0</ns3:atemp>
            <ns3:hr>141</ns3:hr>
            <ns3:cad>88</ns3:cad>
          </ns3:TrackPointExtension>
        </extensions>
      </trkpt>
      <trkpt lat="39.94414933025836944580078125" lon="116.3750002719461917877197265625">
        <ele>52</ele>
        <time>2026-09-08T23:43:06.000Z</time>
        <extensions>
          <ns3:TrackPointExtension>
            <ns3:atemp>21.0</ns3:atemp>
            <ns3:hr>141</ns3:hr>
            <ns3:cad>88</ns3:cad>
          </ns3:TrackPointExtension>
        </extensions>
      </trkpt>
      <trkpt lat="39.944146983325481414794921875" lon="116.37496565468609333038330078125">
        <ele>52</ele>
        <time>2026-09-08T23:43:07.000Z</time>
        <extensions>
          <ns3:TrackPointExtension>
            <ns3:atemp>21.0</ns3:atemp>
            <ns3:hr>141</ns3:hr>
            <ns3:cad>88</ns3:cad>
          </ns3:TrackPointExtension>
        </extensions>
      </trkpt>
      <trkpt lat="39.944142289459705352783203125" lon="116.3749315403401851654052734375">
        <ele>52</ele>
        <time>2026-09-08T23:43:08.000Z</time>
        <extensions>
          <ns3:TrackPointExtension>
            <ns3:atemp>21.0</ns3:atemp>
            <ns3:hr>141</ns3:hr>
            <ns3:cad>88</ns3:cad>
          </ns3:TrackPointExtension>
        </extensions>
      </trkpt>
      <trkpt lat="39.94413834996521472930908203125" lon="116.3749070651829242706298828125">
        <ele>52</ele>
        <time>2026-09-08T23:43:09.000Z</time>
        <extensions>
          <ns3:TrackPointExtension>
            <ns3:atemp>22.0</ns3:atemp>
            <ns3:hr>141</ns3:hr>
            <ns3:cad>88</ns3:cad>
          </ns3:TrackPointExtension>
        </extensions>
      </trkpt>
      <trkpt lat="39.9441370926797389984130859375" lon="116.37487445957958698272705078125">
        <ele>52</ele>
        <time>2026-09-08T23:43:10.000Z</time>
        <extensions>
          <ns3:TrackPointExtension>
            <ns3:atemp>21.0</ns3:atemp>
            <ns3:hr>141</ns3:hr>
            <ns3:cad>88</ns3:cad>
          </ns3:TrackPointExtension>
        </extensions>
      </trkpt>
      <trkpt lat="39.944129884243011474609375" lon="116.374850235879421234130859375">
        <ele>51.799999237060546875</ele>
        <time>2026-09-08T23:43:11.000Z</time>
        <extensions>
          <ns3:TrackPointExtension>
            <ns3:atemp>21.0</ns3:atemp>
            <ns3:hr>141</ns3:hr>
            <ns3:cad>88</ns3:cad>
          </ns3:TrackPointExtension>
        </extensions>
      </trkpt>
      <trkpt lat="39.94411773048341274261474609375" lon="116.37482198886573314666748046875">
        <ele>51.799999237060546875</ele>
        <time>2026-09-08T23:43:12.000Z</time>
        <extensions>
          <ns3:TrackPointExtension>
            <ns3:atemp>21.0</ns3:atemp>
            <ns3:hr>141</ns3:hr>
            <ns3:cad>88</ns3:cad>
          </ns3:TrackPointExtension>
        </extensions>
      </trkpt>
      <trkpt lat="39.9441035650670528411865234375" lon="116.3748048059642314910888671875">
        <ele>51.799999237060546875</ele>
        <time>2026-09-08T23:43:13.000Z</time>
        <extensions>
          <ns3:TrackPointExtension>
            <ns3:atemp>22.0</ns3:atemp>
            <ns3:hr>141</ns3:hr>
            <ns3:cad>88</ns3:cad>
          </ns3:TrackPointExtension>
        </extensions>
      </trkpt>
      <trkpt lat="39.94408939965069293975830078125" lon="116.37478695251047611236572265625">
        <ele>51.799999237060546875</ele>
        <time>2026-09-08T23:43:14.000Z</time>
        <extensions>
          <ns3:TrackPointExtension>
            <ns3:atemp>22.0</ns3:atemp>
            <ns3:hr>140</ns3:hr>
            <ns3:cad>87</ns3:cad>
          </ns3:TrackPointExtension>
        </extensions>
      </trkpt>
      <trkpt lat="39.94407154619693756103515625" lon="116.374769099056720733642578125">
        <ele>51.799999237060546875</ele>
        <time>2026-09-08T23:43:15.000Z</time>
        <extensions>
          <ns3:TrackPointExtension>
            <ns3:atemp>22.0</ns3:atemp>
            <ns3:hr>140</ns3:hr>
            <ns3:cad>87</ns3:cad>
          </ns3:TrackPointExtension>
        </extensions>
      </trkpt>
      <trkpt lat="39.9440499208867549896240234375" lon="116.3747474737465381622314453125">
        <ele>52</ele>
        <time>2026-09-08T23:43:16.000Z</time>
        <extensions>
          <ns3:TrackPointExtension>
            <ns3:atemp>22.0</ns3:atemp>
            <ns3:hr>140</ns3:hr>
            <ns3:cad>87</ns3:cad>
          </ns3:TrackPointExtension>
        </extensions>
      </trkpt>
      <trkpt lat="39.944024942815303802490234375" lon="116.374730207026004791259765625">
        <ele>52</ele>
        <time>2026-09-08T23:43:17.000Z</time>
        <extensions>
          <ns3:TrackPointExtension>
            <ns3:atemp>22.0</ns3:atemp>
            <ns3:hr>140</ns3:hr>
            <ns3:cad>87</ns3:cad>
          </ns3:TrackPointExtension>
        </extensions>
      </trkpt>
      <trkpt lat="39.94399786926805973052978515625" lon="116.374717466533184051513671875">
        <ele>52</ele>
        <time>2026-09-08T23:43:18.000Z</time>
        <extensions>
          <ns3:TrackPointExtension>
            <ns3:atemp>22.0</ns3:atemp>
            <ns3:hr>141</ns3:hr>
            <ns3:cad>87</ns3:cad>
          </ns3:TrackPointExtension>
        </extensions>
      </trkpt>
      <trkpt lat="39.94397389702498912811279296875" lon="116.37470732443034648895263671875">
        <ele>52</ele>
        <time>2026-09-08T23:43:19.000Z</time>
        <extensions>
          <ns3:TrackPointExtension>
            <ns3:atemp>22.0</ns3:atemp>
            <ns3:hr>141</ns3:hr>
            <ns3:cad>88</ns3:cad>
          </ns3:TrackPointExtension>
        </extensions>
      </trkpt>
      <trkpt lat="39.943949840962886810302734375" lon="116.37469491921365261077880859375">
        <ele>52</ele>
        <time>2026-09-08T23:43:20.000Z</time>
        <extensions>
          <ns3:TrackPointExtension>
            <ns3:atemp>22.0</ns3:atemp>
            <ns3:hr>141</ns3:hr>
            <ns3:cad>88</ns3:cad>
          </ns3:TrackPointExtension>
        </extensions>
      </trkpt>
      <trkpt lat="39.943928383290767669677734375" lon="116.37468360364437103271484375">
        <ele>52</ele>
        <time>2026-09-08T23:43:21.000Z</time>
        <extensions>
          <ns3:TrackPointExtension>
            <ns3:atemp>22.0</ns3:atemp>
            <ns3:hr>141</ns3:hr>
            <ns3:cad>88</ns3:cad>
          </ns3:TrackPointExtension>
        </extensions>
      </trkpt>
      <trkpt lat="39.94390818290412425994873046875" lon="116.37467329390347003936767578125">
        <ele>52</ele>
        <time>2026-09-08T23:43:22.000Z</time>
        <extensions>
          <ns3:TrackPointExtension>
            <ns3:atemp>22.0</ns3:atemp>
            <ns3:hr>141</ns3:hr>
            <ns3:cad>87</ns3:cad>
          </ns3:TrackPointExtension>
        </extensions>
      </trkpt>
      <trkpt lat="39.9438832886517047882080078125" lon="116.37466256506741046905517578125">
        <ele>52</ele>
        <time>2026-09-08T23:43:23.000Z</time>
        <extensions>
          <ns3:TrackPointExtension>
            <ns3:atemp>22.0</ns3:atemp>
            <ns3:hr>141</ns3:hr>
            <ns3:cad>88</ns3:cad>
          </ns3:TrackPointExtension>
        </extensions>
      </trkpt>
      <trkpt lat="39.9438638426363468170166015625" lon="116.37465602718293666839599609375">
        <ele>52</ele>
        <time>2026-09-08T23:43:24.000Z</time>
        <extensions>
          <ns3:TrackPointExtension>
            <ns3:atemp>22.0</ns3:atemp>
            <ns3:hr>141</ns3:hr>
            <ns3:cad>87</ns3:cad>
          </ns3:TrackPointExtension>
        </extensions>
      </trkpt>
      <trkpt lat="39.9438383616507053375244140625" lon="116.3746489025652408599853515625">
        <ele>52</ele>
        <time>2026-09-08T23:43:25.000Z</time>
        <extensions>
          <ns3:TrackPointExtension>
            <ns3:atemp>22.0</ns3:atemp>
            <ns3:hr>141</ns3:hr>
            <ns3:cad>88</ns3:cad>
          </ns3:TrackPointExtension>
        </extensions>
      </trkpt>
      <trkpt lat="39.94381715543568134307861328125" lon="116.3746448792517185211181640625">
        <ele>52</ele>
        <time>2026-09-08T23:43:26.000Z</time>
        <extensions>
          <ns3:TrackPointExtension>
            <ns3:atemp>22.0</ns3:atemp>
            <ns3:hr>141</ns3:hr>
            <ns3:cad>88</ns3:cad>
          </ns3:TrackPointExtension>
        </extensions>
      </trkpt>
      <trkpt lat="39.94379167445003986358642578125" lon="116.374641694128513336181640625">
        <ele>52</ele>
        <time>2026-09-08T23:43:27.000Z</time>
        <extensions>
          <ns3:TrackPointExtension>
            <ns3:atemp>22.0</ns3:atemp>
            <ns3:hr>141</ns3:hr>
            <ns3:cad>88</ns3:cad>
          </ns3:TrackPointExtension>
        </extensions>
      </trkpt>
      <trkpt lat="39.94377206079661846160888671875" lon="116.37463557533919811248779296875">
        <ele>52</ele>
        <time>2026-09-08T23:43:28.000Z</time>
        <extensions>
          <ns3:TrackPointExtension>
            <ns3:atemp>22.0</ns3:atemp>
            <ns3:hr>141</ns3:hr>
            <ns3:cad>88</ns3:cad>
          </ns3:TrackPointExtension>
        </extensions>
      </trkpt>
      <trkpt lat="39.94375093840062618255615234375" lon="116.37463171966373920440673828125">
        <ele>52</ele>
        <time>2026-09-08T23:43:29.000Z</time>
        <extensions>
          <ns3:TrackPointExtension>
            <ns3:atemp>22.0</ns3:atemp>
            <ns3:hr>141</ns3:hr>
            <ns3:cad>87</ns3:cad>
          </ns3:TrackPointExtension>
        </extensions>
      </trkpt>
      <trkpt lat="39.94373350404202938079833984375" lon="116.374625600874423980712890625">
        <ele>52</ele>
        <time>2026-09-08T23:43:30.000Z</time>
        <extensions>
          <ns3:TrackPointExtension>
            <ns3:atemp>22.0</ns3:atemp>
            <ns3:hr>141</ns3:hr>
            <ns3:cad>87</ns3:cad>
          </ns3:TrackPointExtension>
        </extensions>
      </trkpt>
      <trkpt lat="39.94370701722800731658935546875" lon="116.3746158778667449951171875">
        <ele>52</ele>
        <time>2026-09-08T23:43:31.000Z</time>
        <extensions>
          <ns3:TrackPointExtension>
            <ns3:atemp>22.0</ns3:atemp>
            <ns3:hr>142</ns3:hr>
            <ns3:cad>87</ns3:cad>
          </ns3:TrackPointExtension>
        </extensions>
      </trkpt>
      <trkpt lat="39.943685643374919891357421875" lon="116.37461009435355663299560546875">
        <ele>52</ele>
        <time>2026-09-08T23:43:32.000Z</time>
        <extensions>
          <ns3:TrackPointExtension>
            <ns3:atemp>22.0</ns3:atemp>
            <ns3:hr>142</ns3:hr>
            <ns3:cad>88</ns3:cad>
          </ns3:TrackPointExtension>
        </extensions>
      </trkpt>
      <trkpt lat="39.9436623416841030120849609375" lon="116.37460104189813137054443359375">
        <ele>52</ele>
        <time>2026-09-08T23:43:33.000Z</time>
        <extensions>
          <ns3:TrackPointExtension>
            <ns3:atemp>22.0</ns3:atemp>
            <ns3:hr>142</ns3:hr>
            <ns3:cad>88</ns3:cad>
          </ns3:TrackPointExtension>
        </extensions>
      </trkpt>
      <trkpt lat="39.9436395429074764251708984375" lon="116.37459198944270610809326171875">
        <ele>52</ele>
        <time>2026-09-08T23:43:34.000Z</time>
        <extensions>
          <ns3:TrackPointExtension>
            <ns3:atemp>22.0</ns3:atemp>
            <ns3:hr>142</ns3:hr>
            <ns3:cad>88</ns3:cad>
          </ns3:TrackPointExtension>
        </extensions>
      </trkpt>
      <trkpt lat="39.94361582212150096893310546875" lon="116.3745882175862789154052734375">
        <ele>52</ele>
        <time>2026-09-08T23:43:35.000Z</time>
        <extensions>
          <ns3:TrackPointExtension>
            <ns3:atemp>22.0</ns3:atemp>
            <ns3:hr>143</ns3:hr>
            <ns3:cad>88</ns3:cad>
          </ns3:TrackPointExtension>
        </extensions>
      </trkpt>
      <trkpt lat="39.94359084405004978179931640625" lon="116.3745805062353610992431640625">
        <ele>52</ele>
        <time>2026-09-08T23:43:36.000Z</time>
        <extensions>
          <ns3:TrackPointExtension>
            <ns3:atemp>22.0</ns3:atemp>
            <ns3:hr>143</ns3:hr>
            <ns3:cad>88</ns3:cad>
          </ns3:TrackPointExtension>
        </extensions>
      </trkpt>
      <trkpt lat="39.9435677938163280487060546875" lon="116.3745754770934581756591796875">
        <ele>52</ele>
        <time>2026-09-08T23:43:37.000Z</time>
        <extensions>
          <ns3:TrackPointExtension>
            <ns3:atemp>22.0</ns3:atemp>
            <ns3:hr>143</ns3:hr>
            <ns3:cad>88</ns3:cad>
          </ns3:TrackPointExtension>
        </extensions>
      </trkpt>
      <trkpt lat="39.943546168506145477294921875" lon="116.3745647482573986053466796875">
        <ele>52</ele>
        <time>2026-09-08T23:43:38.000Z</time>
        <extensions>
          <ns3:TrackPointExtension>
            <ns3:atemp>22.0</ns3:atemp>
            <ns3:hr>143</ns3:hr>
            <ns3:cad>88</ns3:cad>
          </ns3:TrackPointExtension>
        </extensions>
      </trkpt>
      <trkpt lat="39.94352546520531177520751953125" lon="116.37455829419195652008056640625">
        <ele>52</ele>
        <time>2026-09-08T23:43:39.000Z</time>
        <extensions>
          <ns3:TrackPointExtension>
            <ns3:atemp>22.0</ns3:atemp>
            <ns3:hr>143</ns3:hr>
            <ns3:cad>88</ns3:cad>
          </ns3:TrackPointExtension>
        </extensions>
      </trkpt>
      <trkpt lat="39.9434997327625751495361328125" lon="116.3745461404323577880859375">
        <ele>52</ele>
        <time>2026-09-08T23:43:40.000Z</time>
        <extensions>
          <ns3:TrackPointExtension>
            <ns3:atemp>22.0</ns3:atemp>
            <ns3:hr>143</ns3:hr>
            <ns3:cad>88</ns3:cad>
          </ns3:TrackPointExtension>
        </extensions>
      </trkpt>
      <trkpt lat="39.94347852654755115509033203125" lon="116.3745399378240108489990234375">
        <ele>52</ele>
        <time>2026-09-08T23:43:41.000Z</time>
        <extensions>
          <ns3:TrackPointExtension>
            <ns3:atemp>22.0</ns3:atemp>
            <ns3:hr>143</ns3:hr>
            <ns3:cad>88</ns3:cad>
          </ns3:TrackPointExtension>
        </extensions>
      </trkpt>
      <trkpt lat="39.943452291190624237060546875" lon="116.374523341655731201171875">
        <ele>52</ele>
        <time>2026-09-08T23:43:42.000Z</time>
        <extensions>
          <ns3:TrackPointExtension>
            <ns3:atemp>22.0</ns3:atemp>
            <ns3:hr>143</ns3:hr>
            <ns3:cad>89</ns3:cad>
          </ns3:TrackPointExtension>
        </extensions>
      </trkpt>
      <trkpt lat="39.94342907331883907318115234375" lon="116.37451118789613246917724609375">
        <ele>52</ele>
        <time>2026-09-08T23:43:43.000Z</time>
        <extensions>
          <ns3:TrackPointExtension>
            <ns3:atemp>22.0</ns3:atemp>
            <ns3:hr>143</ns3:hr>
            <ns3:cad>88</ns3:cad>
          </ns3:TrackPointExtension>
        </extensions>
      </trkpt>
      <trkpt lat="39.94340526871383190155029296875" lon="116.3745070807635784149169921875">
        <ele>52</ele>
        <time>2026-09-08T23:43:44.000Z</time>
        <extensions>
          <ns3:TrackPointExtension>
            <ns3:atemp>22.0</ns3:atemp>
            <ns3:hr>142</ns3:hr>
            <ns3:cad>88</ns3:cad>
          </ns3:TrackPointExtension>
        </extensions>
      </trkpt>
      <trkpt lat="39.943385235965251922607421875" lon="116.37450330890715122222900390625">
        <ele>52</ele>
        <time>2026-09-08T23:43:45.000Z</time>
        <extensions>
          <ns3:TrackPointExtension>
            <ns3:atemp>22.0</ns3:atemp>
            <ns3:hr>143</ns3:hr>
            <ns3:cad>88</ns3:cad>
          </ns3:TrackPointExtension>
        </extensions>
      </trkpt>
      <trkpt lat="39.9433659575879573822021484375" lon="116.3744980283081531524658203125">
        <ele>52</ele>
        <time>2026-09-08T23:43:46.000Z</time>
        <extensions>
          <ns3:TrackPointExtension>
            <ns3:atemp>22.0</ns3:atemp>
            <ns3:hr>143</ns3:hr>
            <ns3:cad>88</ns3:cad>
          </ns3:TrackPointExtension>
        </extensions>
      </trkpt>
      <trkpt lat="39.9433475174009799957275390625" lon="116.37449182569980621337890625">
        <ele>52</ele>
        <time>2026-09-08T23:43:47.000Z</time>
        <extensions>
          <ns3:TrackPointExtension>
            <ns3:atemp>22.0</ns3:atemp>
            <ns3:hr>142</ns3:hr>
            <ns3:cad>87</ns3:cad>
          </ns3:TrackPointExtension>
        </extensions>
      </trkpt>
      <trkpt lat="39.943328909575939178466796875" lon="116.37449392117559909820556640625">
        <ele>52</ele>
        <time>2026-09-08T23:43:48.000Z</time>
        <extensions>
          <ns3:TrackPointExtension>
            <ns3:atemp>22.0</ns3:atemp>
            <ns3:hr>143</ns3:hr>
            <ns3:cad>85</ns3:cad>
          </ns3:TrackPointExtension>
        </extensions>
      </trkpt>
      <trkpt lat="39.94330720044672489166259765625" lon="116.374492831528186798095703125">
        <ele>52</ele>
        <time>2026-09-08T23:43:49.000Z</time>
        <extensions>
          <ns3:TrackPointExtension>
            <ns3:atemp>22.0</ns3:atemp>
            <ns3:hr>143</ns3:hr>
            <ns3:cad>85</ns3:cad>
          </ns3:TrackPointExtension>
        </extensions>
      </trkpt>
      <trkpt lat="39.94328565895557403564453125" lon="116.37448914349079132080078125">
        <ele>52</ele>
        <time>2026-09-08T23:43:50.000Z</time>
        <extensions>
          <ns3:TrackPointExtension>
            <ns3:atemp>22.0</ns3:atemp>
            <ns3:hr>143</ns3:hr>
            <ns3:cad>85</ns3:cad>
          </ns3:TrackPointExtension>
        </extensions>
      </trkpt>
      <trkpt lat="39.94326344691216945648193359375" lon="116.37448369525372982025146484375">
        <ele>52</ele>
        <time>2026-09-08T23:43:51.000Z</time>
        <extensions>
          <ns3:TrackPointExtension>
            <ns3:atemp>22.0</ns3:atemp>
            <ns3:hr>142</ns3:hr>
            <ns3:cad>85</ns3:cad>
          </ns3:TrackPointExtension>
        </extensions>
      </trkpt>
      <trkpt lat="39.9432402290403842926025390625" lon="116.3744785822927951812744140625">
        <ele>52</ele>
        <time>2026-09-08T23:43:52.000Z</time>
        <extensions>
          <ns3:TrackPointExtension>
            <ns3:atemp>22.0</ns3:atemp>
            <ns3:hr>143</ns3:hr>
            <ns3:cad>85</ns3:cad>
          </ns3:TrackPointExtension>
        </extensions>
      </trkpt>
      <trkpt lat="39.94321634061634540557861328125" lon="116.37446961365640163421630859375">
        <ele>52</ele>
        <time>2026-09-08T23:43:53.000Z</time>
        <extensions>
          <ns3:TrackPointExtension>
            <ns3:atemp>22.0</ns3:atemp>
            <ns3:hr>142</ns3:hr>
            <ns3:cad>86</ns3:cad>
          </ns3:TrackPointExtension>
        </extensions>
      </trkpt>
      <trkpt lat="39.94319270364940166473388671875" lon="116.37445561587810516357421875">
        <ele>52</ele>
        <time>2026-09-08T23:43:54.000Z</time>
        <extensions>
          <ns3:TrackPointExtension>
            <ns3:atemp>22.0</ns3:atemp>
            <ns3:hr>143</ns3:hr>
            <ns3:cad>86</ns3:cad>
          </ns3:TrackPointExtension>
        </extensions>
      </trkpt>
      <trkpt lat="39.94316856376826763153076171875" lon="116.37444966472685337066650390625">
        <ele>52</ele>
        <time>2026-09-08T23:43:55.000Z</time>
        <extensions>
          <ns3:TrackPointExtension>
            <ns3:atemp>22.0</ns3:atemp>
            <ns3:hr>143</ns3:hr>
            <ns3:cad>86</ns3:cad>
          </ns3:TrackPointExtension>
        </extensions>
      </trkpt>
      <trkpt lat="39.94314777664840221405029296875" lon="116.374442540109157562255859375">
        <ele>52</ele>
        <time>2026-09-08T23:43:56.000Z</time>
        <extensions>
          <ns3:TrackPointExtension>
            <ns3:atemp>22.0</ns3:atemp>
            <ns3:hr>143</ns3:hr>
            <ns3:cad>87</ns3:cad>
          </ns3:TrackPointExtension>
        </extensions>
      </trkpt>
      <trkpt lat="39.94312799535691738128662109375" lon="116.37443893589079380035400390625">
        <ele>52</ele>
        <time>2026-09-08T23:43:57.000Z</time>
        <extensions>
          <ns3:TrackPointExtension>
            <ns3:atemp>22.0</ns3:atemp>
            <ns3:hr>143</ns3:hr>
            <ns3:cad>88</ns3:cad>
          </ns3:TrackPointExtension>
        </extensions>
      </trkpt>
      <trkpt lat="39.94310863316059112548828125" lon="116.3744334876537322998046875">
        <ele>51.799999237060546875</ele>
        <time>2026-09-08T23:43:58.000Z</time>
        <extensions>
          <ns3:TrackPointExtension>
            <ns3:atemp>22.0</ns3:atemp>
            <ns3:hr>143</ns3:hr>
            <ns3:cad>88</ns3:cad>
          </ns3:TrackPointExtension>
        </extensions>
      </trkpt>
      <trkpt lat="39.94308692403137683868408203125" lon="116.3744262792170047760009765625">
        <ele>51.799999237060546875</ele>
        <time>2026-09-08T23:43:59.000Z</time>
        <extensions>
          <ns3:TrackPointExtension>
            <ns3:atemp>22.0</ns3:atemp>
            <ns3:hr>144</ns3:hr>
            <ns3:cad>88</ns3:cad>
          </ns3:TrackPointExtension>
        </extensions>
      </trkpt>
      <trkpt lat="39.94306504726409912109375" lon="116.37441781349480152130126953125">
        <ele>51.799999237060546875</ele>
        <time>2026-09-08T23:44:00.000Z</time>
        <extensions>
          <ns3:TrackPointExtension>
            <ns3:atemp>22.0</ns3:atemp>
            <ns3:hr>144</ns3:hr>
            <ns3:cad>88</ns3:cad>
          </ns3:TrackPointExtension>
        </extensions>
      </trkpt>
      <trkpt lat="39.9430444277822971343994140625" lon="116.37441261671483516693115234375">
        <ele>51.799999237060546875</ele>
        <time>2026-09-08T23:44:01.000Z</time>
        <extensions>
          <ns3:TrackPointExtension>
            <ns3:atemp>22.0</ns3:atemp>
            <ns3:hr>143</ns3:hr>
            <ns3:cad>87</ns3:cad>
          </ns3:TrackPointExtension>
        </extensions>
      </trkpt>
      <trkpt lat="39.943023137748241424560546875" lon="116.37440792284905910491943359375">
        <ele>51.799999237060546875</ele>
        <time>2026-09-08T23:44:02.000Z</time>
        <extensions>
          <ns3:TrackPointExtension>
            <ns3:atemp>22.0</ns3:atemp>
            <ns3:hr>143</ns3:hr>
            <ns3:cad>88</ns3:cad>
          </ns3:TrackPointExtension>
        </extensions>
      </trkpt>
      <trkpt lat="39.94300662539899349212646484375" lon="116.37440641410648822784423828125">
        <ele>51.799999237060546875</ele>
        <time>2026-09-08T23:44:03.000Z</time>
        <extensions>
          <ns3:TrackPointExtension>
            <ns3:atemp>22.0</ns3:atemp>
            <ns3:hr>143</ns3:hr>
            <ns3:cad>88</ns3:cad>
          </ns3:TrackPointExtension>
        </extensions>
      </trkpt>
      <trkpt lat="39.94298047386109828948974609375" lon="116.3744031451642513275146484375">
        <ele>51.799999237060546875</ele>
        <time>2026-09-08T23:44:04.000Z</time>
        <extensions>
          <ns3:TrackPointExtension>
            <ns3:atemp>22.0</ns3:atemp>
            <ns3:hr>143</ns3:hr>
            <ns3:cad>88</ns3:cad>
          </ns3:TrackPointExtension>
        </extensions>
      </trkpt>
      <trkpt lat="39.9429569207131862640380859375" lon="116.37439920566976070404052734375">
        <ele>51.799999237060546875</ele>
        <time>2026-09-08T23:44:05.000Z</time>
        <extensions>
          <ns3:TrackPointExtension>
            <ns3:atemp>22.0</ns3:atemp>
            <ns3:hr>142</ns3:hr>
            <ns3:cad>88</ns3:cad>
          </ns3:TrackPointExtension>
        </extensions>
      </trkpt>
      <trkpt lat="39.94293537922203540802001953125" lon="116.37439702637493610382080078125">
        <ele>52</ele>
        <time>2026-09-08T23:44:06.000Z</time>
        <extensions>
          <ns3:TrackPointExtension>
            <ns3:atemp>22.0</ns3:atemp>
            <ns3:hr>142</ns3:hr>
            <ns3:cad>88</ns3:cad>
          </ns3:TrackPointExtension>
        </extensions>
      </trkpt>
      <trkpt lat="39.9429106526076793670654296875" lon="116.374394930899143218994140625">
        <ele>52</ele>
        <time>2026-09-08T23:44:07.000Z</time>
        <extensions>
          <ns3:TrackPointExtension>
            <ns3:atemp>22.0</ns3:atemp>
            <ns3:hr>142</ns3:hr>
            <ns3:cad>88</ns3:cad>
          </ns3:TrackPointExtension>
        </extensions>
      </trkpt>
      <trkpt lat="39.94288307614624500274658203125" lon="116.37439166195690631866455078125">
        <ele>52</ele>
        <time>2026-09-08T23:44:08.000Z</time>
        <extensions>
          <ns3:TrackPointExtension>
            <ns3:atemp>22.0</ns3:atemp>
            <ns3:hr>142</ns3:hr>
            <ns3:cad>89</ns3:cad>
          </ns3:TrackPointExtension>
        </extensions>
      </trkpt>
      <trkpt lat="39.94286312721669673919677734375" lon="116.3743910752236843109130859375">
        <ele>52</ele>
        <time>2026-09-08T23:44:09.000Z</time>
        <extensions>
          <ns3:TrackPointExtension>
            <ns3:atemp>22.0</ns3:atemp>
            <ns3:hr>141</ns3:hr>
            <ns3:cad>89</ns3:cad>
          </ns3:TrackPointExtension>
        </extensions>
      </trkpt>
      <trkpt lat="39.94283697567880153656005859375" lon="116.3743905723094940185546875">
        <ele>52</ele>
        <time>2026-09-08T23:44:10.000Z</time>
        <extensions>
          <ns3:TrackPointExtension>
            <ns3:atemp>22.0</ns3:atemp>
            <ns3:hr>141</ns3:hr>
            <ns3:cad>89</ns3:cad>
          </ns3:TrackPointExtension>
        </extensions>
      </trkpt>
      <trkpt lat="39.94281250052154064178466796875" lon="116.37439048849046230316162109375">
        <ele>52</ele>
        <time>2026-09-08T23:44:11.000Z</time>
        <extensions>
          <ns3:TrackPointExtension>
            <ns3:atemp>22.0</ns3:atemp>
            <ns3:hr>140</ns3:hr>
            <ns3:cad>89</ns3:cad>
          </ns3:TrackPointExtension>
        </extensions>
      </trkpt>
      <trkpt lat="39.9427879415452480316162109375" lon="116.3743932545185089111328125">
        <ele>52</ele>
        <time>2026-09-08T23:44:12.000Z</time>
        <extensions>
          <ns3:TrackPointExtension>
            <ns3:atemp>22.0</ns3:atemp>
            <ns3:hr>140</ns3:hr>
            <ns3:cad>89</ns3:cad>
          </ns3:TrackPointExtension>
        </extensions>
      </trkpt>
      <trkpt lat="39.94276254437863826751708984375" lon="116.37440104968845844268798828125">
        <ele>52.200000762939453125</ele>
        <time>2026-09-08T23:44:13.000Z</time>
        <extensions>
          <ns3:TrackPointExtension>
            <ns3:atemp>22.0</ns3:atemp>
            <ns3:hr>139</ns3:hr>
            <ns3:cad>89</ns3:cad>
          </ns3:TrackPointExtension>
        </extensions>
      </trkpt>
      <trkpt lat="39.9427373148500919342041015625" lon="116.37441026978194713592529296875">
        <ele>52</ele>
        <time>2026-09-08T23:44:14.000Z</time>
        <extensions>
          <ns3:TrackPointExtension>
            <ns3:atemp>22.0</ns3:atemp>
            <ns3:hr>138</ns3:hr>
            <ns3:cad>89</ns3:cad>
          </ns3:TrackPointExtension>
        </extensions>
      </trkpt>
      <trkpt lat="39.94271007366478443145751953125" lon="116.37442166917026042938232421875">
        <ele>52</ele>
        <time>2026-09-08T23:44:15.000Z</time>
        <extensions>
          <ns3:TrackPointExtension>
            <ns3:atemp>22.0</ns3:atemp>
            <ns3:hr>137</ns3:hr>
            <ns3:cad>88</ns3:cad>
          </ns3:TrackPointExtension>
        </extensions>
      </trkpt>
      <trkpt lat="39.94268610142171382904052734375" lon="116.37443390674889087677001953125">
        <ele>52</ele>
        <time>2026-09-08T23:44:16.000Z</time>
        <extensions>
          <ns3:TrackPointExtension>
            <ns3:atemp>22.0</ns3:atemp>
            <ns3:hr>137</ns3:hr>
            <ns3:cad>88</ns3:cad>
          </ns3:TrackPointExtension>
        </extensions>
      </trkpt>
      <trkpt lat="39.94265642948448657989501953125" lon="116.3744406960904598236083984375">
        <ele>52</ele>
        <time>2026-09-08T23:44:17.000Z</time>
        <extensions>
          <ns3:TrackPointExtension>
            <ns3:atemp>22.0</ns3:atemp>
            <ns3:hr>136</ns3:hr>
            <ns3:cad>88</ns3:cad>
          </ns3:TrackPointExtension>
        </extensions>
      </trkpt>
      <trkpt lat="39.94263564236462116241455078125" lon="116.37445184402167797088623046875">
        <ele>52</ele>
        <time>2026-09-08T23:44:18.000Z</time>
        <extensions>
          <ns3:TrackPointExtension>
            <ns3:atemp>22.0</ns3:atemp>
            <ns3:hr>136</ns3:hr>
            <ns3:cad>88</ns3:cad>
          </ns3:TrackPointExtension>
        </extensions>
      </trkpt>
      <trkpt lat="39.9426099099218845367431640625" lon="116.3744577951729297637939453125">
        <ele>52</ele>
        <time>2026-09-08T23:44:19.000Z</time>
        <extensions>
          <ns3:TrackPointExtension>
            <ns3:atemp>22.0</ns3:atemp>
            <ns3:hr>136</ns3:hr>
            <ns3:cad>88</ns3:cad>
          </ns3:TrackPointExtension>
        </extensions>
      </trkpt>
      <trkpt lat="39.9425889551639556884765625" lon="116.3744648359715938568115234375">
        <ele>51.799999237060546875</ele>
        <time>2026-09-08T23:44:20.000Z</time>
        <extensions>
          <ns3:TrackPointExtension>
            <ns3:atemp>22.0</ns3:atemp>
            <ns3:hr>136</ns3:hr>
            <ns3:cad>88</ns3:cad>
          </ns3:TrackPointExtension>
        </extensions>
      </trkpt>
      <trkpt lat="39.942562468349933624267578125" lon="116.37445871718227863311767578125">
        <ele>52</ele>
        <time>2026-09-08T23:44:21.000Z</time>
        <extensions>
          <ns3:TrackPointExtension>
            <ns3:atemp>22.0</ns3:atemp>
            <ns3:hr>137</ns3:hr>
            <ns3:cad>87</ns3:cad>
          </ns3:TrackPointExtension>
        </extensions>
      </trkpt>
      <trkpt lat="39.9425391666591167449951171875" lon="116.37445368804037570953369140625">
        <ele>52</ele>
        <time>2026-09-08T23:44:22.000Z</time>
        <extensions>
          <ns3:TrackPointExtension>
            <ns3:atemp>22.0</ns3:atemp>
            <ns3:hr>138</ns3:hr>
            <ns3:cad>87</ns3:cad>
          </ns3:TrackPointExtension>
        </extensions>
      </trkpt>
      <trkpt lat="39.94251611642539501190185546875" lon="116.37444647960364818572998046875">
        <ele>52</ele>
        <time>2026-09-08T23:44:23.000Z</time>
        <extensions>
          <ns3:TrackPointExtension>
            <ns3:atemp>22.0</ns3:atemp>
            <ns3:hr>139</ns3:hr>
            <ns3:cad>88</ns3:cad>
          </ns3:TrackPointExtension>
        </extensions>
      </trkpt>
      <trkpt lat="39.94249532930552959442138671875" lon="116.37444178573787212371826171875">
        <ele>52</ele>
        <time>2026-09-08T23:44:24.000Z</time>
        <extensions>
          <ns3:TrackPointExtension>
            <ns3:atemp>22.0</ns3:atemp>
            <ns3:hr>139</ns3:hr>
            <ns3:cad>87</ns3:cad>
          </ns3:TrackPointExtension>
        </extensions>
      </trkpt>
      <trkpt lat="39.94247085414826869964599609375" lon="116.37443281710147857666015625">
        <ele>52</ele>
        <time>2026-09-08T23:44:25.000Z</time>
        <extensions>
          <ns3:TrackPointExtension>
            <ns3:atemp>22.0</ns3:atemp>
            <ns3:hr>140</ns3:hr>
            <ns3:cad>88</ns3:cad>
          </ns3:TrackPointExtension>
        </extensions>
      </trkpt>
      <trkpt lat="39.94244880974292755126953125" lon="116.3744227588176727294921875">
        <ele>52</ele>
        <time>2026-09-08T23:44:26.000Z</time>
        <extensions>
          <ns3:TrackPointExtension>
            <ns3:atemp>22.0</ns3:atemp>
            <ns3:hr>141</ns3:hr>
            <ns3:cad>88</ns3:cad>
          </ns3:TrackPointExtension>
        </extensions>
      </trkpt>
      <trkpt lat="39.94242626242339611053466796875" lon="116.37441479600965976715087890625">
        <ele>52</ele>
        <time>2026-09-08T23:44:27.000Z</time>
        <extensions>
          <ns3:TrackPointExtension>
            <ns3:atemp>22.0</ns3:atemp>
            <ns3:hr>142</ns3:hr>
            <ns3:cad>88</ns3:cad>
          </ns3:TrackPointExtension>
        </extensions>
      </trkpt>
      <trkpt lat="39.942405223846435546875" lon="116.37440574355423450469970703125">
        <ele>52</ele>
        <time>2026-09-08T23:44:28.000Z</time>
        <extensions>
          <ns3:TrackPointExtension>
            <ns3:atemp>22.0</ns3:atemp>
            <ns3:hr>142</ns3:hr>
            <ns3:cad>88</ns3:cad>
          </ns3:TrackPointExtension>
        </extensions>
      </trkpt>
      <trkpt lat="39.94238250888884067535400390625" lon="116.37439702637493610382080078125">
        <ele>52.200000762939453125</ele>
        <time>2026-09-08T23:44:29.000Z</time>
        <extensions>
          <ns3:TrackPointExtension>
            <ns3:atemp>22.0</ns3:atemp>
            <ns3:hr>143</ns3:hr>
            <ns3:cad>88</ns3:cad>
          </ns3:TrackPointExtension>
        </extensions>
      </trkpt>
      <trkpt lat="39.94236205704510211944580078125" lon="116.3743850402534008026123046875">
        <ele>52.40000152587890625</ele>
        <time>2026-09-08T23:44:30.000Z</time>
        <extensions>
          <ns3:TrackPointExtension>
            <ns3:atemp>22.0</ns3:atemp>
            <ns3:hr>143</ns3:hr>
            <ns3:cad>89</ns3:cad>
          </ns3:TrackPointExtension>
        </extensions>
      </trkpt>
      <trkpt lat="39.94234277866780757904052734375" lon="116.3743769936263561248779296875">
        <ele>52.40000152587890625</ele>
        <time>2026-09-08T23:44:31.000Z</time>
        <extensions>
          <ns3:TrackPointExtension>
            <ns3:atemp>22.0</ns3:atemp>
            <ns3:hr>143</ns3:hr>
            <ns3:cad>88</ns3:cad>
          </ns3:TrackPointExtension>
        </extensions>
      </trkpt>
      <trkpt lat="39.94231964461505413055419921875" lon="116.37436978518962860107421875">
        <ele>52.59999847412109375</ele>
        <time>2026-09-08T23:44:32.000Z</time>
        <extensions>
          <ns3:TrackPointExtension>
            <ns3:atemp>22.0</ns3:atemp>
            <ns3:hr>143</ns3:hr>
            <ns3:cad>88</ns3:cad>
          </ns3:TrackPointExtension>
        </extensions>
      </trkpt>
      <trkpt lat="39.9422939121723175048828125" lon="116.3743650913238525390625">
        <ele>52.799999237060546875</ele>
        <time>2026-09-08T23:44:33.000Z</time>
        <extensions>
          <ns3:TrackPointExtension>
            <ns3:atemp>22.0</ns3:atemp>
            <ns3:hr>144</ns3:hr>
            <ns3:cad>88</ns3:cad>
          </ns3:TrackPointExtension>
        </extensions>
      </trkpt>
      <trkpt lat="39.94226851500570774078369140625" lon="116.37436576187610626220703125">
        <ele>52.799999237060546875</ele>
        <time>2026-09-08T23:44:34.000Z</time>
        <extensions>
          <ns3:TrackPointExtension>
            <ns3:atemp>22.0</ns3:atemp>
            <ns3:hr>144</ns3:hr>
            <ns3:cad>87</ns3:cad>
          </ns3:TrackPointExtension>
        </extensions>
      </trkpt>
      <trkpt lat="39.94224605150520801544189453125" lon="116.37437875382602214813232421875">
        <ele>52.799999237060546875</ele>
        <time>2026-09-08T23:44:35.000Z</time>
        <extensions>
          <ns3:TrackPointExtension>
            <ns3:atemp>22.0</ns3:atemp>
            <ns3:hr>144</ns3:hr>
            <ns3:cad>87</ns3:cad>
          </ns3:TrackPointExtension>
        </extensions>
      </trkpt>
      <trkpt lat="39.94222308509051799774169921875" lon="116.374390237033367156982421875">
        <ele>52.799999237060546875</ele>
        <time>2026-09-08T23:44:36.000Z</time>
        <extensions>
          <ns3:TrackPointExtension>
            <ns3:atemp>22.0</ns3:atemp>
            <ns3:hr>144</ns3:hr>
            <ns3:cad>87</ns3:cad>
          </ns3:TrackPointExtension>
        </extensions>
      </trkpt>
      <trkpt lat="39.94220229797065258026123046875" lon="116.374400295317173004150390625">
        <ele>52.799999237060546875</ele>
        <time>2026-09-08T23:44:37.000Z</time>
        <extensions>
          <ns3:TrackPointExtension>
            <ns3:atemp>22.0</ns3:atemp>
            <ns3:hr>144</ns3:hr>
            <ns3:cad>87</ns3:cad>
          </ns3:TrackPointExtension>
        </extensions>
      </trkpt>
      <trkpt lat="39.94218000210821628570556640625" lon="116.374410688877105712890625">
        <ele>52.799999237060546875</ele>
        <time>2026-09-08T23:44:38.000Z</time>
        <extensions>
          <ns3:TrackPointExtension>
            <ns3:atemp>22.0</ns3:atemp>
            <ns3:hr>144</ns3:hr>
            <ns3:cad>87</ns3:cad>
          </ns3:TrackPointExtension>
        </extensions>
      </trkpt>
      <trkpt lat="39.942156784236431121826171875" lon="116.37441898696124553680419921875">
        <ele>52.59999847412109375</ele>
        <time>2026-09-08T23:44:39.000Z</time>
        <extensions>
          <ns3:TrackPointExtension>
            <ns3:atemp>22.0</ns3:atemp>
            <ns3:hr>144</ns3:hr>
            <ns3:cad>88</ns3:cad>
          </ns3:TrackPointExtension>
        </extensions>
      </trkpt>
      <trkpt lat="39.94213826023042201995849609375" lon="116.374432481825351715087890625">
        <ele>52.59999847412109375</ele>
        <time>2026-09-08T23:44:40.000Z</time>
        <extensions>
          <ns3:TrackPointExtension>
            <ns3:atemp>22.0</ns3:atemp>
            <ns3:hr>144</ns3:hr>
            <ns3:cad>88</ns3:cad>
          </ns3:TrackPointExtension>
        </extensions>
      </trkpt>
      <trkpt lat="39.9421200715005397796630859375" lon="116.374447233974933624267578125">
        <ele>52.59999847412109375</ele>
        <time>2026-09-08T23:44:41.000Z</time>
        <extensions>
          <ns3:TrackPointExtension>
            <ns3:atemp>22.0</ns3:atemp>
            <ns3:hr>143</ns3:hr>
            <ns3:cad>87</ns3:cad>
          </ns3:TrackPointExtension>
        </extensions>
      </trkpt>
      <trkpt lat="39.942102134227752685546875" lon="116.37446508742868900299072265625">
        <ele>52.59999847412109375</ele>
        <time>2026-09-08T23:44:42.000Z</time>
        <extensions>
          <ns3:TrackPointExtension>
            <ns3:atemp>22.0</ns3:atemp>
            <ns3:hr>143</ns3:hr>
            <ns3:cad>87</ns3:cad>
          </ns3:TrackPointExtension>
        </extensions>
      </trkpt>
      <trkpt lat="39.94208226911723613739013671875" lon="116.37448721565306186676025390625">
        <ele>52.59999847412109375</ele>
        <time>2026-09-08T23:44:43.000Z</time>
        <extensions>
          <ns3:TrackPointExtension>
            <ns3:atemp>22.0</ns3:atemp>
            <ns3:hr>143</ns3:hr>
            <ns3:cad>87</ns3:cad>
          </ns3:TrackPointExtension>
        </extensions>
      </trkpt>
      <trkpt lat="39.9420660920441150665283203125" lon="116.3745060749351978302001953125">
        <ele>52.59999847412109375</ele>
        <time>2026-09-08T23:44:44.000Z</time>
        <extensions>
          <ns3:TrackPointExtension>
            <ns3:atemp>22.0</ns3:atemp>
            <ns3:hr>143</ns3:hr>
            <ns3:cad>86</ns3:cad>
          </ns3:TrackPointExtension>
        </extensions>
      </trkpt>
      <trkpt lat="39.94204589165747165679931640625" lon="116.37453046627342700958251953125">
        <ele>52.59999847412109375</ele>
        <time>2026-09-08T23:44:45.000Z</time>
        <extensions>
          <ns3:TrackPointExtension>
            <ns3:atemp>22.0</ns3:atemp>
            <ns3:hr>143</ns3:hr>
            <ns3:cad>86</ns3:cad>
          </ns3:TrackPointExtension>
        </extensions>
      </trkpt>
      <trkpt lat="39.9420318938791751861572265625" lon="116.37455125339329242706298828125">
        <ele>52.59999847412109375</ele>
        <time>2026-09-08T23:44:46.000Z</time>
        <extensions>
          <ns3:TrackPointExtension>
            <ns3:atemp>22.0</ns3:atemp>
            <ns3:hr>143</ns3:hr>
            <ns3:cad>87</ns3:cad>
          </ns3:TrackPointExtension>
        </extensions>
      </trkpt>
      <trkpt lat="39.94200767017900943756103515625" lon="116.37457623146474361419677734375">
        <ele>52.59999847412109375</ele>
        <time>2026-09-08T23:44:47.000Z</time>
        <extensions>
          <ns3:TrackPointExtension>
            <ns3:atemp>22.0</ns3:atemp>
            <ns3:hr>144</ns3:hr>
            <ns3:cad>86</ns3:cad>
          </ns3:TrackPointExtension>
        </extensions>
      </trkpt>
      <trkpt lat="39.94198638014495372772216796875" lon="116.3746009580790996551513671875">
        <ele>52.59999847412109375</ele>
        <time>2026-09-08T23:44:48.000Z</time>
        <extensions>
          <ns3:TrackPointExtension>
            <ns3:atemp>22.0</ns3:atemp>
            <ns3:hr>144</ns3:hr>
            <ns3:cad>87</ns3:cad>
          </ns3:TrackPointExtension>
        </extensions>
      </trkpt>
      <trkpt lat="39.9419695325195789337158203125" lon="116.3746244274079799652099609375">
        <ele>52.59999847412109375</ele>
        <time>2026-09-08T23:44:49.000Z</time>
        <extensions>
          <ns3:TrackPointExtension>
            <ns3:atemp>22.0</ns3:atemp>
            <ns3:hr>144</ns3:hr>
            <ns3:cad>87</ns3:cad>
          </ns3:TrackPointExtension>
        </extensions>
      </trkpt>
      <trkpt lat="39.94195017032325267791748046875" lon="116.3746462203562259674072265625">
        <ele>52.59999847412109375</ele>
        <time>2026-09-08T23:44:50.000Z</time>
        <extensions>
          <ns3:TrackPointExtension>
            <ns3:atemp>22.0</ns3:atemp>
            <ns3:hr>144</ns3:hr>
            <ns3:cad>87</ns3:cad>
          </ns3:TrackPointExtension>
        </extensions>
      </trkpt>
      <trkpt lat="39.94193382561206817626953125" lon="116.37466692365705966949462890625">
        <ele>52.59999847412109375</ele>
        <time>2026-09-08T23:44:51.000Z</time>
        <extensions>
          <ns3:TrackPointExtension>
            <ns3:atemp>22.0</ns3:atemp>
            <ns3:hr>143</ns3:hr>
            <ns3:cad>87</ns3:cad>
          </ns3:TrackPointExtension>
        </extensions>
      </trkpt>
      <trkpt lat="39.94191446341574192047119140625" lon="116.3746856153011322021484375">
        <ele>52.59999847412109375</ele>
        <time>2026-09-08T23:44:52.000Z</time>
        <extensions>
          <ns3:TrackPointExtension>
            <ns3:atemp>22.0</ns3:atemp>
            <ns3:hr>144</ns3:hr>
            <ns3:cad>87</ns3:cad>
          </ns3:TrackPointExtension>
        </extensions>
      </trkpt>
      <trkpt lat="39.94190163910388946533203125" lon="116.3747042231261730194091796875">
        <ele>52.59999847412109375</ele>
        <time>2026-09-08T23:44:53.000Z</time>
        <extensions>
          <ns3:TrackPointExtension>
            <ns3:atemp>22.0</ns3:atemp>
            <ns3:hr>144</ns3:hr>
            <ns3:cad>87</ns3:cad>
          </ns3:TrackPointExtension>
        </extensions>
      </trkpt>
      <trkpt lat="39.941882528364658355712890625" lon="116.374724172055721282958984375">
        <ele>52.59999847412109375</ele>
        <time>2026-09-08T23:44:54.000Z</time>
        <extensions>
          <ns3:TrackPointExtension>
            <ns3:atemp>22.0</ns3:atemp>
            <ns3:hr>144</ns3:hr>
            <ns3:cad>87</ns3:cad>
          </ns3:TrackPointExtension>
        </extensions>
      </trkpt>
      <trkpt lat="39.94187003932893276214599609375" lon="116.37474336661398410797119140625">
        <ele>52.59999847412109375</ele>
        <time>2026-09-08T23:44:55.000Z</time>
        <extensions>
          <ns3:TrackPointExtension>
            <ns3:atemp>22.0</ns3:atemp>
            <ns3:hr>143</ns3:hr>
            <ns3:cad>87</ns3:cad>
          </ns3:TrackPointExtension>
        </extensions>
      </trkpt>
      <trkpt lat="39.94185042567551136016845703125" lon="116.3747607171535491943359375">
        <ele>52.59999847412109375</ele>
        <time>2026-09-08T23:44:56.000Z</time>
        <extensions>
          <ns3:TrackPointExtension>
            <ns3:atemp>22.0</ns3:atemp>
            <ns3:hr>143</ns3:hr>
            <ns3:cad>86</ns3:cad>
          </ns3:TrackPointExtension>
        </extensions>
      </trkpt>
      <trkpt lat="39.9418360926210880279541015625" lon="116.37477890588343143463134765625">
        <ele>52.59999847412109375</ele>
        <time>2026-09-08T23:44:57.000Z</time>
        <extensions>
          <ns3:TrackPointExtension>
            <ns3:atemp>22.0</ns3:atemp>
            <ns3:hr>144</ns3:hr>
            <ns3:cad>87</ns3:cad>
          </ns3:TrackPointExtension>
        </extensions>
      </trkpt>
      <trkpt lat="39.9418223462998867034912109375" lon="116.3747950829565525054931640625">
        <ele>52.799999237060546875</ele>
        <time>2026-09-08T23:44:58.000Z</time>
        <extensions>
          <ns3:TrackPointExtension>
            <ns3:atemp>22.0</ns3:atemp>
            <ns3:hr>144</ns3:hr>
            <ns3:cad>88</ns3:cad>
          </ns3:TrackPointExtension>
        </extensions>
      </trkpt>
      <trkpt lat="39.94180901907384395599365234375" lon="116.37481310404837131500244140625">
        <ele>52.799999237060546875</ele>
        <time>2026-09-08T23:44:59.000Z</time>
        <extensions>
          <ns3:TrackPointExtension>
            <ns3:atemp>22.0</ns3:atemp>
            <ns3:hr>144</ns3:hr>
            <ns3:cad>87</ns3:cad>
          </ns3:TrackPointExtension>
        </extensions>
      </trkpt>
      <trkpt lat="39.9417978711426258087158203125" lon="116.37483305297791957855224609375">
        <ele>52.799999237060546875</ele>
        <time>2026-09-08T23:45:00.000Z</time>
        <extensions>
          <ns3:TrackPointExtension>
            <ns3:atemp>22.0</ns3:atemp>
            <ns3:hr>144</ns3:hr>
            <ns3:cad>87</ns3:cad>
          </ns3:TrackPointExtension>
        </extensions>
      </trkpt>
      <trkpt lat="39.941780269145965576171875" lon="116.3748534210026264190673828125">
        <ele>52.799999237060546875</ele>
        <time>2026-09-08T23:45:01.000Z</time>
        <extensions>
          <ns3:TrackPointExtension>
            <ns3:atemp>22.0</ns3:atemp>
            <ns3:hr>144</ns3:hr>
            <ns3:cad>87</ns3:cad>
          </ns3:TrackPointExtension>
        </extensions>
      </trkpt>
      <trkpt lat="39.94176727719604969024658203125" lon="116.374872364103794097900390625">
        <ele>52.799999237060546875</ele>
        <time>2026-09-08T23:45:02.000Z</time>
        <extensions>
          <ns3:TrackPointExtension>
            <ns3:atemp>22.0</ns3:atemp>
            <ns3:hr>145</ns3:hr>
            <ns3:cad>86</ns3:cad>
          </ns3:TrackPointExtension>
        </extensions>
      </trkpt>
      <trkpt lat="39.94175286032259464263916015625" lon="116.374891810119152069091796875">
        <ele>52.799999237060546875</ele>
        <time>2026-09-08T23:45:03.000Z</time>
        <extensions>
          <ns3:TrackPointExtension>
            <ns3:atemp>22.0</ns3:atemp>
            <ns3:hr>145</ns3:hr>
            <ns3:cad>86</ns3:cad>
          </ns3:TrackPointExtension>
        </extensions>
      </trkpt>
      <trkpt lat="39.94173643179237842559814453125" lon="116.37491553090512752532958984375">
        <ele>52.799999237060546875</ele>
        <time>2026-09-08T23:45:04.000Z</time>
        <extensions>
          <ns3:TrackPointExtension>
            <ns3:atemp>22.0</ns3:atemp>
            <ns3:hr>146</ns3:hr>
            <ns3:cad>86</ns3:cad>
          </ns3:TrackPointExtension>
        </extensions>
      </trkpt>
      <trkpt lat="39.94172033853828907012939453125" lon="116.37494604103267192840576171875">
        <ele>52.799999237060546875</ele>
        <time>2026-09-08T23:45:05.000Z</time>
        <extensions>
          <ns3:TrackPointExtension>
            <ns3:atemp>22.0</ns3:atemp>
            <ns3:hr>146</ns3:hr>
            <ns3:cad>86</ns3:cad>
          </ns3:TrackPointExtension>
        </extensions>
      </trkpt>
      <trkpt lat="39.941705502569675445556640625" lon="116.3749721087515354156494140625">
        <ele>52.59999847412109375</ele>
        <time>2026-09-08T23:45:06.000Z</time>
        <extensions>
          <ns3:TrackPointExtension>
            <ns3:atemp>22.0</ns3:atemp>
            <ns3:hr>146</ns3:hr>
            <ns3:cad>86</ns3:cad>
          </ns3:TrackPointExtension>
        </extensions>
      </trkpt>
      <trkpt lat="39.94168706238269805908203125" lon="116.3749945722520351409912109375">
        <ele>52.59999847412109375</ele>
        <time>2026-09-08T23:45:07.000Z</time>
        <extensions>
          <ns3:TrackPointExtension>
            <ns3:atemp>22.0</ns3:atemp>
            <ns3:hr>146</ns3:hr>
            <ns3:cad>88</ns3:cad>
          </ns3:TrackPointExtension>
        </extensions>
      </trkpt>
      <trkpt lat="39.94166971184313297271728515625" lon="116.37501058168709278106689453125">
        <ele>52.59999847412109375</ele>
        <time>2026-09-08T23:45:08.000Z</time>
        <extensions>
          <ns3:TrackPointExtension>
            <ns3:atemp>22.0</ns3:atemp>
            <ns3:hr>146</ns3:hr>
            <ns3:cad>88</ns3:cad>
          </ns3:TrackPointExtension>
        </extensions>
      </trkpt>
      <trkpt lat="39.94165085256099700927734375" lon="116.3750327937304973602294921875">
        <ele>52.59999847412109375</ele>
        <time>2026-09-08T23:45:09.000Z</time>
        <extensions>
          <ns3:TrackPointExtension>
            <ns3:atemp>22.0</ns3:atemp>
            <ns3:hr>145</ns3:hr>
            <ns3:cad>87</ns3:cad>
          </ns3:TrackPointExtension>
        </extensions>
      </trkpt>
      <trkpt lat="39.941632412374019622802734375" lon="116.375057436525821685791015625">
        <ele>52.59999847412109375</ele>
        <time>2026-09-08T23:45:10.000Z</time>
        <extensions>
          <ns3:TrackPointExtension>
            <ns3:atemp>22.0</ns3:atemp>
            <ns3:hr>146</ns3:hr>
            <ns3:cad>87</ns3:cad>
          </ns3:TrackPointExtension>
        </extensions>
      </trkpt>
      <trkpt lat="39.94161866605281829833984375" lon="116.37508031912147998809814453125">
        <ele>52.59999847412109375</ele>
        <time>2026-09-08T23:45:11.000Z</time>
        <extensions>
          <ns3:TrackPointExtension>
            <ns3:atemp>22.0</ns3:atemp>
            <ns3:hr>145</ns3:hr>
            <ns3:cad>87</ns3:cad>
          </ns3:TrackPointExtension>
        </extensions>
      </trkpt>
      <trkpt lat="39.94160366244614124298095703125" lon="116.37510730884969234466552734375">
        <ele>52.59999847412109375</ele>
        <time>2026-09-08T23:45:12.000Z</time>
        <extensions>
          <ns3:TrackPointExtension>
            <ns3:atemp>22.0</ns3:atemp>
            <ns3:hr>145</ns3:hr>
            <ns3:cad>87</ns3:cad>
          </ns3:TrackPointExtension>
        </extensions>
      </trkpt>
      <trkpt lat="39.9415910057723522186279296875" lon="116.3751323707401752471923828125">
        <ele>52.59999847412109375</ele>
        <time>2026-09-08T23:45:13.000Z</time>
        <extensions>
          <ns3:TrackPointExtension>
            <ns3:atemp>22.0</ns3:atemp>
            <ns3:hr>145</ns3:hr>
            <ns3:cad>87</ns3:cad>
          </ns3:TrackPointExtension>
        </extensions>
      </trkpt>
      <trkpt lat="39.9415755830705165863037109375" lon="116.37515835464000701904296875">
        <ele>52.59999847412109375</ele>
        <time>2026-09-08T23:45:14.000Z</time>
        <extensions>
          <ns3:TrackPointExtension>
            <ns3:atemp>22.0</ns3:atemp>
            <ns3:hr>144</ns3:hr>
            <ns3:cad>86</ns3:cad>
          </ns3:TrackPointExtension>
        </extensions>
      </trkpt>
      <trkpt lat="39.9415621720254421234130859375" lon="116.37518559582531452178955078125">
        <ele>52.59999847412109375</ele>
        <time>2026-09-08T23:45:15.000Z</time>
        <extensions>
          <ns3:TrackPointExtension>
            <ns3:atemp>22.0</ns3:atemp>
            <ns3:hr>144</ns3:hr>
            <ns3:cad>86</ns3:cad>
          </ns3:TrackPointExtension>
        </extensions>
      </trkpt>
      <trkpt lat="39.94154733605682849884033203125" lon="116.375213675200939178466796875">
        <ele>52.59999847412109375</ele>
        <time>2026-09-08T23:45:16.000Z</time>
        <extensions>
          <ns3:TrackPointExtension>
            <ns3:atemp>22.0</ns3:atemp>
            <ns3:hr>144</ns3:hr>
            <ns3:cad>88</ns3:cad>
          </ns3:TrackPointExtension>
        </extensions>
      </trkpt>
      <trkpt lat="39.94153509847819805145263671875" lon="116.3752399943768978118896484375">
        <ele>52.59999847412109375</ele>
        <time>2026-09-08T23:45:17.000Z</time>
        <extensions>
          <ns3:TrackPointExtension>
            <ns3:atemp>22.0</ns3:atemp>
            <ns3:hr>144</ns3:hr>
            <ns3:cad>87</ns3:cad>
          </ns3:TrackPointExtension>
        </extensions>
      </trkpt>
      <trkpt lat="39.9415179155766963958740234375" lon="116.37526522390544414520263671875">
        <ele>52.59999847412109375</ele>
        <time>2026-09-08T23:45:18.000Z</time>
        <extensions>
          <ns3:TrackPointExtension>
            <ns3:atemp>22.0</ns3:atemp>
            <ns3:hr>145</ns3:hr>
            <ns3:cad>87</ns3:cad>
          </ns3:TrackPointExtension>
        </extensions>
      </trkpt>
      <trkpt lat="39.94150676764547824859619140625" lon="116.3752892799675464630126953125">
        <ele>52.59999847412109375</ele>
        <time>2026-09-08T23:45:19.000Z</time>
        <extensions>
          <ns3:TrackPointExtension>
            <ns3:atemp>22.0</ns3:atemp>
            <ns3:hr>145</ns3:hr>
            <ns3:cad>87</ns3:cad>
          </ns3:TrackPointExtension>
        </extensions>
      </trkpt>
      <trkpt lat="39.941490925848484039306640625" lon="116.37531794607639312744140625">
        <ele>52.59999847412109375</ele>
        <time>2026-09-08T23:45:20.000Z</time>
        <extensions>
          <ns3:TrackPointExtension>
            <ns3:atemp>22.0</ns3:atemp>
            <ns3:hr>145</ns3:hr>
            <ns3:cad>87</ns3:cad>
          </ns3:TrackPointExtension>
        </extensions>
      </trkpt>
      <trkpt lat="39.94147977791726589202880859375" lon="116.3753446005284786224365234375">
        <ele>52.59999847412109375</ele>
        <time>2026-09-08T23:45:21.000Z</time>
        <extensions>
          <ns3:TrackPointExtension>
            <ns3:atemp>22.0</ns3:atemp>
            <ns3:hr>145</ns3:hr>
            <ns3:cad>87</ns3:cad>
          </ns3:TrackPointExtension>
        </extensions>
      </trkpt>
      <trkpt lat="39.9414662830531597137451171875" lon="116.3753663934767246246337890625">
        <ele>52.59999847412109375</ele>
        <time>2026-09-08T23:45:22.000Z</time>
        <extensions>
          <ns3:TrackPointExtension>
            <ns3:atemp>22.0</ns3:atemp>
            <ns3:hr>145</ns3:hr>
            <ns3:cad>87</ns3:cad>
          </ns3:TrackPointExtension>
        </extensions>
      </trkpt>
      <trkpt lat="39.941447675228118896484375" lon="116.37538902461528778076171875">
        <ele>52.59999847412109375</ele>
        <time>2026-09-08T23:45:23.000Z</time>
        <extensions>
          <ns3:TrackPointExtension>
            <ns3:atemp>22.0</ns3:atemp>
            <ns3:hr>145</ns3:hr>
            <ns3:cad>87</ns3:cad>
          </ns3:TrackPointExtension>
        </extensions>
      </trkpt>
      <trkpt lat="39.94143359363079071044921875" lon="116.37541375122964382171630859375">
        <ele>52.59999847412109375</ele>
        <time>2026-09-08T23:45:24.000Z</time>
        <extensions>
          <ns3:TrackPointExtension>
            <ns3:atemp>22.0</ns3:atemp>
            <ns3:hr>145</ns3:hr>
            <ns3:cad>87</ns3:cad>
          </ns3:TrackPointExtension>
        </extensions>
      </trkpt>
      <trkpt lat="39.94142177514731884002685546875" lon="116.375435292720794677734375">
        <ele>52.59999847412109375</ele>
        <time>2026-09-08T23:45:25.000Z</time>
        <extensions>
          <ns3:TrackPointExtension>
            <ns3:atemp>22.0</ns3:atemp>
            <ns3:hr>144</ns3:hr>
            <ns3:cad>87</ns3:cad>
          </ns3:TrackPointExtension>
        </extensions>
      </trkpt>
      <trkpt lat="39.94141356088221073150634765625" lon="116.37546421028673648834228515625">
        <ele>52.59999847412109375</ele>
        <time>2026-09-08T23:45:26.000Z</time>
        <extensions>
          <ns3:TrackPointExtension>
            <ns3:atemp>22.0</ns3:atemp>
            <ns3:hr>145</ns3:hr>
            <ns3:cad>87</ns3:cad>
          </ns3:TrackPointExtension>
        </extensions>
      </trkpt>
      <trkpt lat="39.94140517897903919219970703125" lon="116.37549170292913913726806640625">
        <ele>52.40000152587890625</ele>
        <time>2026-09-08T23:45:27.000Z</time>
        <extensions>
          <ns3:TrackPointExtension>
            <ns3:atemp>22.0</ns3:atemp>
            <ns3:hr>145</ns3:hr>
            <ns3:cad>87</ns3:cad>
          </ns3:TrackPointExtension>
        </extensions>
      </trkpt>
      <trkpt lat="39.9414005689322948455810546875" lon="116.37551500461995601654052734375">
        <ele>52.40000152587890625</ele>
        <time>2026-09-08T23:45:28.000Z</time>
        <extensions>
          <ns3:TrackPointExtension>
            <ns3:atemp>22.0</ns3:atemp>
            <ns3:hr>145</ns3:hr>
            <ns3:cad>87</ns3:cad>
          </ns3:TrackPointExtension>
        </extensions>
      </trkpt>
      <trkpt lat="39.94139277376234531402587890625" lon="116.37554593384265899658203125">
        <ele>52.59999847412109375</ele>
        <time>2026-09-08T23:45:29.000Z</time>
        <extensions>
          <ns3:TrackPointExtension>
            <ns3:atemp>22.0</ns3:atemp>
            <ns3:hr>145</ns3:hr>
            <ns3:cad>87</ns3:cad>
          </ns3:TrackPointExtension>
        </extensions>
      </trkpt>
      <trkpt lat="39.9413848109543323516845703125" lon="116.37557602487504482269287109375">
        <ele>52.59999847412109375</ele>
        <time>2026-09-08T23:45:30.000Z</time>
        <extensions>
          <ns3:TrackPointExtension>
            <ns3:atemp>22.0</ns3:atemp>
            <ns3:hr>145</ns3:hr>
            <ns3:cad>87</ns3:cad>
          </ns3:TrackPointExtension>
        </extensions>
      </trkpt>
      <trkpt lat="39.9413767643272876739501953125" lon="116.37560100294649600982666015625">
        <ele>52.40000152587890625</ele>
        <time>2026-09-08T23:45:31.000Z</time>
        <extensions>
          <ns3:TrackPointExtension>
            <ns3:atemp>22.0</ns3:atemp>
            <ns3:hr>146</ns3:hr>
            <ns3:cad>87</ns3:cad>
          </ns3:TrackPointExtension>
        </extensions>
      </trkpt>
      <trkpt lat="39.94136595167219638824462890625" lon="116.37563335709273815155029296875">
        <ele>52.40000152587890625</ele>
        <time>2026-09-08T23:45:32.000Z</time>
        <extensions>
          <ns3:TrackPointExtension>
            <ns3:atemp>22.0</ns3:atemp>
            <ns3:hr>145</ns3:hr>
            <ns3:cad>87</ns3:cad>
          </ns3:TrackPointExtension>
        </extensions>
      </trkpt>
      <trkpt lat="39.9413546361029148101806640625" lon="116.37565716169774532318115234375">
        <ele>52.59999847412109375</ele>
        <time>2026-09-08T23:45:33.000Z</time>
        <extensions>
          <ns3:TrackPointExtension>
            <ns3:atemp>22.0</ns3:atemp>
            <ns3:hr>145</ns3:hr>
            <ns3:cad>87</ns3:cad>
          </ns3:TrackPointExtension>
        </extensions>
      </trkpt>
      <trkpt lat="39.9413432367146015167236328125" lon="116.37567912228405475616455078125">
        <ele>52.59999847412109375</ele>
        <time>2026-09-08T23:45:34.000Z</time>
        <extensions>
          <ns3:TrackPointExtension>
            <ns3:atemp>22.0</ns3:atemp>
            <ns3:hr>146</ns3:hr>
            <ns3:cad>87</ns3:cad>
          </ns3:TrackPointExtension>
        </extensions>
      </trkpt>
      <trkpt lat="39.94133125059306621551513671875" lon="116.37570175342261791229248046875">
        <ele>52.40000152587890625</ele>
        <time>2026-09-08T23:45:35.000Z</time>
        <extensions>
          <ns3:TrackPointExtension>
            <ns3:atemp>22.0</ns3:atemp>
            <ns3:hr>145</ns3:hr>
            <ns3:cad>87</ns3:cad>
          </ns3:TrackPointExtension>
        </extensions>
      </trkpt>
      <trkpt lat="39.941321946680545806884765625" lon="116.37572723440825939178466796875">
        <ele>52.40000152587890625</ele>
        <time>2026-09-08T23:45:36.000Z</time>
        <extensions>
          <ns3:TrackPointExtension>
            <ns3:atemp>22.0</ns3:atemp>
            <ns3:hr>145</ns3:hr>
            <ns3:cad>87</ns3:cad>
          </ns3:TrackPointExtension>
        </extensions>
      </trkpt>
      <trkpt lat="39.9413123913109302520751953125" lon="116.37575003318488597869873046875">
        <ele>52.40000152587890625</ele>
        <time>2026-09-08T23:45:37.000Z</time>
        <extensions>
          <ns3:TrackPointExtension>
            <ns3:atemp>22.0</ns3:atemp>
            <ns3:hr>145</ns3:hr>
            <ns3:cad>87</ns3:cad>
          </ns3:TrackPointExtension>
        </extensions>
      </trkpt>
      <trkpt lat="39.941300489008426666259765625" lon="116.37577660381793975830078125">
        <ele>52.40000152587890625</ele>
        <time>2026-09-08T23:45:38.000Z</time>
        <extensions>
          <ns3:TrackPointExtension>
            <ns3:atemp>22.0</ns3:atemp>
            <ns3:hr>144</ns3:hr>
            <ns3:cad>87</ns3:cad>
          </ns3:TrackPointExtension>
        </extensions>
      </trkpt>
      <trkpt lat="39.941290430724620819091796875" lon="116.3758012466132640838623046875">
        <ele>52.200000762939453125</ele>
        <time>2026-09-08T23:45:39.000Z</time>
        <extensions>
          <ns3:TrackPointExtension>
            <ns3:atemp>22.0</ns3:atemp>
            <ns3:hr>144</ns3:hr>
            <ns3:cad>87</ns3:cad>
          </ns3:TrackPointExtension>
        </extensions>
      </trkpt>
      <trkpt lat="39.94127760641276836395263671875" lon="116.37582563795149326324462890625">
        <ele>52.200000762939453125</ele>
        <time>2026-09-08T23:45:40.000Z</time>
        <extensions>
          <ns3:TrackPointExtension>
            <ns3:atemp>22.0</ns3:atemp>
            <ns3:hr>144</ns3:hr>
            <ns3:cad>87</ns3:cad>
          </ns3:TrackPointExtension>
        </extensions>
      </trkpt>
      <trkpt lat="39.941268973052501678466796875" lon="116.37584944255650043487548828125">
        <ele>52.200000762939453125</ele>
        <time>2026-09-08T23:45:41.000Z</time>
        <extensions>
          <ns3:TrackPointExtension>
            <ns3:atemp>22.0</ns3:atemp>
            <ns3:hr>144</ns3:hr>
            <ns3:cad>87</ns3:cad>
          </ns3:TrackPointExtension>
        </extensions>
      </trkpt>
      <trkpt lat="39.94125832803547382354736328125" lon="116.3758797012269496917724609375">
        <ele>52.200000762939453125</ele>
        <time>2026-09-08T23:45:42.000Z</time>
        <extensions>
          <ns3:TrackPointExtension>
            <ns3:atemp>22.0</ns3:atemp>
            <ns3:hr>144</ns3:hr>
            <ns3:cad>88</ns3:cad>
          </ns3:TrackPointExtension>
        </extensions>
      </trkpt>
      <trkpt lat="39.9412523768842220306396484375" lon="116.37590593658387660980224609375">
        <ele>52.200000762939453125</ele>
        <time>2026-09-08T23:45:43.000Z</time>
        <extensions>
          <ns3:TrackPointExtension>
            <ns3:atemp>22.0</ns3:atemp>
            <ns3:hr>144</ns3:hr>
            <ns3:cad>87</ns3:cad>
          </ns3:TrackPointExtension>
        </extensions>
      </trkpt>
      <trkpt lat="39.94124491699039936065673828125" lon="116.3759323395788669586181640625">
        <ele>52.200000762939453125</ele>
        <time>2026-09-08T23:45:44.000Z</time>
        <extensions>
          <ns3:TrackPointExtension>
            <ns3:atemp>22.0</ns3:atemp>
            <ns3:hr>145</ns3:hr>
            <ns3:cad>88</ns3:cad>
          </ns3:TrackPointExtension>
        </extensions>
      </trkpt>
      <trkpt lat="39.941239468753337860107421875" lon="116.37595832347869873046875">
        <ele>52.200000762939453125</ele>
        <time>2026-09-08T23:45:45.000Z</time>
        <extensions>
          <ns3:TrackPointExtension>
            <ns3:atemp>22.0</ns3:atemp>
            <ns3:hr>144</ns3:hr>
            <ns3:cad>88</ns3:cad>
          </ns3:TrackPointExtension>
        </extensions>
      </trkpt>
      <trkpt lat="39.9412275664508342742919921875" lon="116.37599092908203601837158203125">
        <ele>52.200000762939453125</ele>
        <time>2026-09-08T23:45:46.000Z</time>
        <extensions>
          <ns3:TrackPointExtension>
            <ns3:atemp>22.0</ns3:atemp>
            <ns3:hr>144</ns3:hr>
            <ns3:cad>88</ns3:cad>
          </ns3:TrackPointExtension>
        </extensions>
      </trkpt>
      <trkpt lat="39.94121490977704524993896484375" lon="116.37601875700056552886962890625">
        <ele>52.200000762939453125</ele>
        <time>2026-09-08T23:45:47.000Z</time>
        <extensions>
          <ns3:TrackPointExtension>
            <ns3:atemp>22.0</ns3:atemp>
            <ns3:hr>144</ns3:hr>
            <ns3:cad>87</ns3:cad>
          </ns3:TrackPointExtension>
        </extensions>
      </trkpt>
      <trkpt lat="39.94120434857904911041259765625" lon="116.37604943476617336273193359375">
        <ele>52.200000762939453125</ele>
        <time>2026-09-08T23:45:48.000Z</time>
        <extensions>
          <ns3:TrackPointExtension>
            <ns3:atemp>22.0</ns3:atemp>
            <ns3:hr>144</ns3:hr>
            <ns3:cad>87</ns3:cad>
          </ns3:TrackPointExtension>
        </extensions>
      </trkpt>
      <trkpt lat="39.941195212304592132568359375" lon="116.3760803639888763427734375">
        <ele>52.200000762939453125</ele>
        <time>2026-09-08T23:45:49.000Z</time>
        <extensions>
          <ns3:TrackPointExtension>
            <ns3:atemp>22.0</ns3:atemp>
            <ns3:hr>144</ns3:hr>
            <ns3:cad>87</ns3:cad>
          </ns3:TrackPointExtension>
        </extensions>
      </trkpt>
      <trkpt lat="39.9411876685917377471923828125" lon="116.376110874116420745849609375">
        <ele>52.200000762939453125</ele>
        <time>2026-09-08T23:45:50.000Z</time>
        <extensions>
          <ns3:TrackPointExtension>
            <ns3:atemp>22.0</ns3:atemp>
            <ns3:hr>145</ns3:hr>
            <ns3:cad>87</ns3:cad>
          </ns3:TrackPointExtension>
        </extensions>
      </trkpt>
      <trkpt lat="39.9411779455840587615966796875" lon="116.376137025654315948486328125">
        <ele>52.200000762939453125</ele>
        <time>2026-09-08T23:45:51.000Z</time>
        <extensions>
          <ns3:TrackPointExtension>
            <ns3:atemp>22.0</ns3:atemp>
            <ns3:hr>144</ns3:hr>
            <ns3:cad>87</ns3:cad>
          </ns3:TrackPointExtension>
        </extensions>
      </trkpt>
      <trkpt lat="39.94117249734699726104736328125" lon="116.37616074644029140472412109375">
        <ele>52.200000762939453125</ele>
        <time>2026-09-08T23:45:52.000Z</time>
        <extensions>
          <ns3:TrackPointExtension>
            <ns3:atemp>22.0</ns3:atemp>
            <ns3:hr>144</ns3:hr>
            <ns3:cad>88</ns3:cad>
          </ns3:TrackPointExtension>
        </extensions>
      </trkpt>
      <trkpt lat="39.94116025976836681365966796875" lon="116.3761881552636623382568359375">
        <ele>52.200000762939453125</ele>
        <time>2026-09-08T23:45:53.000Z</time>
        <extensions>
          <ns3:TrackPointExtension>
            <ns3:atemp>22.0</ns3:atemp>
            <ns3:hr>145</ns3:hr>
            <ns3:cad>88</ns3:cad>
          </ns3:TrackPointExtension>
        </extensions>
      </trkpt>
      <trkpt lat="39.9411497823894023895263671875" lon="116.37621606700122356414794921875">
        <ele>52.200000762939453125</ele>
        <time>2026-09-08T23:45:54.000Z</time>
        <extensions>
          <ns3:TrackPointExtension>
            <ns3:atemp>22.0</ns3:atemp>
            <ns3:hr>145</ns3:hr>
            <ns3:cad>87</ns3:cad>
          </ns3:TrackPointExtension>
        </extensions>
      </trkpt>
      <trkpt lat="39.941140897572040557861328125" lon="116.37623987160623073577880859375">
        <ele>52.200000762939453125</ele>
        <time>2026-09-08T23:45:55.000Z</time>
        <extensions>
          <ns3:TrackPointExtension>
            <ns3:atemp>22.0</ns3:atemp>
            <ns3:hr>145</ns3:hr>
            <ns3:cad>87</ns3:cad>
          </ns3:TrackPointExtension>
        </extensions>
      </trkpt>
      <trkpt lat="39.94113042019307613372802734375" lon="116.37626183219254016876220703125">
        <ele>52.200000762939453125</ele>
        <time>2026-09-08T23:45:56.000Z</time>
        <extensions>
          <ns3:TrackPointExtension>
            <ns3:atemp>22.0</ns3:atemp>
            <ns3:hr>145</ns3:hr>
            <ns3:cad>87</ns3:cad>
          </ns3:TrackPointExtension>
        </extensions>
      </trkpt>
      <trkpt lat="39.94111952371895313262939453125" lon="116.3762897439301013946533203125">
        <ele>52.200000762939453125</ele>
        <time>2026-09-08T23:45:57.000Z</time>
        <extensions>
          <ns3:TrackPointExtension>
            <ns3:atemp>22.0</ns3:atemp>
            <ns3:hr>146</ns3:hr>
            <ns3:cad>87</ns3:cad>
          </ns3:TrackPointExtension>
        </extensions>
      </trkpt>
      <trkpt lat="39.9411092139780521392822265625" lon="116.3763192482292652130126953125">
        <ele>52.200000762939453125</ele>
        <time>2026-09-08T23:45:58.000Z</time>
        <extensions>
          <ns3:TrackPointExtension>
            <ns3:atemp>22.0</ns3:atemp>
            <ns3:hr>146</ns3:hr>
            <ns3:cad>87</ns3:cad>
          </ns3:TrackPointExtension>
        </extensions>
      </trkpt>
      <trkpt lat="39.941102676093578338623046875" lon="116.3763470761477947235107421875">
        <ele>52.200000762939453125</ele>
        <time>2026-09-08T23:45:59.000Z</time>
        <extensions>
          <ns3:TrackPointExtension>
            <ns3:atemp>22.0</ns3:atemp>
            <ns3:hr>146</ns3:hr>
            <ns3:cad>87</ns3:cad>
          </ns3:TrackPointExtension>
        </extensions>
      </trkpt>
      <trkpt lat="39.94109622202813625335693359375" lon="116.376379095017910003662109375">
        <ele>52.200000762939453125</ele>
        <time>2026-09-08T23:46:00.000Z</time>
        <extensions>
          <ns3:TrackPointExtension>
            <ns3:atemp>22.0</ns3:atemp>
            <ns3:hr>146</ns3:hr>
            <ns3:cad>87</ns3:cad>
          </ns3:TrackPointExtension>
        </extensions>
      </trkpt>
      <trkpt lat="39.94108918122947216033935546875" lon="116.3764037378132343292236328125">
        <ele>52.200000762939453125</ele>
        <time>2026-09-08T23:46:01.000Z</time>
        <extensions>
          <ns3:TrackPointExtension>
            <ns3:atemp>22.0</ns3:atemp>
            <ns3:hr>146</ns3:hr>
            <ns3:cad>87</ns3:cad>
          </ns3:TrackPointExtension>
        </extensions>
      </trkpt>
      <trkpt lat="39.941079877316951751708984375" lon="116.376436762511730194091796875">
        <ele>52.40000152587890625</ele>
        <time>2026-09-08T23:46:02.000Z</time>
        <extensions>
          <ns3:TrackPointExtension>
            <ns3:atemp>22.0</ns3:atemp>
            <ns3:hr>147</ns3:hr>
            <ns3:cad>87</ns3:cad>
          </ns3:TrackPointExtension>
        </extensions>
      </trkpt>
      <trkpt lat="39.94107141159474849700927734375" lon="116.376463584601879119873046875">
        <ele>52.40000152587890625</ele>
        <time>2026-09-08T23:46:03.000Z</time>
        <extensions>
          <ns3:TrackPointExtension>
            <ns3:atemp>22.0</ns3:atemp>
            <ns3:hr>147</ns3:hr>
            <ns3:cad>87</ns3:cad>
          </ns3:TrackPointExtension>
        </extensions>
      </trkpt>
      <trkpt lat="39.94106336496770381927490234375" lon="116.3764907419681549072265625">
        <ele>52.40000152587890625</ele>
        <time>2026-09-08T23:46:04.000Z</time>
        <extensions>
          <ns3:TrackPointExtension>
            <ns3:atemp>22.0</ns3:atemp>
            <ns3:hr>147</ns3:hr>
            <ns3:cad>87</ns3:cad>
          </ns3:TrackPointExtension>
        </extensions>
      </trkpt>
      <trkpt lat="39.9410565756261348724365234375" lon="116.3765163905918598175048828125">
        <ele>52.40000152587890625</ele>
        <time>2026-09-08T23:46:05.000Z</time>
        <extensions>
          <ns3:TrackPointExtension>
            <ns3:atemp>22.0</ns3:atemp>
            <ns3:hr>146</ns3:hr>
            <ns3:cad>88</ns3:cad>
          </ns3:TrackPointExtension>
        </extensions>
      </trkpt>
      <trkpt lat="39.941048361361026763916015625" lon="116.3765442185103893280029296875">
        <ele>52.40000152587890625</ele>
        <time>2026-09-08T23:46:06.000Z</time>
        <extensions>
          <ns3:TrackPointExtension>
            <ns3:atemp>22.0</ns3:atemp>
            <ns3:hr>147</ns3:hr>
            <ns3:cad>88</ns3:cad>
          </ns3:TrackPointExtension>
        </extensions>
      </trkpt>
      <trkpt lat="39.94104006327688694000244140625" lon="116.37657196260988712310791015625">
        <ele>52.40000152587890625</ele>
        <time>2026-09-08T23:46:07.000Z</time>
        <extensions>
          <ns3:TrackPointExtension>
            <ns3:atemp>22.0</ns3:atemp>
            <ns3:hr>147</ns3:hr>
            <ns3:cad>88</ns3:cad>
          </ns3:TrackPointExtension>
        </extensions>
      </trkpt>
      <trkpt lat="39.9410334415733814239501953125" lon="116.3766045682132244110107421875">
        <ele>52.40000152587890625</ele>
        <time>2026-09-08T23:46:08.000Z</time>
        <extensions>
          <ns3:TrackPointExtension>
            <ns3:atemp>22.0</ns3:atemp>
            <ns3:hr>147</ns3:hr>
            <ns3:cad>88</ns3:cad>
          </ns3:TrackPointExtension>
        </extensions>
      </trkpt>
      <trkpt lat="39.94102346710860729217529296875" lon="116.37663784436881542205810546875">
        <ele>52.40000152587890625</ele>
        <time>2026-09-08T23:46:09.000Z</time>
        <extensions>
          <ns3:TrackPointExtension>
            <ns3:atemp>22.0</ns3:atemp>
            <ns3:hr>147</ns3:hr>
            <ns3:cad>88</ns3:cad>
          </ns3:TrackPointExtension>
        </extensions>
      </trkpt>
      <trkpt lat="39.94101542048156261444091796875" lon="116.37666902504861354827880859375">
        <ele>52.40000152587890625</ele>
        <time>2026-09-08T23:46:10.000Z</time>
        <extensions>
          <ns3:TrackPointExtension>
            <ns3:atemp>22.0</ns3:atemp>
            <ns3:hr>146</ns3:hr>
            <ns3:cad>88</ns3:cad>
          </ns3:TrackPointExtension>
        </extensions>
      </trkpt>
      <trkpt lat="39.94100787676870822906494140625" lon="116.37670188210904598236083984375">
        <ele>52.40000152587890625</ele>
        <time>2026-09-08T23:46:11.000Z</time>
        <extensions>
          <ns3:TrackPointExtension>
            <ns3:atemp>22.0</ns3:atemp>
            <ns3:hr>146</ns3:hr>
            <ns3:cad>88</ns3:cad>
          </ns3:TrackPointExtension>
        </extensions>
      </trkpt>
      <trkpt lat="39.9409957230091094970703125" lon="116.376733146607875823974609375">
        <ele>52.40000152587890625</ele>
        <time>2026-09-08T23:46:12.000Z</time>
        <extensions>
          <ns3:TrackPointExtension>
            <ns3:atemp>22.0</ns3:atemp>
            <ns3:hr>146</ns3:hr>
            <ns3:cad>88</ns3:cad>
          </ns3:TrackPointExtension>
        </extensions>
      </trkpt>
      <trkpt lat="39.940986000001430511474609375" lon="116.37675820849835872650146484375">
        <ele>52.40000152587890625</ele>
        <time>2026-09-08T23:46:13.000Z</time>
        <extensions>
          <ns3:TrackPointExtension>
            <ns3:atemp>22.0</ns3:atemp>
            <ns3:hr>145</ns3:hr>
            <ns3:cad>88</ns3:cad>
          </ns3:TrackPointExtension>
        </extensions>
      </trkpt>
      <trkpt lat="39.94097602553665637969970703125" lon="116.37677933089435100555419921875">
        <ele>52.40000152587890625</ele>
        <time>2026-09-08T23:46:14.000Z</time>
        <extensions>
          <ns3:TrackPointExtension>
            <ns3:atemp>22.0</ns3:atemp>
            <ns3:hr>145</ns3:hr>
            <ns3:cad>88</ns3:cad>
          </ns3:TrackPointExtension>
        </extensions>
      </trkpt>
      <trkpt lat="39.94096764363348484039306640625" lon="116.37680581770837306976318359375">
        <ele>52.40000152587890625</ele>
        <time>2026-09-08T23:46:15.000Z</time>
        <extensions>
          <ns3:TrackPointExtension>
            <ns3:atemp>22.0</ns3:atemp>
            <ns3:hr>145</ns3:hr>
            <ns3:cad>88</ns3:cad>
          </ns3:TrackPointExtension>
        </extensions>
      </trkpt>
      <trkpt lat="39.94096152484416961669921875" lon="116.376835070550441741943359375">
        <ele>52.40000152587890625</ele>
        <time>2026-09-08T23:46:16.000Z</time>
        <extensions>
          <ns3:TrackPointExtension>
            <ns3:atemp>22.0</ns3:atemp>
            <ns3:hr>145</ns3:hr>
            <ns3:cad>88</ns3:cad>
          </ns3:TrackPointExtension>
        </extensions>
      </trkpt>
      <trkpt lat="39.94095616042613983154296875" lon="116.37686549685895442962646484375">
        <ele>52.40000152587890625</ele>
        <time>2026-09-08T23:46:17.000Z</time>
        <extensions>
          <ns3:TrackPointExtension>
            <ns3:atemp>22.0</ns3:atemp>
            <ns3:hr>145</ns3:hr>
            <ns3:cad>87</ns3:cad>
          </ns3:TrackPointExtension>
        </extensions>
      </trkpt>
      <trkpt lat="39.94095238856971263885498046875" lon="116.3768939115107059478759765625">
        <ele>52.59999847412109375</ele>
        <time>2026-09-08T23:46:18.000Z</time>
        <extensions>
          <ns3:TrackPointExtension>
            <ns3:atemp>22.0</ns3:atemp>
            <ns3:hr>145</ns3:hr>
            <ns3:cad>87</ns3:cad>
          </ns3:TrackPointExtension>
        </extensions>
      </trkpt>
      <trkpt lat="39.94094752706587314605712890625" lon="116.3769197277724742889404296875">
        <ele>52.59999847412109375</ele>
        <time>2026-09-08T23:46:19.000Z</time>
        <extensions>
          <ns3:TrackPointExtension>
            <ns3:atemp>22.0</ns3:atemp>
            <ns3:hr>145</ns3:hr>
            <ns3:cad>87</ns3:cad>
          </ns3:TrackPointExtension>
        </extensions>
      </trkpt>
      <trkpt lat="39.940943419933319091796875" lon="116.37694680131971836090087890625">
        <ele>52.40000152587890625</ele>
        <time>2026-09-08T23:46:20.000Z</time>
        <extensions>
          <ns3:TrackPointExtension>
            <ns3:atemp>22.0</ns3:atemp>
            <ns3:hr>145</ns3:hr>
            <ns3:cad>87</ns3:cad>
          </ns3:TrackPointExtension>
        </extensions>
      </trkpt>
      <trkpt lat="39.9409355409443378448486328125" lon="116.37697756290435791015625">
        <ele>52.40000152587890625</ele>
        <time>2026-09-08T23:46:21.000Z</time>
        <extensions>
          <ns3:TrackPointExtension>
            <ns3:atemp>22.0</ns3:atemp>
            <ns3:hr>146</ns3:hr>
            <ns3:cad>88</ns3:cad>
          </ns3:TrackPointExtension>
        </extensions>
      </trkpt>
      <trkpt lat="39.94092875160276889801025390625" lon="116.37700664810836315155029296875">
        <ele>52.40000152587890625</ele>
        <time>2026-09-08T23:46:22.000Z</time>
        <extensions>
          <ns3:TrackPointExtension>
            <ns3:atemp>22.0</ns3:atemp>
            <ns3:hr>145</ns3:hr>
            <ns3:cad>89</ns3:cad>
          </ns3:TrackPointExtension>
        </extensions>
      </trkpt>
      <trkpt lat="39.94092154316604137420654296875" lon="116.3770333863794803619384765625">
        <ele>52.200000762939453125</ele>
        <time>2026-09-08T23:46:23.000Z</time>
        <extensions>
          <ns3:TrackPointExtension>
            <ns3:atemp>22.0</ns3:atemp>
            <ns3:hr>145</ns3:hr>
            <ns3:cad>89</ns3:cad>
          </ns3:TrackPointExtension>
        </extensions>
      </trkpt>
      <trkpt lat="39.94091433472931385040283203125" lon="116.3770612142980098724365234375">
        <ele>52.200000762939453125</ele>
        <time>2026-09-08T23:46:24.000Z</time>
        <extensions>
          <ns3:TrackPointExtension>
            <ns3:atemp>22.0</ns3:atemp>
            <ns3:hr>146</ns3:hr>
            <ns3:cad>89</ns3:cad>
          </ns3:TrackPointExtension>
        </extensions>
      </trkpt>
      <trkpt lat="39.94090410880744457244873046875" lon="116.37709029950201511383056640625">
        <ele>52.200000762939453125</ele>
        <time>2026-09-08T23:46:25.000Z</time>
        <extensions>
          <ns3:TrackPointExtension>
            <ns3:atemp>22.0</ns3:atemp>
            <ns3:hr>145</ns3:hr>
            <ns3:cad>88</ns3:cad>
          </ns3:TrackPointExtension>
        </extensions>
      </trkpt>
      <trkpt lat="39.94089606218039989471435546875" lon="116.37712080962955951690673828125">
        <ele>52.200000762939453125</ele>
        <time>2026-09-08T23:46:26.000Z</time>
        <extensions>
          <ns3:TrackPointExtension>
            <ns3:atemp>22.0</ns3:atemp>
            <ns3:hr>145</ns3:hr>
            <ns3:cad>89</ns3:cad>
          </ns3:TrackPointExtension>
        </extensions>
      </trkpt>
      <trkpt lat="39.94088667444884777069091796875" lon="116.37715601362287998199462890625">
        <ele>52.200000762939453125</ele>
        <time>2026-09-08T23:46:27.000Z</time>
        <extensions>
          <ns3:TrackPointExtension>
            <ns3:atemp>22.0</ns3:atemp>
            <ns3:hr>146</ns3:hr>
            <ns3:cad>88</ns3:cad>
          </ns3:TrackPointExtension>
        </extensions>
      </trkpt>
      <trkpt lat="39.94087569415569305419921875" lon="116.37718467973172664642333984375">
        <ele>52.200000762939453125</ele>
        <time>2026-09-08T23:46:28.000Z</time>
        <extensions>
          <ns3:TrackPointExtension>
            <ns3:atemp>22.0</ns3:atemp>
            <ns3:hr>145</ns3:hr>
            <ns3:cad>87</ns3:cad>
          </ns3:TrackPointExtension>
        </extensions>
      </trkpt>
      <trkpt lat="39.94086605496704578399658203125" lon="116.37720043770968914031982421875">
        <ele>52.200000762939453125</ele>
        <time>2026-09-08T23:46:29.000Z</time>
        <extensions>
          <ns3:TrackPointExtension>
            <ns3:atemp>22.0</ns3:atemp>
            <ns3:hr>145</ns3:hr>
            <ns3:cad>87</ns3:cad>
          </ns3:TrackPointExtension>
        </extensions>
      </trkpt>
      <trkpt lat="39.94086085818707942962646484375" lon="116.37723170220851898193359375">
        <ele>52.200000762939453125</ele>
        <time>2026-09-08T23:46:30.000Z</time>
        <extensions>
          <ns3:TrackPointExtension>
            <ns3:atemp>22.0</ns3:atemp>
            <ns3:hr>144</ns3:hr>
            <ns3:cad>88</ns3:cad>
          </ns3:TrackPointExtension>
        </extensions>
      </trkpt>
      <trkpt lat="39.94085348211228847503662109375" lon="116.37725592590868473052978515625">
        <ele>52.200000762939453125</ele>
        <time>2026-09-08T23:46:31.000Z</time>
        <extensions>
          <ns3:TrackPointExtension>
            <ns3:atemp>22.0</ns3:atemp>
            <ns3:hr>144</ns3:hr>
            <ns3:cad>87</ns3:cad>
          </ns3:TrackPointExtension>
        </extensions>
      </trkpt>
      <trkpt lat="39.94084660895168781280517578125" lon="116.37728174217045307159423828125">
        <ele>52.200000762939453125</ele>
        <time>2026-09-08T23:46:32.000Z</time>
        <extensions>
          <ns3:TrackPointExtension>
            <ns3:atemp>22.0</ns3:atemp>
            <ns3:hr>144</ns3:hr>
            <ns3:cad>87</ns3:cad>
          </ns3:TrackPointExtension>
        </extensions>
      </trkpt>
      <trkpt lat="39.9408406578004360198974609375" lon="116.37731275521218776702880859375">
        <ele>52.200000762939453125</ele>
        <time>2026-09-08T23:46:33.000Z</time>
        <extensions>
          <ns3:TrackPointExtension>
            <ns3:atemp>22.0</ns3:atemp>
            <ns3:hr>144</ns3:hr>
            <ns3:cad>87</ns3:cad>
          </ns3:TrackPointExtension>
        </extensions>
      </trkpt>
      <trkpt lat="39.94083252735435962677001953125" lon="116.3773545809090137481689453125">
        <ele>52.200000762939453125</ele>
        <time>2026-09-08T23:46:34.000Z</time>
        <extensions>
          <ns3:TrackPointExtension>
            <ns3:atemp>22.0</ns3:atemp>
            <ns3:hr>144</ns3:hr>
            <ns3:cad>87</ns3:cad>
          </ns3:TrackPointExtension>
        </extensions>
      </trkpt>
      <trkpt lat="39.94082917459309101104736328125" lon="116.37738349847495555877685546875">
        <ele>52</ele>
        <time>2026-09-08T23:46:35.000Z</time>
        <extensions>
          <ns3:TrackPointExtension>
            <ns3:atemp>22.0</ns3:atemp>
            <ns3:hr>143</ns3:hr>
            <ns3:cad>87</ns3:cad>
          </ns3:TrackPointExtension>
        </extensions>
      </trkpt>
      <trkpt lat="39.94082297198474407196044921875" lon="116.3774214684963226318359375">
        <ele>52</ele>
        <time>2026-09-08T23:46:36.000Z</time>
        <extensions>
          <ns3:TrackPointExtension>
            <ns3:atemp>22.0</ns3:atemp>
            <ns3:hr>143</ns3:hr>
            <ns3:cad>88</ns3:cad>
          </ns3:TrackPointExtension>
        </extensions>
      </trkpt>
      <trkpt lat="39.9408202059566974639892578125" lon="116.3774511404335498809814453125">
        <ele>52</ele>
        <time>2026-09-08T23:46:37.000Z</time>
        <extensions>
          <ns3:TrackPointExtension>
            <ns3:atemp>22.0</ns3:atemp>
            <ns3:hr>143</ns3:hr>
            <ns3:cad>88</ns3:cad>
          </ns3:TrackPointExtension>
        </extensions>
      </trkpt>
      <trkpt lat="39.94082967750728130340576171875" lon="116.3774782977998256683349609375">
        <ele>52.200000762939453125</ele>
        <time>2026-09-08T23:46:38.000Z</time>
        <extensions>
          <ns3:TrackPointExtension>
            <ns3:atemp>22.0</ns3:atemp>
            <ns3:hr>143</ns3:hr>
            <ns3:cad>87</ns3:cad>
          </ns3:TrackPointExtension>
        </extensions>
      </trkpt>
      <trkpt lat="39.940849877893924713134765625" lon="116.37750285677611827850341796875">
        <ele>52.200000762939453125</ele>
        <time>2026-09-08T23:46:39.000Z</time>
        <extensions>
          <ns3:TrackPointExtension>
            <ns3:atemp>22.0</ns3:atemp>
            <ns3:hr>143</ns3:hr>
            <ns3:cad>87</ns3:cad>
          </ns3:TrackPointExtension>
        </extensions>
      </trkpt>
      <trkpt lat="39.940854571759700775146484375" lon="116.37751475907862186431884765625">
        <ele>52.200000762939453125</ele>
        <time>2026-09-08T23:46:40.000Z</time>
        <extensions>
          <ns3:TrackPointExtension>
            <ns3:atemp>22.0</ns3:atemp>
            <ns3:hr>143</ns3:hr>
            <ns3:cad>87</ns3:cad>
          </ns3:TrackPointExtension>
        </extensions>
      </trkpt>
      <trkpt lat="39.9408664740622043609619140625" lon="116.37753236107528209686279296875">
        <ele>52</ele>
        <time>2026-09-08T23:46:41.000Z</time>
        <extensions>
          <ns3:TrackPointExtension>
            <ns3:atemp>22.0</ns3:atemp>
            <ns3:hr>144</ns3:hr>
            <ns3:cad>87</ns3:cad>
          </ns3:TrackPointExtension>
        </extensions>
      </trkpt>
      <trkpt lat="39.9408731795847415924072265625" lon="116.37756169773638248443603515625">
        <ele>51.799999237060546875</ele>
        <time>2026-09-08T23:46:42.000Z</time>
        <extensions>
          <ns3:TrackPointExtension>
            <ns3:atemp>22.0</ns3:atemp>
            <ns3:hr>143</ns3:hr>
            <ns3:cad>87</ns3:cad>
          </ns3:TrackPointExtension>
        </extensions>
      </trkpt>
      <trkpt lat="39.9408710002899169921875" lon="116.3775875978171825408935546875">
        <ele>51.59999847412109375</ele>
        <time>2026-09-08T23:46:43.000Z</time>
        <extensions>
          <ns3:TrackPointExtension>
            <ns3:atemp>22.0</ns3:atemp>
            <ns3:hr>143</ns3:hr>
            <ns3:cad>86</ns3:cad>
          </ns3:TrackPointExtension>
        </extensions>
      </trkpt>
      <trkpt lat="39.94085499085485935211181640625" lon="116.3776181079447269439697265625">
        <ele>51.40000152587890625</ele>
        <time>2026-09-08T23:46:44.000Z</time>
        <extensions>
          <ns3:TrackPointExtension>
            <ns3:atemp>22.0</ns3:atemp>
            <ns3:hr>143</ns3:hr>
            <ns3:cad>85</ns3:cad>
          </ns3:TrackPointExtension>
        </extensions>
      </trkpt>
      <trkpt lat="39.94084744714200496673583984375" lon="116.3776362128555774688720703125">
        <ele>51.200000762939453125</ele>
        <time>2026-09-08T23:46:45.000Z</time>
        <extensions>
          <ns3:TrackPointExtension>
            <ns3:atemp>22.0</ns3:atemp>
            <ns3:hr>144</ns3:hr>
            <ns3:cad>85</ns3:cad>
          </ns3:TrackPointExtension>
        </extensions>
      </trkpt>
      <trkpt lat="39.94083336554467678070068359375" lon="116.37766831554472446441650390625">
        <ele>51.200000762939453125</ele>
        <time>2026-09-08T23:46:46.000Z</time>
        <extensions>
          <ns3:TrackPointExtension>
            <ns3:atemp>22.0</ns3:atemp>
            <ns3:hr>144</ns3:hr>
            <ns3:cad>85</ns3:cad>
          </ns3:TrackPointExtension>
        </extensions>
      </trkpt>
      <trkpt lat="39.94082766585052013397216796875" lon="116.37769312597811222076416015625">
        <ele>51.200000762939453125</ele>
        <time>2026-09-08T23:46:47.000Z</time>
        <extensions>
          <ns3:TrackPointExtension>
            <ns3:atemp>22.0</ns3:atemp>
            <ns3:hr>144</ns3:hr>
            <ns3:cad>85</ns3:cad>
          </ns3:TrackPointExtension>
        </extensions>
      </trkpt>
      <trkpt lat="39.94082179851830005645751953125" lon="116.37772246263921260833740234375">
        <ele>51</ele>
        <time>2026-09-08T23:46:48.000Z</time>
        <extensions>
          <ns3:TrackPointExtension>
            <ns3:atemp>22.0</ns3:atemp>
            <ns3:hr>144</ns3:hr>
            <ns3:cad>86</ns3:cad>
          </ns3:TrackPointExtension>
        </extensions>
      </trkpt>
      <trkpt lat="39.940817691385746002197265625" lon="116.3777481950819492340087890625">
        <ele>51</ele>
        <time>2026-09-08T23:46:49.000Z</time>
        <extensions>
          <ns3:TrackPointExtension>
            <ns3:atemp>22.0</ns3:atemp>
            <ns3:hr>144</ns3:hr>
            <ns3:cad>86</ns3:cad>
          </ns3:TrackPointExtension>
        </extensions>
      </trkpt>
      <trkpt lat="39.94080620817840099334716796875" lon="116.37777174822986125946044921875">
        <ele>51.200000762939453125</ele>
        <time>2026-09-08T23:46:50.000Z</time>
        <extensions>
          <ns3:TrackPointExtension>
            <ns3:atemp>22.0</ns3:atemp>
            <ns3:hr>144</ns3:hr>
            <ns3:cad>87</ns3:cad>
          </ns3:TrackPointExtension>
        </extensions>
      </trkpt>
      <trkpt lat="39.9407984130084514617919921875" lon="116.37779823504388332366943359375">
        <ele>51.200000762939453125</ele>
        <time>2026-09-08T23:46:51.000Z</time>
        <extensions>
          <ns3:TrackPointExtension>
            <ns3:atemp>22.0</ns3:atemp>
            <ns3:hr>144</ns3:hr>
            <ns3:cad>87</ns3:cad>
          </ns3:TrackPointExtension>
        </extensions>
      </trkpt>
      <trkpt lat="39.94079916737973690032958984375" lon="116.37781600467860698699951171875">
        <ele>51.200000762939453125</ele>
        <time>2026-09-08T23:46:52.000Z</time>
        <extensions>
          <ns3:TrackPointExtension>
            <ns3:atemp>22.0</ns3:atemp>
            <ns3:hr>144</ns3:hr>
            <ns3:cad>87</ns3:cad>
          </ns3:TrackPointExtension>
        </extensions>
      </trkpt>
      <trkpt lat="39.94078986346721649169921875" lon="116.3778471015393733978271484375">
        <ele>51.200000762939453125</ele>
        <time>2026-09-08T23:46:53.000Z</time>
        <extensions>
          <ns3:TrackPointExtension>
            <ns3:atemp>22.0</ns3:atemp>
            <ns3:hr>143</ns3:hr>
            <ns3:cad>87</ns3:cad>
          </ns3:TrackPointExtension>
        </extensions>
      </trkpt>
      <trkpt lat="39.9407843314111232757568359375" lon="116.37786830775439739227294921875">
        <ele>51.200000762939453125</ele>
        <time>2026-09-08T23:46:54.000Z</time>
        <extensions>
          <ns3:TrackPointExtension>
            <ns3:atemp>22.0</ns3:atemp>
            <ns3:hr>144</ns3:hr>
            <ns3:cad>87</ns3:cad>
          </ns3:TrackPointExtension>
        </extensions>
      </trkpt>
      <trkpt lat="39.94077653624117374420166015625" lon="116.3779004104435443878173828125">
        <ele>51.200000762939453125</ele>
        <time>2026-09-08T23:46:55.000Z</time>
        <extensions>
          <ns3:TrackPointExtension>
            <ns3:atemp>22.0</ns3:atemp>
            <ns3:hr>144</ns3:hr>
            <ns3:cad>87</ns3:cad>
          </ns3:TrackPointExtension>
        </extensions>
      </trkpt>
      <trkpt lat="39.9407692439854145050048828125" lon="116.3779309205710887908935546875">
        <ele>51.200000762939453125</ele>
        <time>2026-09-08T23:46:56.000Z</time>
        <extensions>
          <ns3:TrackPointExtension>
            <ns3:atemp>22.0</ns3:atemp>
            <ns3:hr>144</ns3:hr>
            <ns3:cad>83</ns3:cad>
          </ns3:TrackPointExtension>
        </extensions>
      </trkpt>
      <trkpt lat="39.9407632090151309967041015625" lon="116.377961598336696624755859375">
        <ele>51</ele>
        <time>2026-09-08T23:46:57.000Z</time>
        <extensions>
          <ns3:TrackPointExtension>
            <ns3:atemp>22.0</ns3:atemp>
            <ns3:hr>144</ns3:hr>
            <ns3:cad>83</ns3:cad>
          </ns3:TrackPointExtension>
        </extensions>
      </trkpt>
      <trkpt lat="39.94075273163616657257080078125" lon="116.3779936172068119049072265625">
        <ele>51</ele>
        <time>2026-09-08T23:46:58.000Z</time>
        <extensions>
          <ns3:TrackPointExtension>
            <ns3:atemp>22.0</ns3:atemp>
            <ns3:hr>144</ns3:hr>
            <ns3:cad>83</ns3:cad>
          </ns3:TrackPointExtension>
        </extensions>
      </trkpt>
      <trkpt lat="39.94074770249426364898681640625" lon="116.37802538461983203887939453125">
        <ele>51</ele>
        <time>2026-09-08T23:46:59.000Z</time>
        <extensions>
          <ns3:TrackPointExtension>
            <ns3:atemp>22.0</ns3:atemp>
            <ns3:hr>144</ns3:hr>
            <ns3:cad>85</ns3:cad>
          </ns3:TrackPointExtension>
        </extensions>
      </trkpt>
      <trkpt lat="39.940735213458538055419921875" lon="116.37806226499378681182861328125">
        <ele>51</ele>
        <time>2026-09-08T23:47:00.000Z</time>
        <extensions>
          <ns3:TrackPointExtension>
            <ns3:atemp>22.0</ns3:atemp>
            <ns3:hr>144</ns3:hr>
            <ns3:cad>85</ns3:cad>
          </ns3:TrackPointExtension>
        </extensions>
      </trkpt>
      <trkpt lat="39.9407256580889225006103515625" lon="116.3780901767313480377197265625">
        <ele>51</ele>
        <time>2026-09-08T23:47:01.000Z</time>
        <extensions>
          <ns3:TrackPointExtension>
            <ns3:atemp>22.0</ns3:atemp>
            <ns3:hr>144</ns3:hr>
            <ns3:cad>87</ns3:cad>
          </ns3:TrackPointExtension>
        </extensions>
      </trkpt>
      <trkpt lat="39.9407105706632137298583984375" lon="116.37812529690563678741455078125">
        <ele>51</ele>
        <time>2026-09-08T23:47:02.000Z</time>
        <extensions>
          <ns3:TrackPointExtension>
            <ns3:atemp>22.0</ns3:atemp>
            <ns3:hr>144</ns3:hr>
            <ns3:cad>87</ns3:cad>
          </ns3:TrackPointExtension>
        </extensions>
      </trkpt>
      <trkpt lat="39.9407095648348331451416015625" lon="116.37814641930162906646728515625">
        <ele>51</ele>
        <time>2026-09-08T23:47:03.000Z</time>
        <extensions>
          <ns3:TrackPointExtension>
            <ns3:atemp>22.0</ns3:atemp>
            <ns3:hr>143</ns3:hr>
            <ns3:cad>88</ns3:cad>
          </ns3:TrackPointExtension>
        </extensions>
      </trkpt>
      <trkpt lat="39.94070076383650302886962890625" lon="116.3781805336475372314453125">
        <ele>51</ele>
        <time>2026-09-08T23:47:04.000Z</time>
        <extensions>
          <ns3:TrackPointExtension>
            <ns3:atemp>22.0</ns3:atemp>
            <ns3:hr>143</ns3:hr>
            <ns3:cad>88</ns3:cad>
          </ns3:TrackPointExtension>
        </extensions>
      </trkpt>
      <trkpt lat="39.9406968243420124053955078125" lon="116.37821028940379619598388671875">
        <ele>51</ele>
        <time>2026-09-08T23:47:05.000Z</time>
        <extensions>
          <ns3:TrackPointExtension>
            <ns3:atemp>22.0</ns3:atemp>
            <ns3:hr>143</ns3:hr>
            <ns3:cad>88</ns3:cad>
          </ns3:TrackPointExtension>
        </extensions>
      </trkpt>
      <trkpt lat="39.94068969972431659698486328125" lon="116.3782413862645626068115234375">
        <ele>51</ele>
        <time>2026-09-08T23:47:06.000Z</time>
        <extensions>
          <ns3:TrackPointExtension>
            <ns3:atemp>22.0</ns3:atemp>
            <ns3:hr>142</ns3:hr>
            <ns3:cad>87</ns3:cad>
          </ns3:TrackPointExtension>
        </extensions>
      </trkpt>
      <trkpt lat="39.94068282656371593475341796875" lon="116.378268040716648101806640625">
        <ele>51</ele>
        <time>2026-09-08T23:47:07.000Z</time>
        <extensions>
          <ns3:TrackPointExtension>
            <ns3:atemp>22.0</ns3:atemp>
            <ns3:hr>142</ns3:hr>
            <ns3:cad>87</ns3:cad>
          </ns3:TrackPointExtension>
        </extensions>
      </trkpt>
      <trkpt lat="39.94067578576505184173583984375" lon="116.378298886120319366455078125">
        <ele>51.200000762939453125</ele>
        <time>2026-09-08T23:47:08.000Z</time>
        <extensions>
          <ns3:TrackPointExtension>
            <ns3:atemp>22.0</ns3:atemp>
            <ns3:hr>141</ns3:hr>
            <ns3:cad>87</ns3:cad>
          </ns3:TrackPointExtension>
        </extensions>
      </trkpt>
      <trkpt lat="39.94066840969026088714599609375" lon="116.378328390419483184814453125">
        <ele>51</ele>
        <time>2026-09-08T23:47:09.000Z</time>
        <extensions>
          <ns3:TrackPointExtension>
            <ns3:atemp>22.0</ns3:atemp>
            <ns3:hr>141</ns3:hr>
            <ns3:cad>87</ns3:cad>
          </ns3:TrackPointExtension>
        </extensions>
      </trkpt>
      <trkpt lat="39.94066740386188030242919921875" lon="116.37835093773901462554931640625">
        <ele>51</ele>
        <time>2026-09-08T23:47:10.000Z</time>
        <extensions>
          <ns3:TrackPointExtension>
            <ns3:atemp>22.0</ns3:atemp>
            <ns3:hr>141</ns3:hr>
            <ns3:cad>87</ns3:cad>
          </ns3:TrackPointExtension>
        </extensions>
      </trkpt>
      <trkpt lat="39.94065667502582073211669921875" lon="116.3783838786184787750244140625">
        <ele>51</ele>
        <time>2026-09-08T23:47:11.000Z</time>
        <extensions>
          <ns3:TrackPointExtension>
            <ns3:atemp>22.0</ns3:atemp>
            <ns3:hr>141</ns3:hr>
            <ns3:cad>87</ns3:cad>
          </ns3:TrackPointExtension>
        </extensions>
      </trkpt>
      <trkpt lat="39.94065198116004467010498046875" lon="116.37840961106121540069580078125">
        <ele>50.799999237060546875</ele>
        <time>2026-09-08T23:47:12.000Z</time>
        <extensions>
          <ns3:TrackPointExtension>
            <ns3:atemp>22.0</ns3:atemp>
            <ns3:hr>141</ns3:hr>
            <ns3:cad>87</ns3:cad>
          </ns3:TrackPointExtension>
        </extensions>
      </trkpt>
      <trkpt lat="39.940643347799777984619140625" lon="116.3784358464181423187255859375">
        <ele>50.799999237060546875</ele>
        <time>2026-09-08T23:47:13.000Z</time>
        <extensions>
          <ns3:TrackPointExtension>
            <ns3:atemp>22.0</ns3:atemp>
            <ns3:hr>142</ns3:hr>
            <ns3:cad>87</ns3:cad>
          </ns3:TrackPointExtension>
        </extensions>
      </trkpt>
      <trkpt lat="39.94063697755336761474609375" lon="116.37846342287957668304443359375">
        <ele>50.799999237060546875</ele>
        <time>2026-09-08T23:47:14.000Z</time>
        <extensions>
          <ns3:TrackPointExtension>
            <ns3:atemp>22.0</ns3:atemp>
            <ns3:hr>141</ns3:hr>
            <ns3:cad>87</ns3:cad>
          </ns3:TrackPointExtension>
        </extensions>
      </trkpt>
      <trkpt lat="39.94062314741313457489013671875" lon="116.37849477119743824005126953125">
        <ele>50.799999237060546875</ele>
        <time>2026-09-08T23:47:15.000Z</time>
        <extensions>
          <ns3:TrackPointExtension>
            <ns3:atemp>22.0</ns3:atemp>
            <ns3:hr>141</ns3:hr>
            <ns3:cad>87</ns3:cad>
          </ns3:TrackPointExtension>
        </extensions>
      </trkpt>
      <trkpt lat="39.94061744771897792816162109375" lon="116.3785176537930965423583984375">
        <ele>51</ele>
        <time>2026-09-08T23:47:16.000Z</time>
        <extensions>
          <ns3:TrackPointExtension>
            <ns3:atemp>22.0</ns3:atemp>
            <ns3:hr>142</ns3:hr>
            <ns3:cad>86</ns3:cad>
          </ns3:TrackPointExtension>
        </extensions>
      </trkpt>
      <trkpt lat="39.9406086467206478118896484375" lon="116.378547661006450653076171875">
        <ele>51</ele>
        <time>2026-09-08T23:47:17.000Z</time>
        <extensions>
          <ns3:TrackPointExtension>
            <ns3:atemp>22.0</ns3:atemp>
            <ns3:hr>142</ns3:hr>
            <ns3:cad>88</ns3:cad>
          </ns3:TrackPointExtension>
        </extensions>
      </trkpt>
      <trkpt lat="39.9406012706458568572998046875" lon="116.378574483096599578857421875">
        <ele>51</ele>
        <time>2026-09-08T23:47:18.000Z</time>
        <extensions>
          <ns3:TrackPointExtension>
            <ns3:atemp>22.0</ns3:atemp>
            <ns3:hr>143</ns3:hr>
            <ns3:cad>88</ns3:cad>
          </ns3:TrackPointExtension>
        </extensions>
      </trkpt>
      <trkpt lat="39.94059548713266849517822265625" lon="116.378598622977733612060546875">
        <ele>51</ele>
        <time>2026-09-08T23:47:19.000Z</time>
        <extensions>
          <ns3:TrackPointExtension>
            <ns3:atemp>22.0</ns3:atemp>
            <ns3:hr>144</ns3:hr>
            <ns3:cad>87</ns3:cad>
          </ns3:TrackPointExtension>
        </extensions>
      </trkpt>
      <trkpt lat="39.94058492593467235565185546875" lon="116.37862955220043659210205078125">
        <ele>51.200000762939453125</ele>
        <time>2026-09-08T23:47:20.000Z</time>
        <extensions>
          <ns3:TrackPointExtension>
            <ns3:atemp>22.0</ns3:atemp>
            <ns3:hr>145</ns3:hr>
            <ns3:cad>87</ns3:cad>
          </ns3:TrackPointExtension>
        </extensions>
      </trkpt>
      <trkpt lat="39.9405798129737377166748046875" lon="116.37865327298641204833984375">
        <ele>51.200000762939453125</ele>
        <time>2026-09-08T23:47:21.000Z</time>
        <extensions>
          <ns3:TrackPointExtension>
            <ns3:atemp>22.0</ns3:atemp>
            <ns3:hr>145</ns3:hr>
            <ns3:cad>87</ns3:cad>
          </ns3:TrackPointExtension>
        </extensions>
      </trkpt>
      <trkpt lat="39.94056950323283672332763671875" lon="116.37868403457105159759521484375">
        <ele>51.200000762939453125</ele>
        <time>2026-09-08T23:47:22.000Z</time>
        <extensions>
          <ns3:TrackPointExtension>
            <ns3:atemp>22.0</ns3:atemp>
            <ns3:hr>146</ns3:hr>
            <ns3:cad>87</ns3:cad>
          </ns3:TrackPointExtension>
        </extensions>
      </trkpt>
      <trkpt lat="39.94056346826255321502685546875" lon="116.37870515696704387664794921875">
        <ele>51.200000762939453125</ele>
        <time>2026-09-08T23:47:23.000Z</time>
        <extensions>
          <ns3:TrackPointExtension>
            <ns3:atemp>22.0</ns3:atemp>
            <ns3:hr>146</ns3:hr>
            <ns3:cad>87</ns3:cad>
          </ns3:TrackPointExtension>
        </extensions>
      </trkpt>
      <trkpt lat="39.9405516497790813446044921875" lon="116.37873516418039798736572265625">
        <ele>51</ele>
        <time>2026-09-08T23:47:24.000Z</time>
        <extensions>
          <ns3:TrackPointExtension>
            <ns3:atemp>22.0</ns3:atemp>
            <ns3:hr>146</ns3:hr>
            <ns3:cad>86</ns3:cad>
          </ns3:TrackPointExtension>
        </extensions>
      </trkpt>
      <trkpt lat="39.94054536335170269012451171875" lon="116.378764919936656951904296875">
        <ele>51</ele>
        <time>2026-09-08T23:47:25.000Z</time>
        <extensions>
          <ns3:TrackPointExtension>
            <ns3:atemp>22.0</ns3:atemp>
            <ns3:hr>146</ns3:hr>
            <ns3:cad>86</ns3:cad>
          </ns3:TrackPointExtension>
        </extensions>
      </trkpt>
      <trkpt lat="39.9405335448682308197021484375" lon="116.3788083381950855255126953125">
        <ele>51</ele>
        <time>2026-09-08T23:47:26.000Z</time>
        <extensions>
          <ns3:TrackPointExtension>
            <ns3:atemp>22.0</ns3:atemp>
            <ns3:hr>146</ns3:hr>
            <ns3:cad>87</ns3:cad>
          </ns3:TrackPointExtension>
        </extensions>
      </trkpt>
      <trkpt lat="39.94052164256572723388671875" lon="116.3788415305316448211669921875">
        <ele>51</ele>
        <time>2026-09-08T23:47:27.000Z</time>
        <extensions>
          <ns3:TrackPointExtension>
            <ns3:atemp>22.0</ns3:atemp>
            <ns3:hr>146</ns3:hr>
            <ns3:cad>87</ns3:cad>
          </ns3:TrackPointExtension>
        </extensions>
      </trkpt>
      <trkpt lat="39.94051049463450908660888671875" lon="116.378877572715282440185546875">
        <ele>51</ele>
        <time>2026-09-08T23:47:28.000Z</time>
        <extensions>
          <ns3:TrackPointExtension>
            <ns3:atemp>22.0</ns3:atemp>
            <ns3:hr>147</ns3:hr>
            <ns3:cad>87</ns3:cad>
          </ns3:TrackPointExtension>
        </extensions>
      </trkpt>
      <trkpt lat="39.9404986761510372161865234375" lon="116.3789146207273006439208984375">
        <ele>51</ele>
        <time>2026-09-08T23:47:29.000Z</time>
        <extensions>
          <ns3:TrackPointExtension>
            <ns3:atemp>22.0</ns3:atemp>
            <ns3:hr>147</ns3:hr>
            <ns3:cad>87</ns3:cad>
          </ns3:TrackPointExtension>
        </extensions>
      </trkpt>
      <trkpt lat="39.94048635475337505340576171875" lon="116.378939934074878692626953125">
        <ele>51.200000762939453125</ele>
        <time>2026-09-08T23:47:30.000Z</time>
        <extensions>
          <ns3:TrackPointExtension>
            <ns3:atemp>22.0</ns3:atemp>
            <ns3:hr>147</ns3:hr>
            <ns3:cad>87</ns3:cad>
          </ns3:TrackPointExtension>
        </extensions>
      </trkpt>
      <trkpt lat="39.940475039184093475341796875" lon="116.378966085612773895263671875">
        <ele>51.200000762939453125</ele>
        <time>2026-09-08T23:47:31.000Z</time>
        <extensions>
          <ns3:TrackPointExtension>
            <ns3:atemp>22.0</ns3:atemp>
            <ns3:hr>148</ns3:hr>
            <ns3:cad>87</ns3:cad>
          </ns3:TrackPointExtension>
        </extensions>
      </trkpt>
      <trkpt lat="39.940471351146697998046875" lon="116.3789878785610198974609375">
        <ele>51.200000762939453125</ele>
        <time>2026-09-08T23:47:32.000Z</time>
        <extensions>
          <ns3:TrackPointExtension>
            <ns3:atemp>22.0</ns3:atemp>
            <ns3:hr>148</ns3:hr>
            <ns3:cad>88</ns3:cad>
          </ns3:TrackPointExtension>
        </extensions>
      </trkpt>
      <trkpt lat="39.940462298691272735595703125" lon="116.3790162093937397003173828125">
        <ele>51.200000762939453125</ele>
        <time>2026-09-08T23:47:33.000Z</time>
        <extensions>
          <ns3:TrackPointExtension>
            <ns3:atemp>22.0</ns3:atemp>
            <ns3:hr>148</ns3:hr>
            <ns3:cad>88</ns3:cad>
          </ns3:TrackPointExtension>
        </extensions>
      </trkpt>
      <trkpt lat="39.94045819155871868133544921875" lon="116.3790339790284633636474609375">
        <ele>51.200000762939453125</ele>
        <time>2026-09-08T23:47:34.000Z</time>
        <extensions>
          <ns3:TrackPointExtension>
            <ns3:atemp>22.0</ns3:atemp>
            <ns3:hr>149</ns3:hr>
            <ns3:cad>87</ns3:cad>
          </ns3:TrackPointExtension>
        </extensions>
      </trkpt>
      <trkpt lat="39.940448887646198272705078125" lon="116.3790564425289630889892578125">
        <ele>51.200000762939453125</ele>
        <time>2026-09-08T23:47:35.000Z</time>
        <extensions>
          <ns3:TrackPointExtension>
            <ns3:atemp>22.0</ns3:atemp>
            <ns3:hr>149</ns3:hr>
            <ns3:cad>87</ns3:cad>
          </ns3:TrackPointExtension>
        </extensions>
      </trkpt>
      <trkpt lat="39.94043991900980472564697265625" lon="116.3790822587907314300537109375">
        <ele>51.200000762939453125</ele>
        <time>2026-09-08T23:47:36.000Z</time>
        <extensions>
          <ns3:TrackPointExtension>
            <ns3:atemp>22.0</ns3:atemp>
            <ns3:hr>149</ns3:hr>
            <ns3:cad>87</ns3:cad>
          </ns3:TrackPointExtension>
        </extensions>
      </trkpt>
      <trkpt lat="39.94043338112533092498779296875" lon="116.3791043870151042938232421875">
        <ele>51.200000762939453125</ele>
        <time>2026-09-08T23:47:37.000Z</time>
        <extensions>
          <ns3:TrackPointExtension>
            <ns3:atemp>22.0</ns3:atemp>
            <ns3:hr>148</ns3:hr>
            <ns3:cad>87</ns3:cad>
          </ns3:TrackPointExtension>
        </extensions>
      </trkpt>
      <trkpt lat="39.94042600505053997039794921875" lon="116.37913280166685581207275390625">
        <ele>51</ele>
        <time>2026-09-08T23:47:38.000Z</time>
        <extensions>
          <ns3:TrackPointExtension>
            <ns3:atemp>22.0</ns3:atemp>
            <ns3:hr>149</ns3:hr>
            <ns3:cad>87</ns3:cad>
          </ns3:TrackPointExtension>
        </extensions>
      </trkpt>
      <trkpt lat="39.940423406660556793212890625" lon="116.37916088104248046875">
        <ele>51</ele>
        <time>2026-09-08T23:47:39.000Z</time>
        <extensions>
          <ns3:TrackPointExtension>
            <ns3:atemp>22.0</ns3:atemp>
            <ns3:hr>149</ns3:hr>
            <ns3:cad>87</ns3:cad>
          </ns3:TrackPointExtension>
        </extensions>
      </trkpt>
      <trkpt lat="39.94041443802416324615478515625" lon="116.37919080443680286407470703125">
        <ele>51</ele>
        <time>2026-09-08T23:47:40.000Z</time>
        <extensions>
          <ns3:TrackPointExtension>
            <ns3:atemp>22.0</ns3:atemp>
            <ns3:hr>149</ns3:hr>
            <ns3:cad>87</ns3:cad>
          </ns3:TrackPointExtension>
        </extensions>
      </trkpt>
      <trkpt lat="39.9404068104922771453857421875" lon="116.37922215275466442108154296875">
        <ele>51</ele>
        <time>2026-09-08T23:47:41.000Z</time>
        <extensions>
          <ns3:TrackPointExtension>
            <ns3:atemp>22.0</ns3:atemp>
            <ns3:hr>149</ns3:hr>
            <ns3:cad>87</ns3:cad>
          </ns3:TrackPointExtension>
        </extensions>
      </trkpt>
      <trkpt lat="39.94039884768426418304443359375" lon="116.37925132177770137786865234375">
        <ele>51</ele>
        <time>2026-09-08T23:47:42.000Z</time>
        <extensions>
          <ns3:TrackPointExtension>
            <ns3:atemp>22.0</ns3:atemp>
            <ns3:hr>149</ns3:hr>
            <ns3:cad>86</ns3:cad>
          </ns3:TrackPointExtension>
        </extensions>
      </trkpt>
      <trkpt lat="39.940394572913646697998046875" lon="116.37928149662911891937255859375">
        <ele>51</ele>
        <time>2026-09-08T23:47:43.000Z</time>
        <extensions>
          <ns3:TrackPointExtension>
            <ns3:atemp>22.0</ns3:atemp>
            <ns3:hr>148</ns3:hr>
            <ns3:cad>86</ns3:cad>
          </ns3:TrackPointExtension>
        </extensions>
      </trkpt>
      <trkpt lat="39.9403816647827625274658203125" lon="116.3793085701763629913330078125">
        <ele>51</ele>
        <time>2026-09-08T23:47:44.000Z</time>
        <extensions>
          <ns3:TrackPointExtension>
            <ns3:atemp>22.0</ns3:atemp>
            <ns3:hr>149</ns3:hr>
            <ns3:cad>86</ns3:cad>
          </ns3:TrackPointExtension>
        </extensions>
      </trkpt>
      <trkpt lat="39.94037336669862270355224609375" lon="116.3793306984007358551025390625">
        <ele>51</ele>
        <time>2026-09-08T23:47:45.000Z</time>
        <extensions>
          <ns3:TrackPointExtension>
            <ns3:atemp>22.0</ns3:atemp>
            <ns3:hr>149</ns3:hr>
            <ns3:cad>86</ns3:cad>
          </ns3:TrackPointExtension>
        </extensions>
      </trkpt>
      <trkpt lat="39.94035744108259677886962890625" lon="116.379354000091552734375">
        <ele>51</ele>
        <time>2026-09-08T23:47:46.000Z</time>
        <extensions>
          <ns3:TrackPointExtension>
            <ns3:atemp>22.0</ns3:atemp>
            <ns3:hr>148</ns3:hr>
            <ns3:cad>86</ns3:cad>
          </ns3:TrackPointExtension>
        </extensions>
      </trkpt>
      <trkpt lat="39.940342940390110015869140625" lon="116.37937487103044986724853515625">
        <ele>51</ele>
        <time>2026-09-08T23:47:47.000Z</time>
        <extensions>
          <ns3:TrackPointExtension>
            <ns3:atemp>22.0</ns3:atemp>
            <ns3:hr>149</ns3:hr>
            <ns3:cad>87</ns3:cad>
          </ns3:TrackPointExtension>
        </extensions>
      </trkpt>
      <trkpt lat="39.940324835479259490966796875" lon="116.379396580159664154052734375">
        <ele>51</ele>
        <time>2026-09-08T23:47:48.000Z</time>
        <extensions>
          <ns3:TrackPointExtension>
            <ns3:atemp>22.0</ns3:atemp>
            <ns3:hr>148</ns3:hr>
            <ns3:cad>87</ns3:cad>
          </ns3:TrackPointExtension>
        </extensions>
      </trkpt>
      <trkpt lat="39.940305054187774658203125" lon="116.37941074557602405548095703125">
        <ele>51</ele>
        <time>2026-09-08T23:47:49.000Z</time>
        <extensions>
          <ns3:TrackPointExtension>
            <ns3:atemp>22.0</ns3:atemp>
            <ns3:hr>148</ns3:hr>
            <ns3:cad>87</ns3:cad>
          </ns3:TrackPointExtension>
        </extensions>
      </trkpt>
      <trkpt lat="39.9402897991240024566650390625" lon="116.3794292695820331573486328125">
        <ele>51</ele>
        <time>2026-09-08T23:47:50.000Z</time>
        <extensions>
          <ns3:TrackPointExtension>
            <ns3:atemp>22.0</ns3:atemp>
            <ns3:hr>147</ns3:hr>
            <ns3:cad>87</ns3:cad>
          </ns3:TrackPointExtension>
        </extensions>
      </trkpt>
      <trkpt lat="39.940269850194454193115234375" lon="116.3794467039406299591064453125">
        <ele>51.200000762939453125</ele>
        <time>2026-09-08T23:47:51.000Z</time>
        <extensions>
          <ns3:TrackPointExtension>
            <ns3:atemp>22.0</ns3:atemp>
            <ns3:hr>147</ns3:hr>
            <ns3:cad>87</ns3:cad>
          </ns3:TrackPointExtension>
        </extensions>
      </trkpt>
      <trkpt lat="39.9402562715113162994384765625" lon="116.3794631324708461761474609375">
        <ele>51.200000762939453125</ele>
        <time>2026-09-08T23:47:52.000Z</time>
        <extensions>
          <ns3:TrackPointExtension>
            <ns3:atemp>22.0</ns3:atemp>
            <ns3:hr>147</ns3:hr>
            <ns3:cad>87</ns3:cad>
          </ns3:TrackPointExtension>
        </extensions>
      </trkpt>
      <trkpt lat="39.940234981477260589599609375" lon="116.37947360984981060028076171875">
        <ele>51.200000762939453125</ele>
        <time>2026-09-08T23:47:53.000Z</time>
        <extensions>
          <ns3:TrackPointExtension>
            <ns3:atemp>22.0</ns3:atemp>
            <ns3:hr>147</ns3:hr>
            <ns3:cad>86</ns3:cad>
          </ns3:TrackPointExtension>
        </extensions>
      </trkpt>
      <trkpt lat="39.940217547118663787841796875" lon="116.379485428333282470703125">
        <ele>51</ele>
        <time>2026-09-08T23:47:54.000Z</time>
        <extensions>
          <ns3:TrackPointExtension>
            <ns3:atemp>22.0</ns3:atemp>
            <ns3:hr>146</ns3:hr>
            <ns3:cad>86</ns3:cad>
          </ns3:TrackPointExtension>
        </extensions>
      </trkpt>
      <trkpt lat="39.94019575417041778564453125" lon="116.37949540279805660247802734375">
        <ele>51</ele>
        <time>2026-09-08T23:47:55.000Z</time>
        <extensions>
          <ns3:TrackPointExtension>
            <ns3:atemp>22.0</ns3:atemp>
            <ns3:hr>147</ns3:hr>
            <ns3:cad>86</ns3:cad>
          </ns3:TrackPointExtension>
        </extensions>
      </trkpt>
      <trkpt lat="39.94017572142183780670166015625" lon="116.37951401062309741973876953125">
        <ele>51</ele>
        <time>2026-09-08T23:47:56.000Z</time>
        <extensions>
          <ns3:TrackPointExtension>
            <ns3:atemp>22.0</ns3:atemp>
            <ns3:hr>147</ns3:hr>
            <ns3:cad>86</ns3:cad>
          </ns3:TrackPointExtension>
        </extensions>
      </trkpt>
      <trkpt lat="39.9401536770164966583251953125" lon="116.379526667296886444091796875">
        <ele>51</ele>
        <time>2026-09-08T23:47:57.000Z</time>
        <extensions>
          <ns3:TrackPointExtension>
            <ns3:atemp>22.0</ns3:atemp>
            <ns3:hr>147</ns3:hr>
            <ns3:cad>86</ns3:cad>
          </ns3:TrackPointExtension>
        </extensions>
      </trkpt>
      <trkpt lat="39.94013498537242412567138671875" lon="116.37954016216099262237548828125">
        <ele>51</ele>
        <time>2026-09-08T23:47:58.000Z</time>
        <extensions>
          <ns3:TrackPointExtension>
            <ns3:atemp>22.0</ns3:atemp>
            <ns3:hr>147</ns3:hr>
            <ns3:cad>86</ns3:cad>
          </ns3:TrackPointExtension>
        </extensions>
      </trkpt>
      <trkpt lat="39.9401132762432098388671875" lon="116.37955223210155963897705078125">
        <ele>51</ele>
        <time>2026-09-08T23:47:59.000Z</time>
        <extensions>
          <ns3:TrackPointExtension>
            <ns3:atemp>22.0</ns3:atemp>
            <ns3:hr>147</ns3:hr>
            <ns3:cad>86</ns3:cad>
          </ns3:TrackPointExtension>
        </extensions>
      </trkpt>
      <trkpt lat="39.94009173475205898284912109375" lon="116.3795650564134120941162109375">
        <ele>51.200000762939453125</ele>
        <time>2026-09-08T23:48:00.000Z</time>
        <extensions>
          <ns3:TrackPointExtension>
            <ns3:atemp>22.0</ns3:atemp>
            <ns3:hr>147</ns3:hr>
            <ns3:cad>87</ns3:cad>
          </ns3:TrackPointExtension>
        </extensions>
      </trkpt>
      <trkpt lat="39.9400738812983036041259765625" lon="116.3795851729810237884521484375">
        <ele>51</ele>
        <time>2026-09-08T23:48:01.000Z</time>
        <extensions>
          <ns3:TrackPointExtension>
            <ns3:atemp>22.0</ns3:atemp>
            <ns3:hr>147</ns3:hr>
            <ns3:cad>87</ns3:cad>
          </ns3:TrackPointExtension>
        </extensions>
      </trkpt>
      <trkpt lat="39.94004898704588413238525390625" lon="116.3795999251306056976318359375">
        <ele>51</ele>
        <time>2026-09-08T23:48:02.000Z</time>
        <extensions>
          <ns3:TrackPointExtension>
            <ns3:atemp>22.0</ns3:atemp>
            <ns3:hr>147</ns3:hr>
            <ns3:cad>87</ns3:cad>
          </ns3:TrackPointExtension>
        </extensions>
      </trkpt>
      <trkpt lat="39.9400339834392070770263671875" lon="116.37961040250957012176513671875">
        <ele>51</ele>
        <time>2026-09-08T23:48:03.000Z</time>
        <extensions>
          <ns3:TrackPointExtension>
            <ns3:atemp>22.0</ns3:atemp>
            <ns3:hr>147</ns3:hr>
            <ns3:cad>87</ns3:cad>
          </ns3:TrackPointExtension>
        </extensions>
      </trkpt>
      <trkpt lat="39.940014369785785675048828125" lon="116.37961559928953647613525390625">
        <ele>51</ele>
        <time>2026-09-08T23:48:04.000Z</time>
        <extensions>
          <ns3:TrackPointExtension>
            <ns3:atemp>22.0</ns3:atemp>
            <ns3:hr>147</ns3:hr>
            <ns3:cad>87</ns3:cad>
          </ns3:TrackPointExtension>
        </extensions>
      </trkpt>
      <trkpt lat="39.9399974383413791656494140625" lon="116.37961945496499538421630859375">
        <ele>51</ele>
        <time>2026-09-08T23:48:05.000Z</time>
        <extensions>
          <ns3:TrackPointExtension>
            <ns3:atemp>22.0</ns3:atemp>
            <ns3:hr>148</ns3:hr>
            <ns3:cad>86</ns3:cad>
          </ns3:TrackPointExtension>
        </extensions>
      </trkpt>
      <trkpt lat="39.93997790850698947906494140625" lon="116.37962825596332550048828125">
        <ele>51</ele>
        <time>2026-09-08T23:48:06.000Z</time>
        <extensions>
          <ns3:TrackPointExtension>
            <ns3:atemp>22.0</ns3:atemp>
            <ns3:hr>148</ns3:hr>
            <ns3:cad>86</ns3:cad>
          </ns3:TrackPointExtension>
        </extensions>
      </trkpt>
      <trkpt lat="39.9399577081203460693359375" lon="116.37963672168552875518798828125">
        <ele>51</ele>
        <time>2026-09-08T23:48:07.000Z</time>
        <extensions>
          <ns3:TrackPointExtension>
            <ns3:atemp>22.0</ns3:atemp>
            <ns3:hr>148</ns3:hr>
            <ns3:cad>86</ns3:cad>
          </ns3:TrackPointExtension>
        </extensions>
      </trkpt>
      <trkpt lat="39.939941279590129852294921875" lon="116.37964862398803234100341796875">
        <ele>51</ele>
        <time>2026-09-08T23:48:08.000Z</time>
        <extensions>
          <ns3:TrackPointExtension>
            <ns3:atemp>23.0</ns3:atemp>
            <ns3:hr>148</ns3:hr>
            <ns3:cad>85</ns3:cad>
          </ns3:TrackPointExtension>
        </extensions>
      </trkpt>
      <trkpt lat="39.93991948664188385009765625" lon="116.37966312468051910400390625">
        <ele>51</ele>
        <time>2026-09-08T23:48:09.000Z</time>
        <extensions>
          <ns3:TrackPointExtension>
            <ns3:atemp>23.0</ns3:atemp>
            <ns3:hr>149</ns3:hr>
            <ns3:cad>85</ns3:cad>
          </ns3:TrackPointExtension>
        </extensions>
      </trkpt>
      <trkpt lat="39.93990146555006504058837890625" lon="116.379679553210735321044921875">
        <ele>51</ele>
        <time>2026-09-08T23:48:10.000Z</time>
        <extensions>
          <ns3:TrackPointExtension>
            <ns3:atemp>23.0</ns3:atemp>
            <ns3:hr>148</ns3:hr>
            <ns3:cad>86</ns3:cad>
          </ns3:TrackPointExtension>
        </extensions>
      </trkpt>
      <trkpt lat="39.9398790858685970306396484375" lon="116.37969153933227062225341796875">
        <ele>50.799999237060546875</ele>
        <time>2026-09-08T23:48:11.000Z</time>
        <extensions>
          <ns3:TrackPointExtension>
            <ns3:atemp>22.0</ns3:atemp>
            <ns3:hr>148</ns3:hr>
            <ns3:cad>86</ns3:cad>
          </ns3:TrackPointExtension>
        </extensions>
      </trkpt>
      <trkpt lat="39.9398623220622539520263671875" lon="116.379708386957645416259765625">
        <ele>50.799999237060546875</ele>
        <time>2026-09-08T23:48:12.000Z</time>
        <extensions>
          <ns3:TrackPointExtension>
            <ns3:atemp>22.0</ns3:atemp>
            <ns3:hr>149</ns3:hr>
            <ns3:cad>87</ns3:cad>
          </ns3:TrackPointExtension>
        </extensions>
      </trkpt>
      <trkpt lat="39.93983776308596134185791015625" lon="116.37972087599337100982666015625">
        <ele>50.799999237060546875</ele>
        <time>2026-09-08T23:48:13.000Z</time>
        <extensions>
          <ns3:TrackPointExtension>
            <ns3:atemp>23.0</ns3:atemp>
            <ns3:hr>148</ns3:hr>
            <ns3:cad>87</ns3:cad>
          </ns3:TrackPointExtension>
        </extensions>
      </trkpt>
      <trkpt lat="39.939817897975444793701171875" lon="116.37973009608685970306396484375">
        <ele>51</ele>
        <time>2026-09-08T23:48:14.000Z</time>
        <extensions>
          <ns3:TrackPointExtension>
            <ns3:atemp>23.0</ns3:atemp>
            <ns3:hr>148</ns3:hr>
            <ns3:cad>87</ns3:cad>
          </ns3:TrackPointExtension>
        </extensions>
      </trkpt>
      <trkpt lat="39.93979585357010364532470703125" lon="116.37973914854228496551513671875">
        <ele>51</ele>
        <time>2026-09-08T23:48:15.000Z</time>
        <extensions>
          <ns3:TrackPointExtension>
            <ns3:atemp>23.0</ns3:atemp>
            <ns3:hr>148</ns3:hr>
            <ns3:cad>87</ns3:cad>
          </ns3:TrackPointExtension>
        </extensions>
      </trkpt>
      <trkpt lat="39.93977288715541362762451171875" lon="116.37975172139704227447509765625">
        <ele>51</ele>
        <time>2026-09-08T23:48:16.000Z</time>
        <extensions>
          <ns3:TrackPointExtension>
            <ns3:atemp>23.0</ns3:atemp>
            <ns3:hr>148</ns3:hr>
            <ns3:cad>87</ns3:cad>
          </ns3:TrackPointExtension>
        </extensions>
      </trkpt>
      <trkpt lat="39.9397538602352142333984375" lon="116.37976907193660736083984375">
        <ele>51</ele>
        <time>2026-09-08T23:48:17.000Z</time>
        <extensions>
          <ns3:TrackPointExtension>
            <ns3:atemp>23.0</ns3:atemp>
            <ns3:hr>148</ns3:hr>
            <ns3:cad>87</ns3:cad>
          </ns3:TrackPointExtension>
        </extensions>
      </trkpt>
      <trkpt lat="39.93973039090633392333984375" lon="116.37977904640138149261474609375">
        <ele>51</ele>
        <time>2026-09-08T23:48:18.000Z</time>
        <extensions>
          <ns3:TrackPointExtension>
            <ns3:atemp>23.0</ns3:atemp>
            <ns3:hr>147</ns3:hr>
            <ns3:cad>88</ns3:cad>
          </ns3:TrackPointExtension>
        </extensions>
      </trkpt>
      <trkpt lat="39.93971119634807109832763671875" lon="116.37979480437934398651123046875">
        <ele>51</ele>
        <time>2026-09-08T23:48:19.000Z</time>
        <extensions>
          <ns3:TrackPointExtension>
            <ns3:atemp>23.0</ns3:atemp>
            <ns3:hr>147</ns3:hr>
            <ns3:cad>88</ns3:cad>
          </ns3:TrackPointExtension>
        </extensions>
      </trkpt>
      <trkpt lat="39.93968538008630275726318359375" lon="116.37980570085346698760986328125">
        <ele>51</ele>
        <time>2026-09-08T23:48:20.000Z</time>
        <extensions>
          <ns3:TrackPointExtension>
            <ns3:atemp>23.0</ns3:atemp>
            <ns3:hr>147</ns3:hr>
            <ns3:cad>87</ns3:cad>
          </ns3:TrackPointExtension>
        </extensions>
      </trkpt>
      <trkpt lat="39.93967062793672084808349609375" lon="116.3798181898891925811767578125">
        <ele>51</ele>
        <time>2026-09-08T23:48:21.000Z</time>
        <extensions>
          <ns3:TrackPointExtension>
            <ns3:atemp>23.0</ns3:atemp>
            <ns3:hr>147</ns3:hr>
            <ns3:cad>87</ns3:cad>
          </ns3:TrackPointExtension>
        </extensions>
      </trkpt>
      <trkpt lat="39.93964548222720623016357421875" lon="116.37982967309653759002685546875">
        <ele>51</ele>
        <time>2026-09-08T23:48:22.000Z</time>
        <extensions>
          <ns3:TrackPointExtension>
            <ns3:atemp>23.0</ns3:atemp>
            <ns3:hr>147</ns3:hr>
            <ns3:cad>87</ns3:cad>
          </ns3:TrackPointExtension>
        </extensions>
      </trkpt>
      <trkpt lat="39.9396296404302120208740234375" lon="116.37984040193259716033935546875">
        <ele>51</ele>
        <time>2026-09-08T23:48:23.000Z</time>
        <extensions>
          <ns3:TrackPointExtension>
            <ns3:atemp>23.0</ns3:atemp>
            <ns3:hr>146</ns3:hr>
            <ns3:cad>87</ns3:cad>
          </ns3:TrackPointExtension>
        </extensions>
      </trkpt>
      <trkpt lat="39.9396078474819660186767578125" lon="116.37985381297767162322998046875">
        <ele>51</ele>
        <time>2026-09-08T23:48:24.000Z</time>
        <extensions>
          <ns3:TrackPointExtension>
            <ns3:atemp>23.0</ns3:atemp>
            <ns3:hr>147</ns3:hr>
            <ns3:cad>87</ns3:cad>
          </ns3:TrackPointExtension>
        </extensions>
      </trkpt>
      <trkpt lat="39.93958697654306888580322265625" lon="116.37986420653760433197021484375">
        <ele>51</ele>
        <time>2026-09-08T23:48:25.000Z</time>
        <extensions>
          <ns3:TrackPointExtension>
            <ns3:atemp>23.0</ns3:atemp>
            <ns3:hr>146</ns3:hr>
            <ns3:cad>86</ns3:cad>
          </ns3:TrackPointExtension>
        </extensions>
      </trkpt>
      <trkpt lat="39.93956753052771091461181640625" lon="116.37987543828785419464111328125">
        <ele>51</ele>
        <time>2026-09-08T23:48:26.000Z</time>
        <extensions>
          <ns3:TrackPointExtension>
            <ns3:atemp>23.0</ns3:atemp>
            <ns3:hr>146</ns3:hr>
            <ns3:cad>87</ns3:cad>
          </ns3:TrackPointExtension>
        </extensions>
      </trkpt>
      <trkpt lat="39.93954489938914775848388671875" lon="116.3798872567713260650634765625">
        <ele>50.799999237060546875</ele>
        <time>2026-09-08T23:48:27.000Z</time>
        <extensions>
          <ns3:TrackPointExtension>
            <ns3:atemp>23.0</ns3:atemp>
            <ns3:hr>146</ns3:hr>
            <ns3:cad>86</ns3:cad>
          </ns3:TrackPointExtension>
        </extensions>
      </trkpt>
      <trkpt lat="39.939528219401836395263671875" lon="116.37990075163543224334716796875">
        <ele>50.799999237060546875</ele>
        <time>2026-09-08T23:48:28.000Z</time>
        <extensions>
          <ns3:TrackPointExtension>
            <ns3:atemp>23.0</ns3:atemp>
            <ns3:hr>146</ns3:hr>
            <ns3:cad>86</ns3:cad>
          </ns3:TrackPointExtension>
        </extensions>
      </trkpt>
      <trkpt lat="39.9395025707781314849853515625" lon="116.37991231866180896759033203125">
        <ele>50.799999237060546875</ele>
        <time>2026-09-08T23:48:29.000Z</time>
        <extensions>
          <ns3:TrackPointExtension>
            <ns3:atemp>23.0</ns3:atemp>
            <ns3:hr>146</ns3:hr>
            <ns3:cad>86</ns3:cad>
          </ns3:TrackPointExtension>
        </extensions>
      </trkpt>
      <trkpt lat="39.93948924355208873748779296875" lon="116.3799231313169002532958984375">
        <ele>50.799999237060546875</ele>
        <time>2026-09-08T23:48:30.000Z</time>
        <extensions>
          <ns3:TrackPointExtension>
            <ns3:atemp>23.0</ns3:atemp>
            <ns3:hr>146</ns3:hr>
            <ns3:cad>88</ns3:cad>
          </ns3:TrackPointExtension>
        </extensions>
      </trkpt>
      <trkpt lat="39.93946376256644725799560546875" lon="116.37993461452424526214599609375">
        <ele>50.799999237060546875</ele>
        <time>2026-09-08T23:48:31.000Z</time>
        <extensions>
          <ns3:TrackPointExtension>
            <ns3:atemp>23.0</ns3:atemp>
            <ns3:hr>146</ns3:hr>
            <ns3:cad>88</ns3:cad>
          </ns3:TrackPointExtension>
        </extensions>
      </trkpt>
      <trkpt lat="39.939447753131389617919921875" lon="116.3799516297876834869384765625">
        <ele>50.799999237060546875</ele>
        <time>2026-09-08T23:48:32.000Z</time>
        <extensions>
          <ns3:TrackPointExtension>
            <ns3:atemp>23.0</ns3:atemp>
            <ns3:hr>146</ns3:hr>
            <ns3:cad>88</ns3:cad>
          </ns3:TrackPointExtension>
        </extensions>
      </trkpt>
      <trkpt lat="39.93942269124090671539306640625" lon="116.37996629811823368072509765625">
        <ele>50.799999237060546875</ele>
        <time>2026-09-08T23:48:33.000Z</time>
        <extensions>
          <ns3:TrackPointExtension>
            <ns3:atemp>23.0</ns3:atemp>
            <ns3:hr>146</ns3:hr>
            <ns3:cad>88</ns3:cad>
          </ns3:TrackPointExtension>
        </extensions>
      </trkpt>
      <trkpt lat="39.9394066818058490753173828125" lon="116.3799838162958621978759765625">
        <ele>50.799999237060546875</ele>
        <time>2026-09-08T23:48:34.000Z</time>
        <extensions>
          <ns3:TrackPointExtension>
            <ns3:atemp>23.0</ns3:atemp>
            <ns3:hr>146</ns3:hr>
            <ns3:cad>88</ns3:cad>
          </ns3:TrackPointExtension>
        </extensions>
      </trkpt>
      <trkpt lat="39.9393838830292224884033203125" lon="116.38000753708183765411376953125">
        <ele>50.799999237060546875</ele>
        <time>2026-09-08T23:48:35.000Z</time>
        <extensions>
          <ns3:TrackPointExtension>
            <ns3:atemp>23.0</ns3:atemp>
            <ns3:hr>146</ns3:hr>
            <ns3:cad>87</ns3:cad>
          </ns3:TrackPointExtension>
        </extensions>
      </trkpt>
      <trkpt lat="39.93936720304191112518310546875" lon="116.3800310902297496795654296875">
        <ele>50.799999237060546875</ele>
        <time>2026-09-08T23:48:36.000Z</time>
        <extensions>
          <ns3:TrackPointExtension>
            <ns3:atemp>23.0</ns3:atemp>
            <ns3:hr>145</ns3:hr>
            <ns3:cad>87</ns3:cad>
          </ns3:TrackPointExtension>
        </extensions>
      </trkpt>
      <trkpt lat="39.939348511397838592529296875" lon="116.3800535537302494049072265625">
        <ele>50.799999237060546875</ele>
        <time>2026-09-08T23:48:37.000Z</time>
        <extensions>
          <ns3:TrackPointExtension>
            <ns3:atemp>23.0</ns3:atemp>
            <ns3:hr>146</ns3:hr>
            <ns3:cad>87</ns3:cad>
          </ns3:TrackPointExtension>
        </extensions>
      </trkpt>
      <trkpt lat="39.939327724277973175048828125" lon="116.38007978908717632293701171875">
        <ele>50.799999237060546875</ele>
        <time>2026-09-08T23:48:38.000Z</time>
        <extensions>
          <ns3:TrackPointExtension>
            <ns3:atemp>23.0</ns3:atemp>
            <ns3:hr>145</ns3:hr>
            <ns3:cad>87</ns3:cad>
          </ns3:TrackPointExtension>
        </extensions>
      </trkpt>
      <trkpt lat="39.93930836208164691925048828125" lon="116.3801021687686443328857421875">
        <ele>50.799999237060546875</ele>
        <time>2026-09-08T23:48:39.000Z</time>
        <extensions>
          <ns3:TrackPointExtension>
            <ns3:atemp>23.0</ns3:atemp>
            <ns3:hr>146</ns3:hr>
            <ns3:cad>87</ns3:cad>
          </ns3:TrackPointExtension>
        </extensions>
      </trkpt>
      <trkpt lat="39.93928170762956142425537109375" lon="116.38011951930820941925048828125">
        <ele>50.59999847412109375</ele>
        <time>2026-09-08T23:48:40.000Z</time>
        <extensions>
          <ns3:TrackPointExtension>
            <ns3:atemp>23.0</ns3:atemp>
            <ns3:hr>146</ns3:hr>
            <ns3:cad>87</ns3:cad>
          </ns3:TrackPointExtension>
        </extensions>
      </trkpt>
      <trkpt lat="39.93926527909934520721435546875" lon="116.38014055788516998291015625">
        <ele>50.59999847412109375</ele>
        <time>2026-09-08T23:48:41.000Z</time>
        <extensions>
          <ns3:TrackPointExtension>
            <ns3:atemp>23.0</ns3:atemp>
            <ns3:hr>146</ns3:hr>
            <ns3:cad>87</ns3:cad>
          </ns3:TrackPointExtension>
        </extensions>
      </trkpt>
      <trkpt lat="39.93924415670335292816162109375" lon="116.38016872107982635498046875">
        <ele>50.799999237060546875</ele>
        <time>2026-09-08T23:48:42.000Z</time>
        <extensions>
          <ns3:TrackPointExtension>
            <ns3:atemp>23.0</ns3:atemp>
            <ns3:hr>146</ns3:hr>
            <ns3:cad>87</ns3:cad>
          </ns3:TrackPointExtension>
        </extensions>
      </trkpt>
      <trkpt lat="39.939236529171466827392578125" lon="116.3801895081996917724609375">
        <ele>50.59999847412109375</ele>
        <time>2026-09-08T23:48:43.000Z</time>
        <extensions>
          <ns3:TrackPointExtension>
            <ns3:atemp>23.0</ns3:atemp>
            <ns3:hr>146</ns3:hr>
            <ns3:cad>87</ns3:cad>
          </ns3:TrackPointExtension>
        </extensions>
      </trkpt>
      <trkpt lat="39.939218424260616302490234375" lon="116.38021624647080898284912109375">
        <ele>50.59999847412109375</ele>
        <time>2026-09-08T23:48:44.000Z</time>
        <extensions>
          <ns3:TrackPointExtension>
            <ns3:atemp>23.0</ns3:atemp>
            <ns3:hr>146</ns3:hr>
            <ns3:cad>87</ns3:cad>
          </ns3:TrackPointExtension>
        </extensions>
      </trkpt>
      <trkpt lat="39.93920694105327129364013671875" lon="116.380238123238086700439453125">
        <ele>50.59999847412109375</ele>
        <time>2026-09-08T23:48:45.000Z</time>
        <extensions>
          <ns3:TrackPointExtension>
            <ns3:atemp>23.0</ns3:atemp>
            <ns3:hr>146</ns3:hr>
            <ns3:cad>87</ns3:cad>
          </ns3:TrackPointExtension>
        </extensions>
      </trkpt>
      <trkpt lat="39.9391904287040233612060546875" lon="116.38026125729084014892578125">
        <ele>50.59999847412109375</ele>
        <time>2026-09-08T23:48:46.000Z</time>
        <extensions>
          <ns3:TrackPointExtension>
            <ns3:atemp>23.0</ns3:atemp>
            <ns3:hr>146</ns3:hr>
            <ns3:cad>87</ns3:cad>
          </ns3:TrackPointExtension>
        </extensions>
      </trkpt>
      <trkpt lat="39.93917710147798061370849609375" lon="116.38028380461037158966064453125">
        <ele>50.59999847412109375</ele>
        <time>2026-09-08T23:48:47.000Z</time>
        <extensions>
          <ns3:TrackPointExtension>
            <ns3:atemp>23.0</ns3:atemp>
            <ns3:hr>146</ns3:hr>
            <ns3:cad>87</ns3:cad>
          </ns3:TrackPointExtension>
        </extensions>
      </trkpt>
      <trkpt lat="39.93916469626128673553466796875" lon="116.38030475936830043792724609375">
        <ele>50.59999847412109375</ele>
        <time>2026-09-08T23:48:48.000Z</time>
        <extensions>
          <ns3:TrackPointExtension>
            <ns3:atemp>23.0</ns3:atemp>
            <ns3:hr>147</ns3:hr>
            <ns3:cad>88</ns3:cad>
          </ns3:TrackPointExtension>
        </extensions>
      </trkpt>
      <trkpt lat="39.93915078230202198028564453125" lon="116.38032671995460987091064453125">
        <ele>50.59999847412109375</ele>
        <time>2026-09-08T23:48:49.000Z</time>
        <extensions>
          <ns3:TrackPointExtension>
            <ns3:atemp>23.0</ns3:atemp>
            <ns3:hr>147</ns3:hr>
            <ns3:cad>88</ns3:cad>
          </ns3:TrackPointExtension>
        </extensions>
      </trkpt>
      <trkpt lat="39.93913971818983554840087890625" lon="116.38035253621637821197509765625">
        <ele>50.59999847412109375</ele>
        <time>2026-09-08T23:48:50.000Z</time>
        <extensions>
          <ns3:TrackPointExtension>
            <ns3:atemp>23.0</ns3:atemp>
            <ns3:hr>147</ns3:hr>
            <ns3:cad>88</ns3:cad>
          </ns3:TrackPointExtension>
        </extensions>
      </trkpt>
      <trkpt lat="39.9391216970980167388916015625" lon="116.38037617318332195281982421875">
        <ele>50.40000152587890625</ele>
        <time>2026-09-08T23:48:51.000Z</time>
        <extensions>
          <ns3:TrackPointExtension>
            <ns3:atemp>23.0</ns3:atemp>
            <ns3:hr>147</ns3:hr>
            <ns3:cad>89</ns3:cad>
          </ns3:TrackPointExtension>
        </extensions>
      </trkpt>
      <trkpt lat="39.93910887278616428375244140625" lon="116.38039947487413883209228515625">
        <ele>50.40000152587890625</ele>
        <time>2026-09-08T23:48:52.000Z</time>
        <extensions>
          <ns3:TrackPointExtension>
            <ns3:atemp>23.0</ns3:atemp>
            <ns3:hr>147</ns3:hr>
            <ns3:cad>89</ns3:cad>
          </ns3:TrackPointExtension>
        </extensions>
      </trkpt>
      <trkpt lat="39.93909009732306003570556640625" lon="116.3804280571639537811279296875">
        <ele>50.40000152587890625</ele>
        <time>2026-09-08T23:48:53.000Z</time>
        <extensions>
          <ns3:TrackPointExtension>
            <ns3:atemp>23.0</ns3:atemp>
            <ns3:hr>147</ns3:hr>
            <ns3:cad>88</ns3:cad>
          </ns3:TrackPointExtension>
        </extensions>
      </trkpt>
      <trkpt lat="39.93907970376312732696533203125" lon="116.38045093975961208343505859375">
        <ele>50.40000152587890625</ele>
        <time>2026-09-08T23:48:54.000Z</time>
        <extensions>
          <ns3:TrackPointExtension>
            <ns3:atemp>23.0</ns3:atemp>
            <ns3:hr>147</ns3:hr>
            <ns3:cad>88</ns3:cad>
          </ns3:TrackPointExtension>
        </extensions>
      </trkpt>
      <trkpt lat="39.9390657059848308563232421875" lon="116.38047449290752410888671875">
        <ele>50.40000152587890625</ele>
        <time>2026-09-08T23:48:55.000Z</time>
        <extensions>
          <ns3:TrackPointExtension>
            <ns3:atemp>23.0</ns3:atemp>
            <ns3:hr>147</ns3:hr>
            <ns3:cad>88</ns3:cad>
          </ns3:TrackPointExtension>
        </extensions>
      </trkpt>
      <trkpt lat="39.93905774317681789398193359375" lon="116.38049863278865814208984375">
        <ele>50.40000152587890625</ele>
        <time>2026-09-08T23:48:56.000Z</time>
        <extensions>
          <ns3:TrackPointExtension>
            <ns3:atemp>23.0</ns3:atemp>
            <ns3:hr>147</ns3:hr>
            <ns3:cad>88</ns3:cad>
          </ns3:TrackPointExtension>
        </extensions>
      </trkpt>
      <trkpt lat="39.93904776871204376220703125" lon="116.38052545487880706787109375">
        <ele>50.40000152587890625</ele>
        <time>2026-09-08T23:48:57.000Z</time>
        <extensions>
          <ns3:TrackPointExtension>
            <ns3:atemp>23.0</ns3:atemp>
            <ns3:hr>148</ns3:hr>
            <ns3:cad>88</ns3:cad>
          </ns3:TrackPointExtension>
        </extensions>
      </trkpt>
      <trkpt lat="39.93903880007565021514892578125" lon="116.38055956922471523284912109375">
        <ele>50.40000152587890625</ele>
        <time>2026-09-08T23:48:58.000Z</time>
        <extensions>
          <ns3:TrackPointExtension>
            <ns3:atemp>23.0</ns3:atemp>
            <ns3:hr>148</ns3:hr>
            <ns3:cad>88</ns3:cad>
          </ns3:TrackPointExtension>
        </extensions>
      </trkpt>
      <trkpt lat="39.93903008289635181427001953125" lon="116.38059007935225963592529296875">
        <ele>50.40000152587890625</ele>
        <time>2026-09-08T23:48:59.000Z</time>
        <extensions>
          <ns3:TrackPointExtension>
            <ns3:atemp>23.0</ns3:atemp>
            <ns3:hr>148</ns3:hr>
            <ns3:cad>88</ns3:cad>
          </ns3:TrackPointExtension>
        </extensions>
      </trkpt>
      <trkpt lat="39.93901751004159450531005859375" lon="116.380617655813694000244140625">
        <ele>50.40000152587890625</ele>
        <time>2026-09-08T23:49:00.000Z</time>
        <extensions>
          <ns3:TrackPointExtension>
            <ns3:atemp>23.0</ns3:atemp>
            <ns3:hr>148</ns3:hr>
            <ns3:cad>88</ns3:cad>
          </ns3:TrackPointExtension>
        </extensions>
      </trkpt>
      <trkpt lat="39.93900124914944171905517578125" lon="116.38063869439065456390380859375">
        <ele>50.59999847412109375</ele>
        <time>2026-09-08T23:49:01.000Z</time>
        <extensions>
          <ns3:TrackPointExtension>
            <ns3:atemp>23.0</ns3:atemp>
            <ns3:hr>149</ns3:hr>
            <ns3:cad>87</ns3:cad>
          </ns3:TrackPointExtension>
        </extensions>
      </trkpt>
      <trkpt lat="39.93897945620119571685791015625" lon="116.38065864332020282745361328125">
        <ele>50.59999847412109375</ele>
        <time>2026-09-08T23:49:02.000Z</time>
        <extensions>
          <ns3:TrackPointExtension>
            <ns3:atemp>23.0</ns3:atemp>
            <ns3:hr>149</ns3:hr>
            <ns3:cad>87</ns3:cad>
          </ns3:TrackPointExtension>
        </extensions>
      </trkpt>
      <trkpt lat="39.93896059691905975341796875" lon="116.38066702522337436676025390625">
        <ele>50.59999847412109375</ele>
        <time>2026-09-08T23:49:03.000Z</time>
        <extensions>
          <ns3:TrackPointExtension>
            <ns3:atemp>23.0</ns3:atemp>
            <ns3:hr>149</ns3:hr>
            <ns3:cad>87</ns3:cad>
          </ns3:TrackPointExtension>
        </extensions>
      </trkpt>
      <trkpt lat="39.93893637321889400482177734375" lon="116.38066736049950122833251953125">
        <ele>50.59999847412109375</ele>
        <time>2026-09-08T23:49:04.000Z</time>
        <extensions>
          <ns3:TrackPointExtension>
            <ns3:atemp>23.0</ns3:atemp>
            <ns3:hr>149</ns3:hr>
            <ns3:cad>87</ns3:cad>
          </ns3:TrackPointExtension>
        </extensions>
      </trkpt>
      <trkpt lat="39.938911981880664825439453125" lon="116.38066492974758148193359375">
        <ele>50.59999847412109375</ele>
        <time>2026-09-08T23:49:05.000Z</time>
        <extensions>
          <ns3:TrackPointExtension>
            <ns3:atemp>23.0</ns3:atemp>
            <ns3:hr>149</ns3:hr>
            <ns3:cad>87</ns3:cad>
          </ns3:TrackPointExtension>
        </extensions>
      </trkpt>
      <trkpt lat="39.938888512551784515380859375" lon="116.38065713457763195037841796875">
        <ele>50.799999237060546875</ele>
        <time>2026-09-08T23:49:06.000Z</time>
        <extensions>
          <ns3:TrackPointExtension>
            <ns3:atemp>23.0</ns3:atemp>
            <ns3:hr>149</ns3:hr>
            <ns3:cad>87</ns3:cad>
          </ns3:TrackPointExtension>
        </extensions>
      </trkpt>
      <trkpt lat="39.9388702400028705596923828125" lon="116.3806496746838092803955078125">
        <ele>50.799999237060546875</ele>
        <time>2026-09-08T23:49:07.000Z</time>
        <extensions>
          <ns3:TrackPointExtension>
            <ns3:atemp>23.0</ns3:atemp>
            <ns3:hr>150</ns3:hr>
            <ns3:cad>87</ns3:cad>
          </ns3:TrackPointExtension>
        </extensions>
      </trkpt>
      <trkpt lat="39.9388434179127216339111328125" lon="116.38063400052487850189208984375">
        <ele>50.799999237060546875</ele>
        <time>2026-09-08T23:49:08.000Z</time>
        <extensions>
          <ns3:TrackPointExtension>
            <ns3:atemp>23.0</ns3:atemp>
            <ns3:hr>150</ns3:hr>
            <ns3:cad>87</ns3:cad>
          </ns3:TrackPointExtension>
        </extensions>
      </trkpt>
      <trkpt lat="39.938819445669651031494140625" lon="116.38062226586043834686279296875">
        <ele>50.799999237060546875</ele>
        <time>2026-09-08T23:49:09.000Z</time>
        <extensions>
          <ns3:TrackPointExtension>
            <ns3:atemp>23.0</ns3:atemp>
            <ns3:hr>150</ns3:hr>
            <ns3:cad>87</ns3:cad>
          </ns3:TrackPointExtension>
        </extensions>
      </trkpt>
      <trkpt lat="39.9387901090085506439208984375" lon="116.38061036355793476104736328125">
        <ele>50.799999237060546875</ele>
        <time>2026-09-08T23:49:10.000Z</time>
        <extensions>
          <ns3:TrackPointExtension>
            <ns3:atemp>23.0</ns3:atemp>
            <ns3:hr>150</ns3:hr>
            <ns3:cad>87</ns3:cad>
          </ns3:TrackPointExtension>
        </extensions>
      </trkpt>
      <trkpt lat="39.93877192027866840362548828125" lon="116.3806044124066829681396484375">
        <ele>51</ele>
        <time>2026-09-08T23:49:11.000Z</time>
        <extensions>
          <ns3:TrackPointExtension>
            <ns3:atemp>23.0</ns3:atemp>
            <ns3:hr>151</ns3:hr>
            <ns3:cad>87</ns3:cad>
          </ns3:TrackPointExtension>
        </extensions>
      </trkpt>
      <trkpt lat="39.9387485347688198089599609375" lon="116.38059326447546482086181640625">
        <ele>51</ele>
        <time>2026-09-08T23:49:12.000Z</time>
        <extensions>
          <ns3:TrackPointExtension>
            <ns3:atemp>23.0</ns3:atemp>
            <ns3:hr>151</ns3:hr>
            <ns3:cad>87</ns3:cad>
          </ns3:TrackPointExtension>
        </extensions>
      </trkpt>
      <trkpt lat="39.93873269297182559967041015625" lon="116.3805943541228771209716796875">
        <ele>51</ele>
        <time>2026-09-08T23:49:13.000Z</time>
        <extensions>
          <ns3:TrackPointExtension>
            <ns3:atemp>23.0</ns3:atemp>
            <ns3:hr>151</ns3:hr>
            <ns3:cad>87</ns3:cad>
          </ns3:TrackPointExtension>
        </extensions>
      </trkpt>
      <trkpt lat="39.9387297593057155609130859375" lon="116.38060600496828556060791015625">
        <ele>51</ele>
        <time>2026-09-08T23:49:14.000Z</time>
        <extensions>
          <ns3:TrackPointExtension>
            <ns3:atemp>23.0</ns3:atemp>
            <ns3:hr>151</ns3:hr>
            <ns3:cad>87</ns3:cad>
          </ns3:TrackPointExtension>
        </extensions>
      </trkpt>
      <trkpt lat="39.93871442042291164398193359375" lon="116.3806298933923244476318359375">
        <ele>50.799999237060546875</ele>
        <time>2026-09-08T23:49:15.000Z</time>
        <extensions>
          <ns3:TrackPointExtension>
            <ns3:atemp>23.0</ns3:atemp>
            <ns3:hr>152</ns3:hr>
            <ns3:cad>87</ns3:cad>
          </ns3:TrackPointExtension>
        </extensions>
      </trkpt>
      <trkpt lat="39.93870369158685207366943359375" lon="116.3806526921689510345458984375">
        <ele>50.799999237060546875</ele>
        <time>2026-09-08T23:49:16.000Z</time>
        <extensions>
          <ns3:TrackPointExtension>
            <ns3:atemp>23.0</ns3:atemp>
            <ns3:hr>152</ns3:hr>
            <ns3:cad>86</ns3:cad>
          </ns3:TrackPointExtension>
        </extensions>
      </trkpt>
      <trkpt lat="39.93869145400822162628173828125" lon="116.3806828670203685760498046875">
        <ele>50.799999237060546875</ele>
        <time>2026-09-08T23:49:17.000Z</time>
        <extensions>
          <ns3:TrackPointExtension>
            <ns3:atemp>23.0</ns3:atemp>
            <ns3:hr>151</ns3:hr>
            <ns3:cad>82</ns3:cad>
          </ns3:TrackPointExtension>
        </extensions>
      </trkpt>
      <trkpt lat="39.9386838264763355255126953125" lon="116.38071320950984954833984375">
        <ele>50.59999847412109375</ele>
        <time>2026-09-08T23:49:18.000Z</time>
        <extensions>
          <ns3:TrackPointExtension>
            <ns3:atemp>23.0</ns3:atemp>
            <ns3:hr>151</ns3:hr>
            <ns3:cad>82</ns3:cad>
          </ns3:TrackPointExtension>
        </extensions>
      </trkpt>
      <trkpt lat="39.9386764504015445709228515625" lon="116.38074296526610851287841796875">
        <ele>50.59999847412109375</ele>
        <time>2026-09-08T23:49:19.000Z</time>
        <extensions>
          <ns3:TrackPointExtension>
            <ns3:atemp>23.0</ns3:atemp>
            <ns3:hr>151</ns3:hr>
            <ns3:cad>82</ns3:cad>
          </ns3:TrackPointExtension>
        </extensions>
      </trkpt>
      <trkpt lat="39.9386729300022125244140625" lon="116.38077515177428722381591796875">
        <ele>50.799999237060546875</ele>
        <time>2026-09-08T23:49:20.000Z</time>
        <extensions>
          <ns3:TrackPointExtension>
            <ns3:atemp>23.0</ns3:atemp>
            <ns3:hr>152</ns3:hr>
            <ns3:cad>82</ns3:cad>
          </ns3:TrackPointExtension>
        </extensions>
      </trkpt>
      <trkpt lat="39.93866848759353160858154296875" lon="116.38080415315926074981689453125">
        <ele>50.799999237060546875</ele>
        <time>2026-09-08T23:49:21.000Z</time>
        <extensions>
          <ns3:TrackPointExtension>
            <ns3:atemp>23.0</ns3:atemp>
            <ns3:hr>151</ns3:hr>
            <ns3:cad>83</ns3:cad>
          </ns3:TrackPointExtension>
        </extensions>
      </trkpt>
      <trkpt lat="39.93866329081356525421142578125" lon="116.38083701021969318389892578125">
        <ele>50.799999237060546875</ele>
        <time>2026-09-08T23:49:22.000Z</time>
        <extensions>
          <ns3:TrackPointExtension>
            <ns3:atemp>23.0</ns3:atemp>
            <ns3:hr>151</ns3:hr>
            <ns3:cad>86</ns3:cad>
          </ns3:TrackPointExtension>
        </extensions>
      </trkpt>
      <trkpt lat="39.9386596865952014923095703125" lon="116.38086165301501750946044921875">
        <ele>50.799999237060546875</ele>
        <time>2026-09-08T23:49:23.000Z</time>
        <extensions>
          <ns3:TrackPointExtension>
            <ns3:atemp>23.0</ns3:atemp>
            <ns3:hr>151</ns3:hr>
            <ns3:cad>86</ns3:cad>
          </ns3:TrackPointExtension>
        </extensions>
      </trkpt>
      <trkpt lat="39.9386523105204105377197265625" lon="116.38088797219097614288330078125">
        <ele>50.799999237060546875</ele>
        <time>2026-09-08T23:49:24.000Z</time>
        <extensions>
          <ns3:TrackPointExtension>
            <ns3:atemp>23.0</ns3:atemp>
            <ns3:hr>150</ns3:hr>
            <ns3:cad>87</ns3:cad>
          </ns3:TrackPointExtension>
        </extensions>
      </trkpt>
      <trkpt lat="39.93864920921623706817626953125" lon="116.38091504573822021484375">
        <ele>50.799999237060546875</ele>
        <time>2026-09-08T23:49:25.000Z</time>
        <extensions>
          <ns3:TrackPointExtension>
            <ns3:atemp>23.0</ns3:atemp>
            <ns3:hr>150</ns3:hr>
            <ns3:cad>87</ns3:cad>
          </ns3:TrackPointExtension>
        </extensions>
      </trkpt>
      <trkpt lat="39.93864409625530242919921875" lon="116.38094044290482997894287109375">
        <ele>50.59999847412109375</ele>
        <time>2026-09-08T23:49:26.000Z</time>
        <extensions>
          <ns3:TrackPointExtension>
            <ns3:atemp>23.0</ns3:atemp>
            <ns3:hr>150</ns3:hr>
            <ns3:cad>88</ns3:cad>
          </ns3:TrackPointExtension>
        </extensions>
      </trkpt>
      <trkpt lat="39.93864116258919239044189453125" lon="116.38096659444272518157958984375">
        <ele>50.59999847412109375</ele>
        <time>2026-09-08T23:49:27.000Z</time>
        <extensions>
          <ns3:TrackPointExtension>
            <ns3:atemp>23.0</ns3:atemp>
            <ns3:hr>150</ns3:hr>
            <ns3:cad>88</ns3:cad>
          </ns3:TrackPointExtension>
        </extensions>
      </trkpt>
      <trkpt lat="39.93864099495112895965576171875" lon="116.38099140487611293792724609375">
        <ele>50.59999847412109375</ele>
        <time>2026-09-08T23:49:28.000Z</time>
        <extensions>
          <ns3:TrackPointExtension>
            <ns3:atemp>23.0</ns3:atemp>
            <ns3:hr>150</ns3:hr>
            <ns3:cad>88</ns3:cad>
          </ns3:TrackPointExtension>
        </extensions>
      </trkpt>
      <trkpt lat="39.93863613344728946685791015625" lon="116.381019987165927886962890625">
        <ele>50.59999847412109375</ele>
        <time>2026-09-08T23:49:29.000Z</time>
        <extensions>
          <ns3:TrackPointExtension>
            <ns3:atemp>23.0</ns3:atemp>
            <ns3:hr>150</ns3:hr>
            <ns3:cad>87</ns3:cad>
          </ns3:TrackPointExtension>
        </extensions>
      </trkpt>
      <trkpt lat="39.93863202631473541259765625" lon="116.3810451328754425048828125">
        <ele>50.59999847412109375</ele>
        <time>2026-09-08T23:49:30.000Z</time>
        <extensions>
          <ns3:TrackPointExtension>
            <ns3:atemp>23.0</ns3:atemp>
            <ns3:hr>150</ns3:hr>
            <ns3:cad>87</ns3:cad>
          </ns3:TrackPointExtension>
        </extensions>
      </trkpt>
      <trkpt lat="39.93862641043961048126220703125" lon="116.38107203878462314605712890625">
        <ele>50.59999847412109375</ele>
        <time>2026-09-08T23:49:31.000Z</time>
        <extensions>
          <ns3:TrackPointExtension>
            <ns3:atemp>23.0</ns3:atemp>
            <ns3:hr>150</ns3:hr>
            <ns3:cad>87</ns3:cad>
          </ns3:TrackPointExtension>
        </extensions>
      </trkpt>
      <trkpt lat="39.93862154893577098846435546875" lon="116.3810992799699306488037109375">
        <ele>50.799999237060546875</ele>
        <time>2026-09-08T23:49:32.000Z</time>
        <extensions>
          <ns3:TrackPointExtension>
            <ns3:atemp>23.0</ns3:atemp>
            <ns3:hr>150</ns3:hr>
            <ns3:cad>87</ns3:cad>
          </ns3:TrackPointExtension>
        </extensions>
      </trkpt>
      <trkpt lat="39.93861735798418521881103515625" lon="116.3811167143285274505615234375">
        <ele>50.799999237060546875</ele>
        <time>2026-09-08T23:49:33.000Z</time>
        <extensions>
          <ns3:TrackPointExtension>
            <ns3:atemp>23.0</ns3:atemp>
            <ns3:hr>150</ns3:hr>
            <ns3:cad>87</ns3:cad>
          </ns3:TrackPointExtension>
        </extensions>
      </trkpt>
      <trkpt lat="39.93861132301390171051025390625" lon="116.381142698228359222412109375">
        <ele>50.799999237060546875</ele>
        <time>2026-09-08T23:49:34.000Z</time>
        <extensions>
          <ns3:TrackPointExtension>
            <ns3:atemp>23.0</ns3:atemp>
            <ns3:hr>150</ns3:hr>
            <ns3:cad>86</ns3:cad>
          </ns3:TrackPointExtension>
        </extensions>
      </trkpt>
      <trkpt lat="39.93860721588134765625" lon="116.38116373680531978607177734375">
        <ele>51</ele>
        <time>2026-09-08T23:49:35.000Z</time>
        <extensions>
          <ns3:TrackPointExtension>
            <ns3:atemp>23.0</ns3:atemp>
            <ns3:hr>150</ns3:hr>
            <ns3:cad>84</ns3:cad>
          </ns3:TrackPointExtension>
        </extensions>
      </trkpt>
      <trkpt lat="39.93860210292041301727294921875" lon="116.381192989647388458251953125">
        <ele>50.799999237060546875</ele>
        <time>2026-09-08T23:49:36.000Z</time>
        <extensions>
          <ns3:TrackPointExtension>
            <ns3:atemp>23.0</ns3:atemp>
            <ns3:hr>149</ns3:hr>
            <ns3:cad>84</ns3:cad>
          </ns3:TrackPointExtension>
        </extensions>
      </trkpt>
      <trkpt lat="39.93860059417784214019775390625" lon="116.381217800080776214599609375">
        <ele>50.799999237060546875</ele>
        <time>2026-09-08T23:49:37.000Z</time>
        <extensions>
          <ns3:TrackPointExtension>
            <ns3:atemp>23.0</ns3:atemp>
            <ns3:hr>150</ns3:hr>
            <ns3:cad>86</ns3:cad>
          </ns3:TrackPointExtension>
        </extensions>
      </trkpt>
      <trkpt lat="39.93860025890171527862548828125" lon="116.3812451250851154327392578125">
        <ele>50.59999847412109375</ele>
        <time>2026-09-08T23:49:38.000Z</time>
        <extensions>
          <ns3:TrackPointExtension>
            <ns3:atemp>23.0</ns3:atemp>
            <ns3:hr>150</ns3:hr>
            <ns3:cad>86</ns3:cad>
          </ns3:TrackPointExtension>
        </extensions>
      </trkpt>
      <trkpt lat="39.93859590031206607818603515625" lon="116.38126834295690059661865234375">
        <ele>50.40000152587890625</ele>
        <time>2026-09-08T23:49:39.000Z</time>
        <extensions>
          <ns3:TrackPointExtension>
            <ns3:atemp>23.0</ns3:atemp>
            <ns3:hr>149</ns3:hr>
            <ns3:cad>86</ns3:cad>
          </ns3:TrackPointExtension>
        </extensions>
      </trkpt>
      <trkpt lat="39.93859187699854373931884765625" lon="116.38129550032317638397216796875">
        <ele>50.40000152587890625</ele>
        <time>2026-09-08T23:49:40.000Z</time>
        <extensions>
          <ns3:TrackPointExtension>
            <ns3:atemp>23.0</ns3:atemp>
            <ns3:hr>149</ns3:hr>
            <ns3:cad>88</ns3:cad>
          </ns3:TrackPointExtension>
        </extensions>
      </trkpt>
      <trkpt lat="39.9385872669517993927001953125" lon="116.38132349587976932525634765625">
        <ele>50.40000152587890625</ele>
        <time>2026-09-08T23:49:41.000Z</time>
        <extensions>
          <ns3:TrackPointExtension>
            <ns3:atemp>23.0</ns3:atemp>
            <ns3:hr>149</ns3:hr>
            <ns3:cad>88</ns3:cad>
          </ns3:TrackPointExtension>
        </extensions>
      </trkpt>
      <trkpt lat="39.93857762776315212249755859375" lon="116.381353251636028289794921875">
        <ele>50.59999847412109375</ele>
        <time>2026-09-08T23:49:42.000Z</time>
        <extensions>
          <ns3:TrackPointExtension>
            <ns3:atemp>23.0</ns3:atemp>
            <ns3:hr>148</ns3:hr>
            <ns3:cad>88</ns3:cad>
          </ns3:TrackPointExtension>
        </extensions>
      </trkpt>
      <trkpt lat="39.938574023544788360595703125" lon="116.3813857734203338623046875">
        <ele>50.59999847412109375</ele>
        <time>2026-09-08T23:49:43.000Z</time>
        <extensions>
          <ns3:TrackPointExtension>
            <ns3:atemp>23.0</ns3:atemp>
            <ns3:hr>148</ns3:hr>
            <ns3:cad>88</ns3:cad>
          </ns3:TrackPointExtension>
        </extensions>
      </trkpt>
      <trkpt lat="39.9385654740035533905029296875" lon="116.38141921721398830413818359375">
        <ele>50.799999237060546875</ele>
        <time>2026-09-08T23:49:44.000Z</time>
        <extensions>
          <ns3:TrackPointExtension>
            <ns3:atemp>23.0</ns3:atemp>
            <ns3:hr>148</ns3:hr>
            <ns3:cad>88</ns3:cad>
          </ns3:TrackPointExtension>
        </extensions>
      </trkpt>
      <trkpt lat="39.93855566717684268951416015625" lon="116.38145308010280132293701171875">
        <ele>50.799999237060546875</ele>
        <time>2026-09-08T23:49:45.000Z</time>
        <extensions>
          <ns3:TrackPointExtension>
            <ns3:atemp>23.0</ns3:atemp>
            <ns3:hr>148</ns3:hr>
            <ns3:cad>89</ns3:cad>
          </ns3:TrackPointExtension>
        </extensions>
      </trkpt>
      <trkpt lat="39.93854845874011516571044921875" lon="116.3814835064113140106201171875">
        <ele>50.799999237060546875</ele>
        <time>2026-09-08T23:49:46.000Z</time>
        <extensions>
          <ns3:TrackPointExtension>
            <ns3:atemp>23.0</ns3:atemp>
            <ns3:hr>149</ns3:hr>
            <ns3:cad>89</ns3:cad>
          </ns3:TrackPointExtension>
        </extensions>
      </trkpt>
      <trkpt lat="39.9385415017604827880859375" lon="116.38151342980563640594482421875">
        <ele>50.799999237060546875</ele>
        <time>2026-09-08T23:49:47.000Z</time>
        <extensions>
          <ns3:TrackPointExtension>
            <ns3:atemp>23.0</ns3:atemp>
            <ns3:hr>148</ns3:hr>
            <ns3:cad>89</ns3:cad>
          </ns3:TrackPointExtension>
        </extensions>
      </trkpt>
      <trkpt lat="39.938533790409564971923828125" lon="116.3815431855618953704833984375">
        <ele>50.59999847412109375</ele>
        <time>2026-09-08T23:49:48.000Z</time>
        <extensions>
          <ns3:TrackPointExtension>
            <ns3:atemp>23.0</ns3:atemp>
            <ns3:hr>148</ns3:hr>
            <ns3:cad>89</ns3:cad>
          </ns3:TrackPointExtension>
        </extensions>
      </trkpt>
      <trkpt lat="39.93853010237216949462890625" lon="116.3815643079578876495361328125">
        <ele>50.799999237060546875</ele>
        <time>2026-09-08T23:49:49.000Z</time>
        <extensions>
          <ns3:TrackPointExtension>
            <ns3:atemp>23.0</ns3:atemp>
            <ns3:hr>148</ns3:hr>
            <ns3:cad>89</ns3:cad>
          </ns3:TrackPointExtension>
        </extensions>
      </trkpt>
      <trkpt lat="39.9385245703160762786865234375" lon="116.3815938122570514678955078125">
        <ele>50.799999237060546875</ele>
        <time>2026-09-08T23:49:50.000Z</time>
        <extensions>
          <ns3:TrackPointExtension>
            <ns3:atemp>23.0</ns3:atemp>
            <ns3:hr>147</ns3:hr>
            <ns3:cad>89</ns3:cad>
          </ns3:TrackPointExtension>
        </extensions>
      </trkpt>
      <trkpt lat="39.9385202117264270782470703125" lon="116.38162071816623210906982421875">
        <ele>50.799999237060546875</ele>
        <time>2026-09-08T23:49:51.000Z</time>
        <extensions>
          <ns3:TrackPointExtension>
            <ns3:atemp>23.0</ns3:atemp>
            <ns3:hr>147</ns3:hr>
            <ns3:cad>89</ns3:cad>
          </ns3:TrackPointExtension>
        </extensions>
      </trkpt>
      <trkpt lat="39.93850990198552608489990234375" lon="116.381652317941188812255859375">
        <ele>50.799999237060546875</ele>
        <time>2026-09-08T23:49:52.000Z</time>
        <extensions>
          <ns3:TrackPointExtension>
            <ns3:atemp>23.0</ns3:atemp>
            <ns3:hr>147</ns3:hr>
            <ns3:cad>89</ns3:cad>
          </ns3:TrackPointExtension>
        </extensions>
      </trkpt>
      <trkpt lat="39.93850571103394031524658203125" lon="116.38168073259294033050537109375">
        <ele>50.799999237060546875</ele>
        <time>2026-09-08T23:49:53.000Z</time>
        <extensions>
          <ns3:TrackPointExtension>
            <ns3:atemp>23.0</ns3:atemp>
            <ns3:hr>147</ns3:hr>
            <ns3:cad>90</ns3:cad>
          </ns3:TrackPointExtension>
        </extensions>
      </trkpt>
      <trkpt lat="39.9384980835020542144775390625" lon="116.38171275146305561065673828125">
        <ele>50.59999847412109375</ele>
        <time>2026-09-08T23:49:54.000Z</time>
        <extensions>
          <ns3:TrackPointExtension>
            <ns3:atemp>23.0</ns3:atemp>
            <ns3:hr>147</ns3:hr>
            <ns3:cad>90</ns3:cad>
          </ns3:TrackPointExtension>
        </extensions>
      </trkpt>
      <trkpt lat="39.93849464692175388336181640625" lon="116.38174720108509063720703125">
        <ele>50.59999847412109375</ele>
        <time>2026-09-08T23:49:55.000Z</time>
        <extensions>
          <ns3:TrackPointExtension>
            <ns3:atemp>23.0</ns3:atemp>
            <ns3:hr>147</ns3:hr>
            <ns3:cad>90</ns3:cad>
          </ns3:TrackPointExtension>
        </extensions>
      </trkpt>
      <trkpt lat="39.9384897015988826751708984375" lon="116.3817768730223178863525390625">
        <ele>50.59999847412109375</ele>
        <time>2026-09-08T23:49:56.000Z</time>
        <extensions>
          <ns3:TrackPointExtension>
            <ns3:atemp>23.0</ns3:atemp>
            <ns3:hr>147</ns3:hr>
            <ns3:cad>90</ns3:cad>
          </ns3:TrackPointExtension>
        </extensions>
      </trkpt>
      <trkpt lat="39.9384833313524723052978515625" lon="116.38180964626371860504150390625">
        <ele>50.59999847412109375</ele>
        <time>2026-09-08T23:49:57.000Z</time>
        <extensions>
          <ns3:TrackPointExtension>
            <ns3:atemp>23.0</ns3:atemp>
            <ns3:hr>146</ns3:hr>
            <ns3:cad>90</ns3:cad>
          </ns3:TrackPointExtension>
        </extensions>
      </trkpt>
      <trkpt lat="39.93847704492509365081787109375" lon="116.38184149749577045440673828125">
        <ele>50.59999847412109375</ele>
        <time>2026-09-08T23:49:58.000Z</time>
        <extensions>
          <ns3:TrackPointExtension>
            <ns3:atemp>23.0</ns3:atemp>
            <ns3:hr>146</ns3:hr>
            <ns3:cad>88</ns3:cad>
          </ns3:TrackPointExtension>
        </extensions>
      </trkpt>
      <trkpt lat="39.93847151286900043487548828125" lon="116.381876952946186065673828125">
        <ele>50.59999847412109375</ele>
        <time>2026-09-08T23:49:59.000Z</time>
        <extensions>
          <ns3:TrackPointExtension>
            <ns3:atemp>23.0</ns3:atemp>
            <ns3:hr>146</ns3:hr>
            <ns3:cad>88</ns3:cad>
          </ns3:TrackPointExtension>
        </extensions>
      </trkpt>
      <trkpt lat="39.93846782483160495758056640625" lon="116.38190955854952335357666015625">
        <ele>50.799999237060546875</ele>
        <time>2026-09-08T23:50:00.000Z</time>
        <extensions>
          <ns3:TrackPointExtension>
            <ns3:atemp>23.0</ns3:atemp>
            <ns3:hr>146</ns3:hr>
            <ns3:cad>89</ns3:cad>
          </ns3:TrackPointExtension>
        </extensions>
      </trkpt>
      <trkpt lat="39.9384625442326068878173828125" lon="116.38194057159125804901123046875">
        <ele>50.59999847412109375</ele>
        <time>2026-09-08T23:50:01.000Z</time>
        <extensions>
          <ns3:TrackPointExtension>
            <ns3:atemp>23.0</ns3:atemp>
            <ns3:hr>146</ns3:hr>
            <ns3:cad>89</ns3:cad>
          </ns3:TrackPointExtension>
        </extensions>
      </trkpt>
      <trkpt lat="39.93845709599554538726806640625" lon="116.381970830261707305908203125">
        <ele>50.59999847412109375</ele>
        <time>2026-09-08T23:50:02.000Z</time>
        <extensions>
          <ns3:TrackPointExtension>
            <ns3:atemp>23.0</ns3:atemp>
            <ns3:hr>146</ns3:hr>
            <ns3:cad>89</ns3:cad>
          </ns3:TrackPointExtension>
        </extensions>
      </trkpt>
      <trkpt lat="39.93844603188335895538330078125" lon="116.3819973170757293701171875">
        <ele>50.59999847412109375</ele>
        <time>2026-09-08T23:50:03.000Z</time>
        <extensions>
          <ns3:TrackPointExtension>
            <ns3:atemp>23.0</ns3:atemp>
            <ns3:hr>145</ns3:hr>
            <ns3:cad>89</ns3:cad>
          </ns3:TrackPointExtension>
        </extensions>
      </trkpt>
      <trkpt lat="39.9384394101798534393310546875" lon="116.38202204369008541107177734375">
        <ele>50.59999847412109375</ele>
        <time>2026-09-08T23:50:04.000Z</time>
        <extensions>
          <ns3:TrackPointExtension>
            <ns3:atemp>23.0</ns3:atemp>
            <ns3:hr>146</ns3:hr>
            <ns3:cad>89</ns3:cad>
          </ns3:TrackPointExtension>
        </extensions>
      </trkpt>
      <trkpt lat="39.938426502048969268798828125" lon="116.38204501010477542877197265625">
        <ele>50.59999847412109375</ele>
        <time>2026-09-08T23:50:05.000Z</time>
        <extensions>
          <ns3:TrackPointExtension>
            <ns3:atemp>23.0</ns3:atemp>
            <ns3:hr>146</ns3:hr>
            <ns3:cad>89</ns3:cad>
          </ns3:TrackPointExtension>
        </extensions>
      </trkpt>
      <trkpt lat="39.93842340074479579925537109375" lon="116.3820621930062770843505859375">
        <ele>50.59999847412109375</ele>
        <time>2026-09-08T23:50:06.000Z</time>
        <extensions>
          <ns3:TrackPointExtension>
            <ns3:atemp>23.0</ns3:atemp>
            <ns3:hr>146</ns3:hr>
            <ns3:cad>88</ns3:cad>
          </ns3:TrackPointExtension>
        </extensions>
      </trkpt>
      <trkpt lat="39.93842189200222492218017578125" lon="116.3820702396333217620849609375">
        <ele>50.59999847412109375</ele>
        <time>2026-09-08T23:50:07.000Z</time>
        <extensions>
          <ns3:TrackPointExtension>
            <ns3:atemp>23.0</ns3:atemp>
            <ns3:hr>146</ns3:hr>
            <ns3:cad>88</ns3:cad>
          </ns3:TrackPointExtension>
        </extensions>
      </trkpt>
      <trkpt lat="39.93842340074479579925537109375" lon="116.38208138756453990936279296875">
        <ele>50.799999237060546875</ele>
        <time>2026-09-08T23:50:08.000Z</time>
        <extensions>
          <ns3:TrackPointExtension>
            <ns3:atemp>23.0</ns3:atemp>
            <ns3:hr>147</ns3:hr>
            <ns3:cad>88</ns3:cad>
          </ns3:TrackPointExtension>
        </extensions>
      </trkpt>
      <trkpt lat="39.93842541240155696868896484375" lon="116.38210125267505645751953125">
        <ele>51</ele>
        <time>2026-09-08T23:50:09.000Z</time>
        <extensions>
          <ns3:TrackPointExtension>
            <ns3:atemp>23.0</ns3:atemp>
            <ns3:hr>147</ns3:hr>
            <ns3:cad>88</ns3:cad>
          </ns3:TrackPointExtension>
        </extensions>
      </trkpt>
      <trkpt lat="39.93842457421123981475830078125" lon="116.382121704518795013427734375">
        <ele>51</ele>
        <time>2026-09-08T23:50:10.000Z</time>
        <extensions>
          <ns3:TrackPointExtension>
            <ns3:atemp>23.0</ns3:atemp>
            <ns3:hr>147</ns3:hr>
            <ns3:cad>88</ns3:cad>
          </ns3:TrackPointExtension>
        </extensions>
      </trkpt>
      <trkpt lat="39.93842323310673236846923828125" lon="116.3821483589708805084228515625">
        <ele>50.799999237060546875</ele>
        <time>2026-09-08T23:50:11.000Z</time>
        <extensions>
          <ns3:TrackPointExtension>
            <ns3:atemp>23.0</ns3:atemp>
            <ns3:hr>147</ns3:hr>
            <ns3:cad>85</ns3:cad>
          </ns3:TrackPointExtension>
        </extensions>
      </trkpt>
      <trkpt lat="39.93842055089771747589111328125" lon="116.38217409141361713409423828125">
        <ele>50.799999237060546875</ele>
        <time>2026-09-08T23:50:12.000Z</time>
        <extensions>
          <ns3:TrackPointExtension>
            <ns3:atemp>23.0</ns3:atemp>
            <ns3:hr>148</ns3:hr>
            <ns3:cad>85</ns3:cad>
          </ns3:TrackPointExtension>
        </extensions>
      </trkpt>
      <trkpt lat="39.93841879069805145263671875" lon="116.3822043500840663909912109375">
        <ele>50.59999847412109375</ele>
        <time>2026-09-08T23:50:13.000Z</time>
        <extensions>
          <ns3:TrackPointExtension>
            <ns3:atemp>23.0</ns3:atemp>
            <ns3:hr>148</ns3:hr>
            <ns3:cad>85</ns3:cad>
          </ns3:TrackPointExtension>
        </extensions>
      </trkpt>
      <trkpt lat="39.9384149350225925445556640625" lon="116.3822308368980884552001953125">
        <ele>50.59999847412109375</ele>
        <time>2026-09-08T23:50:14.000Z</time>
        <extensions>
          <ns3:TrackPointExtension>
            <ns3:atemp>23.0</ns3:atemp>
            <ns3:hr>148</ns3:hr>
            <ns3:cad>88</ns3:cad>
          </ns3:TrackPointExtension>
        </extensions>
      </trkpt>
      <trkpt lat="39.9384115822613239288330078125" lon="116.38225841335952281951904296875">
        <ele>50.59999847412109375</ele>
        <time>2026-09-08T23:50:15.000Z</time>
        <extensions>
          <ns3:TrackPointExtension>
            <ns3:atemp>23.0</ns3:atemp>
            <ns3:hr>148</ns3:hr>
            <ns3:cad>88</ns3:cad>
          </ns3:TrackPointExtension>
        </extensions>
      </trkpt>
      <trkpt lat="39.9384045414626598358154296875" lon="116.3822905160486698150634765625">
        <ele>50.59999847412109375</ele>
        <time>2026-09-08T23:50:16.000Z</time>
        <extensions>
          <ns3:TrackPointExtension>
            <ns3:atemp>23.0</ns3:atemp>
            <ns3:hr>148</ns3:hr>
            <ns3:cad>88</ns3:cad>
          </ns3:TrackPointExtension>
        </extensions>
      </trkpt>
      <trkpt lat="39.9384033679962158203125" lon="116.3823139853775501251220703125">
        <ele>50.799999237060546875</ele>
        <time>2026-09-08T23:50:17.000Z</time>
        <extensions>
          <ns3:TrackPointExtension>
            <ns3:atemp>23.0</ns3:atemp>
            <ns3:hr>148</ns3:hr>
            <ns3:cad>88</ns3:cad>
          </ns3:TrackPointExtension>
        </extensions>
      </trkpt>
      <trkpt lat="39.93839758448302745819091796875" lon="116.382344327867031097412109375">
        <ele>50.799999237060546875</ele>
        <time>2026-09-08T23:50:18.000Z</time>
        <extensions>
          <ns3:TrackPointExtension>
            <ns3:atemp>23.0</ns3:atemp>
            <ns3:hr>147</ns3:hr>
            <ns3:cad>88</ns3:cad>
          </ns3:TrackPointExtension>
        </extensions>
      </trkpt>
      <trkpt lat="39.9383971653878688812255859375" lon="116.382367126643657684326171875">
        <ele>50.799999237060546875</ele>
        <time>2026-09-08T23:50:19.000Z</time>
        <extensions>
          <ns3:TrackPointExtension>
            <ns3:atemp>23.0</ns3:atemp>
            <ns3:hr>147</ns3:hr>
            <ns3:cad>88</ns3:cad>
          </ns3:TrackPointExtension>
        </extensions>
      </trkpt>
      <trkpt lat="39.93839205242693424224853515625" lon="116.38240107335150241851806640625">
        <ele>50.799999237060546875</ele>
        <time>2026-09-08T23:50:20.000Z</time>
        <extensions>
          <ns3:TrackPointExtension>
            <ns3:atemp>23.0</ns3:atemp>
            <ns3:hr>147</ns3:hr>
            <ns3:cad>88</ns3:cad>
          </ns3:TrackPointExtension>
        </extensions>
      </trkpt>
      <trkpt lat="39.9383918009698390960693359375" lon="116.382430829107761383056640625">
        <ele>50.799999237060546875</ele>
        <time>2026-09-08T23:50:21.000Z</time>
        <extensions>
          <ns3:TrackPointExtension>
            <ns3:atemp>23.0</ns3:atemp>
            <ns3:hr>147</ns3:hr>
            <ns3:cad>89</ns3:cad>
          </ns3:TrackPointExtension>
        </extensions>
      </trkpt>
      <trkpt lat="39.9383886158466339111328125" lon="116.3824571482837200164794921875">
        <ele>50.59999847412109375</ele>
        <time>2026-09-08T23:50:22.000Z</time>
        <extensions>
          <ns3:TrackPointExtension>
            <ns3:atemp>23.0</ns3:atemp>
            <ns3:hr>147</ns3:hr>
            <ns3:cad>89</ns3:cad>
          </ns3:TrackPointExtension>
        </extensions>
      </trkpt>
      <trkpt lat="39.93838258087635040283203125" lon="116.3824832998216152191162109375">
        <ele>50.59999847412109375</ele>
        <time>2026-09-08T23:50:23.000Z</time>
        <extensions>
          <ns3:TrackPointExtension>
            <ns3:atemp>23.0</ns3:atemp>
            <ns3:hr>147</ns3:hr>
            <ns3:cad>89</ns3:cad>
          </ns3:TrackPointExtension>
        </extensions>
      </trkpt>
      <trkpt lat="39.9383743666112422943115234375" lon="116.38251288793981075286865234375">
        <ele>50.59999847412109375</ele>
        <time>2026-09-08T23:50:24.000Z</time>
        <extensions>
          <ns3:TrackPointExtension>
            <ns3:atemp>23.0</ns3:atemp>
            <ns3:hr>147</ns3:hr>
            <ns3:cad>88</ns3:cad>
          </ns3:TrackPointExtension>
        </extensions>
      </trkpt>
      <trkpt lat="39.93836455978453159332275390625" lon="116.382538788020610809326171875">
        <ele>50.59999847412109375</ele>
        <time>2026-09-08T23:50:25.000Z</time>
        <extensions>
          <ns3:TrackPointExtension>
            <ns3:atemp>23.0</ns3:atemp>
            <ns3:hr>147</ns3:hr>
            <ns3:cad>88</ns3:cad>
          </ns3:TrackPointExtension>
        </extensions>
      </trkpt>
      <trkpt lat="39.93835601024329662322998046875" lon="116.3825684599578380584716796875">
        <ele>50.59999847412109375</ele>
        <time>2026-09-08T23:50:26.000Z</time>
        <extensions>
          <ns3:TrackPointExtension>
            <ns3:atemp>23.0</ns3:atemp>
            <ns3:hr>147</ns3:hr>
            <ns3:cad>88</ns3:cad>
          </ns3:TrackPointExtension>
        </extensions>
      </trkpt>
      <trkpt lat="39.93834746070206165313720703125" lon="116.3826006464660167694091796875">
        <ele>50.59999847412109375</ele>
        <time>2026-09-08T23:50:27.000Z</time>
        <extensions>
          <ns3:TrackPointExtension>
            <ns3:atemp>23.0</ns3:atemp>
            <ns3:hr>147</ns3:hr>
            <ns3:cad>87</ns3:cad>
          </ns3:TrackPointExtension>
        </extensions>
      </trkpt>
      <trkpt lat="39.938341341912746429443359375" lon="116.3826301507651805877685546875">
        <ele>50.59999847412109375</ele>
        <time>2026-09-08T23:50:28.000Z</time>
        <extensions>
          <ns3:TrackPointExtension>
            <ns3:atemp>23.0</ns3:atemp>
            <ns3:hr>147</ns3:hr>
            <ns3:cad>88</ns3:cad>
          </ns3:TrackPointExtension>
        </extensions>
      </trkpt>
      <trkpt lat="39.9383337981998920440673828125" lon="116.382662840187549591064453125">
        <ele>50.59999847412109375</ele>
        <time>2026-09-08T23:50:29.000Z</time>
        <extensions>
          <ns3:TrackPointExtension>
            <ns3:atemp>23.0</ns3:atemp>
            <ns3:hr>147</ns3:hr>
            <ns3:cad>88</ns3:cad>
          </ns3:TrackPointExtension>
        </extensions>
      </trkpt>
      <trkpt lat="39.93832700885832309722900390625" lon="116.3826874829828739166259765625">
        <ele>50.59999847412109375</ele>
        <time>2026-09-08T23:50:30.000Z</time>
        <extensions>
          <ns3:TrackPointExtension>
            <ns3:atemp>23.0</ns3:atemp>
            <ns3:hr>147</ns3:hr>
            <ns3:cad>88</ns3:cad>
          </ns3:TrackPointExtension>
        </extensions>
      </trkpt>
      <trkpt lat="39.938321895897388458251953125" lon="116.3827193342149257659912109375">
        <ele>50.59999847412109375</ele>
        <time>2026-09-08T23:50:31.000Z</time>
        <extensions>
          <ns3:TrackPointExtension>
            <ns3:atemp>23.0</ns3:atemp>
            <ns3:hr>146</ns3:hr>
            <ns3:cad>89</ns3:cad>
          </ns3:TrackPointExtension>
        </extensions>
      </trkpt>
      <trkpt lat="39.93831695057451725006103515625" lon="116.38275009579956531524658203125">
        <ele>50.59999847412109375</ele>
        <time>2026-09-08T23:50:32.000Z</time>
        <extensions>
          <ns3:TrackPointExtension>
            <ns3:atemp>23.0</ns3:atemp>
            <ns3:hr>146</ns3:hr>
            <ns3:cad>89</ns3:cad>
          </ns3:TrackPointExtension>
        </extensions>
      </trkpt>
      <trkpt lat="39.938309155404567718505859375" lon="116.38277993537485599517822265625">
        <ele>50.59999847412109375</ele>
        <time>2026-09-08T23:50:33.000Z</time>
        <extensions>
          <ns3:TrackPointExtension>
            <ns3:atemp>23.0</ns3:atemp>
            <ns3:hr>146</ns3:hr>
            <ns3:cad>89</ns3:cad>
          </ns3:TrackPointExtension>
        </extensions>
      </trkpt>
      <trkpt lat="39.93830622173845767974853515625" lon="116.38281228952109813690185546875">
        <ele>50.59999847412109375</ele>
        <time>2026-09-08T23:50:34.000Z</time>
        <extensions>
          <ns3:TrackPointExtension>
            <ns3:atemp>23.0</ns3:atemp>
            <ns3:hr>146</ns3:hr>
            <ns3:cad>88</ns3:cad>
          </ns3:TrackPointExtension>
        </extensions>
      </trkpt>
      <trkpt lat="39.93829750455915927886962890625" lon="116.38284682296216487884521484375">
        <ele>50.799999237060546875</ele>
        <time>2026-09-08T23:50:35.000Z</time>
        <extensions>
          <ns3:TrackPointExtension>
            <ns3:atemp>23.0</ns3:atemp>
            <ns3:hr>146</ns3:hr>
            <ns3:cad>88</ns3:cad>
          </ns3:TrackPointExtension>
        </extensions>
      </trkpt>
      <trkpt lat="39.9382949061691761016845703125" lon="116.382874064147472381591796875">
        <ele>50.799999237060546875</ele>
        <time>2026-09-08T23:50:36.000Z</time>
        <extensions>
          <ns3:TrackPointExtension>
            <ns3:atemp>23.0</ns3:atemp>
            <ns3:hr>146</ns3:hr>
            <ns3:cad>88</ns3:cad>
          </ns3:TrackPointExtension>
        </extensions>
      </trkpt>
      <trkpt lat="39.938290379941463470458984375" lon="116.3829097710549831390380859375">
        <ele>50.799999237060546875</ele>
        <time>2026-09-08T23:50:37.000Z</time>
        <extensions>
          <ns3:TrackPointExtension>
            <ns3:atemp>23.0</ns3:atemp>
            <ns3:hr>146</ns3:hr>
            <ns3:cad>88</ns3:cad>
          </ns3:TrackPointExtension>
        </extensions>
      </trkpt>
      <trkpt lat="39.93828778155148029327392578125" lon="116.38293810188770294189453125">
        <ele>50.799999237060546875</ele>
        <time>2026-09-08T23:50:38.000Z</time>
        <extensions>
          <ns3:TrackPointExtension>
            <ns3:atemp>23.0</ns3:atemp>
            <ns3:hr>145</ns3:hr>
            <ns3:cad>88</ns3:cad>
          </ns3:TrackPointExtension>
        </extensions>
      </trkpt>
      <trkpt lat="39.93828157894313335418701171875" lon="116.3829682767391204833984375">
        <ele>50.59999847412109375</ele>
        <time>2026-09-08T23:50:39.000Z</time>
        <extensions>
          <ns3:TrackPointExtension>
            <ns3:atemp>23.0</ns3:atemp>
            <ns3:hr>146</ns3:hr>
            <ns3:cad>88</ns3:cad>
          </ns3:TrackPointExtension>
        </extensions>
      </trkpt>
      <trkpt lat="39.93827269412577152252197265625" lon="116.383001469075679779052734375">
        <ele>50.59999847412109375</ele>
        <time>2026-09-08T23:50:40.000Z</time>
        <extensions>
          <ns3:TrackPointExtension>
            <ns3:atemp>23.0</ns3:atemp>
            <ns3:hr>146</ns3:hr>
            <ns3:cad>88</ns3:cad>
          </ns3:TrackPointExtension>
        </extensions>
      </trkpt>
      <trkpt lat="39.93826984427869319915771484375" lon="116.383025944232940673828125">
        <ele>50.59999847412109375</ele>
        <time>2026-09-08T23:50:41.000Z</time>
        <extensions>
          <ns3:TrackPointExtension>
            <ns3:atemp>23.0</ns3:atemp>
            <ns3:hr>146</ns3:hr>
            <ns3:cad>88</ns3:cad>
          </ns3:TrackPointExtension>
        </extensions>
      </trkpt>
      <trkpt lat="39.93826447986066341400146484375" lon="116.38305687345564365386962890625">
        <ele>50.59999847412109375</ele>
        <time>2026-09-08T23:50:42.000Z</time>
        <extensions>
          <ns3:TrackPointExtension>
            <ns3:atemp>23.0</ns3:atemp>
            <ns3:hr>145</ns3:hr>
            <ns3:cad>88</ns3:cad>
          </ns3:TrackPointExtension>
        </extensions>
      </trkpt>
      <trkpt lat="39.93826313875615596771240234375" lon="116.38308503665030002593994140625">
        <ele>50.59999847412109375</ele>
        <time>2026-09-08T23:50:43.000Z</time>
        <extensions>
          <ns3:TrackPointExtension>
            <ns3:atemp>23.0</ns3:atemp>
            <ns3:hr>146</ns3:hr>
            <ns3:cad>88</ns3:cad>
          </ns3:TrackPointExtension>
        </extensions>
      </trkpt>
      <trkpt lat="39.93825777433812618255615234375" lon="116.38311638496816158294677734375">
        <ele>50.40000152587890625</ele>
        <time>2026-09-08T23:50:44.000Z</time>
        <extensions>
          <ns3:TrackPointExtension>
            <ns3:atemp>23.0</ns3:atemp>
            <ns3:hr>146</ns3:hr>
            <ns3:cad>87</ns3:cad>
          </ns3:TrackPointExtension>
        </extensions>
      </trkpt>
      <trkpt lat="39.93825375102460384368896484375" lon="116.38314572162926197052001953125">
        <ele>50.40000152587890625</ele>
        <time>2026-09-08T23:50:45.000Z</time>
        <extensions>
          <ns3:TrackPointExtension>
            <ns3:atemp>23.0</ns3:atemp>
            <ns3:hr>146</ns3:hr>
            <ns3:cad>88</ns3:cad>
          </ns3:TrackPointExtension>
        </extensions>
      </trkpt>
      <trkpt lat="39.938247464597225189208984375" lon="116.3831736333668231964111328125">
        <ele>50.40000152587890625</ele>
        <time>2026-09-08T23:50:46.000Z</time>
        <extensions>
          <ns3:TrackPointExtension>
            <ns3:atemp>23.0</ns3:atemp>
            <ns3:hr>145</ns3:hr>
            <ns3:cad>88</ns3:cad>
          </ns3:TrackPointExtension>
        </extensions>
      </trkpt>
      <trkpt lat="39.93824218399822711944580078125" lon="116.38320154510438442230224609375">
        <ele>50.40000152587890625</ele>
        <time>2026-09-08T23:50:47.000Z</time>
        <extensions>
          <ns3:TrackPointExtension>
            <ns3:atemp>23.0</ns3:atemp>
            <ns3:hr>146</ns3:hr>
            <ns3:cad>88</ns3:cad>
          </ns3:TrackPointExtension>
        </extensions>
      </trkpt>
      <trkpt lat="39.9382365681231021881103515625" lon="116.3832306303083896636962890625">
        <ele>50.40000152587890625</ele>
        <time>2026-09-08T23:50:48.000Z</time>
        <extensions>
          <ns3:TrackPointExtension>
            <ns3:atemp>23.0</ns3:atemp>
            <ns3:hr>146</ns3:hr>
            <ns3:cad>88</ns3:cad>
          </ns3:TrackPointExtension>
        </extensions>
      </trkpt>
      <trkpt lat="39.93823413737118244171142578125" lon="116.38325602747499942779541015625">
        <ele>50.40000152587890625</ele>
        <time>2026-09-08T23:50:49.000Z</time>
        <extensions>
          <ns3:TrackPointExtension>
            <ns3:atemp>23.0</ns3:atemp>
            <ns3:hr>145</ns3:hr>
            <ns3:cad>87</ns3:cad>
          </ns3:TrackPointExtension>
        </extensions>
      </trkpt>
      <trkpt lat="39.938228689134120941162109375" lon="116.383287794888019561767578125">
        <ele>50.200000762939453125</ele>
        <time>2026-09-08T23:50:50.000Z</time>
        <extensions>
          <ns3:TrackPointExtension>
            <ns3:atemp>23.0</ns3:atemp>
            <ns3:hr>146</ns3:hr>
            <ns3:cad>87</ns3:cad>
          </ns3:TrackPointExtension>
        </extensions>
      </trkpt>
      <trkpt lat="39.9382248334586620330810546875" lon="116.38331227004528045654296875">
        <ele>50.200000762939453125</ele>
        <time>2026-09-08T23:50:51.000Z</time>
        <extensions>
          <ns3:TrackPointExtension>
            <ns3:atemp>23.0</ns3:atemp>
            <ns3:hr>146</ns3:hr>
            <ns3:cad>87</ns3:cad>
          </ns3:TrackPointExtension>
        </extensions>
      </trkpt>
      <trkpt lat="39.93821469135582447052001953125" lon="116.3833416067063808441162109375">
        <ele>50.200000762939453125</ele>
        <time>2026-09-08T23:50:52.000Z</time>
        <extensions>
          <ns3:TrackPointExtension>
            <ns3:atemp>23.0</ns3:atemp>
            <ns3:hr>145</ns3:hr>
            <ns3:cad>88</ns3:cad>
          </ns3:TrackPointExtension>
        </extensions>
      </trkpt>
      <trkpt lat="39.93821050040423870086669921875" lon="116.38336549513041973114013671875">
        <ele>50.40000152587890625</ele>
        <time>2026-09-08T23:50:53.000Z</time>
        <extensions>
          <ns3:TrackPointExtension>
            <ns3:atemp>23.0</ns3:atemp>
            <ns3:hr>145</ns3:hr>
            <ns3:cad>88</ns3:cad>
          </ns3:TrackPointExtension>
        </extensions>
      </trkpt>
      <trkpt lat="39.9382062256336212158203125" lon="116.3833969272673130035400390625">
        <ele>50.40000152587890625</ele>
        <time>2026-09-08T23:50:54.000Z</time>
        <extensions>
          <ns3:TrackPointExtension>
            <ns3:atemp>23.0</ns3:atemp>
            <ns3:hr>145</ns3:hr>
            <ns3:cad>88</ns3:cad>
          </ns3:TrackPointExtension>
        </extensions>
      </trkpt>
      <trkpt lat="39.9381981790065765380859375" lon="116.383427269756793975830078125">
        <ele>50.40000152587890625</ele>
        <time>2026-09-08T23:50:55.000Z</time>
        <extensions>
          <ns3:TrackPointExtension>
            <ns3:atemp>23.0</ns3:atemp>
            <ns3:hr>145</ns3:hr>
            <ns3:cad>88</ns3:cad>
          </ns3:TrackPointExtension>
        </extensions>
      </trkpt>
      <trkpt lat="39.93819038383662700653076171875" lon="116.38345777988433837890625">
        <ele>50.40000152587890625</ele>
        <time>2026-09-08T23:50:56.000Z</time>
        <extensions>
          <ns3:TrackPointExtension>
            <ns3:atemp>23.0</ns3:atemp>
            <ns3:hr>146</ns3:hr>
            <ns3:cad>88</ns3:cad>
          </ns3:TrackPointExtension>
        </extensions>
      </trkpt>
      <trkpt lat="39.93818434886634349822998046875" lon="116.3834874518215656280517578125">
        <ele>50.40000152587890625</ele>
        <time>2026-09-08T23:50:57.000Z</time>
        <extensions>
          <ns3:TrackPointExtension>
            <ns3:atemp>23.0</ns3:atemp>
            <ns3:hr>145</ns3:hr>
            <ns3:cad>89</ns3:cad>
          </ns3:TrackPointExtension>
        </extensions>
      </trkpt>
      <trkpt lat="39.93817646987736225128173828125" lon="116.38351477682590484619140625">
        <ele>50.40000152587890625</ele>
        <time>2026-09-08T23:50:58.000Z</time>
        <extensions>
          <ns3:TrackPointExtension>
            <ns3:atemp>23.0</ns3:atemp>
            <ns3:hr>145</ns3:hr>
            <ns3:cad>88</ns3:cad>
          </ns3:TrackPointExtension>
        </extensions>
      </trkpt>
      <trkpt lat="39.9381713569164276123046875" lon="116.38354268856346607208251953125">
        <ele>50.40000152587890625</ele>
        <time>2026-09-08T23:50:59.000Z</time>
        <extensions>
          <ns3:TrackPointExtension>
            <ns3:atemp>23.0</ns3:atemp>
            <ns3:hr>146</ns3:hr>
            <ns3:cad>89</ns3:cad>
          </ns3:TrackPointExtension>
        </extensions>
      </trkpt>
      <trkpt lat="39.93816439993679523468017578125" lon="116.3835722766816616058349609375">
        <ele>50.40000152587890625</ele>
        <time>2026-09-08T23:51:00.000Z</time>
        <extensions>
          <ns3:TrackPointExtension>
            <ns3:atemp>23.0</ns3:atemp>
            <ns3:hr>145</ns3:hr>
            <ns3:cad>88</ns3:cad>
          </ns3:TrackPointExtension>
        </extensions>
      </trkpt>
      <trkpt lat="39.93815769441425800323486328125" lon="116.38360320590436458587646484375">
        <ele>50.59999847412109375</ele>
        <time>2026-09-08T23:51:01.000Z</time>
        <extensions>
          <ns3:TrackPointExtension>
            <ns3:atemp>23.0</ns3:atemp>
            <ns3:hr>145</ns3:hr>
            <ns3:cad>88</ns3:cad>
          </ns3:TrackPointExtension>
        </extensions>
      </trkpt>
      <trkpt lat="39.93814679794013500213623046875" lon="116.3836363144218921661376953125">
        <ele>50.59999847412109375</ele>
        <time>2026-09-08T23:51:02.000Z</time>
        <extensions>
          <ns3:TrackPointExtension>
            <ns3:atemp>23.0</ns3:atemp>
            <ns3:hr>145</ns3:hr>
            <ns3:cad>88</ns3:cad>
          </ns3:TrackPointExtension>
        </extensions>
      </trkpt>
      <trkpt lat="39.93814277462661266326904296875" lon="116.38366657309234142303466796875">
        <ele>50.59999847412109375</ele>
        <time>2026-09-08T23:51:03.000Z</time>
        <extensions>
          <ns3:TrackPointExtension>
            <ns3:atemp>23.0</ns3:atemp>
            <ns3:hr>146</ns3:hr>
            <ns3:cad>88</ns3:cad>
          </ns3:TrackPointExtension>
        </extensions>
      </trkpt>
      <trkpt lat="39.9381391704082489013671875" lon="116.38369222171604633331298828125">
        <ele>50.59999847412109375</ele>
        <time>2026-09-08T23:51:04.000Z</time>
        <extensions>
          <ns3:TrackPointExtension>
            <ns3:atemp>23.0</ns3:atemp>
            <ns3:hr>145</ns3:hr>
            <ns3:cad>88</ns3:cad>
          </ns3:TrackPointExtension>
        </extensions>
      </trkpt>
      <trkpt lat="39.938134141266345977783203125" lon="116.38372533023357391357421875">
        <ele>50.59999847412109375</ele>
        <time>2026-09-08T23:51:05.000Z</time>
        <extensions>
          <ns3:TrackPointExtension>
            <ns3:atemp>23.0</ns3:atemp>
            <ns3:hr>145</ns3:hr>
            <ns3:cad>88</ns3:cad>
          </ns3:TrackPointExtension>
        </extensions>
      </trkpt>
      <trkpt lat="39.93812969885766506195068359375" lon="116.38375408016145229339599609375">
        <ele>50.59999847412109375</ele>
        <time>2026-09-08T23:51:06.000Z</time>
        <extensions>
          <ns3:TrackPointExtension>
            <ns3:atemp>23.0</ns3:atemp>
            <ns3:hr>146</ns3:hr>
            <ns3:cad>89</ns3:cad>
          </ns3:TrackPointExtension>
        </extensions>
      </trkpt>
      <trkpt lat="39.93812819011509418487548828125" lon="116.38377956114709377288818359375">
        <ele>50.59999847412109375</ele>
        <time>2026-09-08T23:51:07.000Z</time>
        <extensions>
          <ns3:TrackPointExtension>
            <ns3:atemp>23.0</ns3:atemp>
            <ns3:hr>146</ns3:hr>
            <ns3:cad>89</ns3:cad>
          </ns3:TrackPointExtension>
        </extensions>
      </trkpt>
      <trkpt lat="39.9381239153444766998291015625" lon="116.3838064670562744140625">
        <ele>50.59999847412109375</ele>
        <time>2026-09-08T23:51:08.000Z</time>
        <extensions>
          <ns3:TrackPointExtension>
            <ns3:atemp>23.0</ns3:atemp>
            <ns3:hr>146</ns3:hr>
            <ns3:cad>89</ns3:cad>
          </ns3:TrackPointExtension>
        </extensions>
      </trkpt>
      <trkpt lat="39.93811796419322490692138671875" lon="116.383836977183818817138671875">
        <ele>50.799999237060546875</ele>
        <time>2026-09-08T23:51:09.000Z</time>
        <extensions>
          <ns3:TrackPointExtension>
            <ns3:atemp>23.0</ns3:atemp>
            <ns3:hr>145</ns3:hr>
            <ns3:cad>89</ns3:cad>
          </ns3:TrackPointExtension>
        </extensions>
      </trkpt>
      <trkpt lat="39.9381145276129245758056640625" lon="116.3838609494268894195556640625">
        <ele>50.799999237060546875</ele>
        <time>2026-09-08T23:51:10.000Z</time>
        <extensions>
          <ns3:TrackPointExtension>
            <ns3:atemp>23.0</ns3:atemp>
            <ns3:hr>146</ns3:hr>
            <ns3:cad>89</ns3:cad>
          </ns3:TrackPointExtension>
        </extensions>
      </trkpt>
      <trkpt lat="39.93810958229005336761474609375" lon="116.38388953171670436859130859375">
        <ele>50.799999237060546875</ele>
        <time>2026-09-08T23:51:11.000Z</time>
        <extensions>
          <ns3:TrackPointExtension>
            <ns3:atemp>23.0</ns3:atemp>
            <ns3:hr>146</ns3:hr>
            <ns3:cad>89</ns3:cad>
          </ns3:TrackPointExtension>
        </extensions>
      </trkpt>
      <trkpt lat="39.93810287676751613616943359375" lon="116.38391786254942417144775390625">
        <ele>50.799999237060546875</ele>
        <time>2026-09-08T23:51:12.000Z</time>
        <extensions>
          <ns3:TrackPointExtension>
            <ns3:atemp>23.0</ns3:atemp>
            <ns3:hr>146</ns3:hr>
            <ns3:cad>89</ns3:cad>
          </ns3:TrackPointExtension>
        </extensions>
      </trkpt>
      <trkpt lat="39.9380970932543277740478515625" lon="116.3839531503617763519287109375">
        <ele>50.59999847412109375</ele>
        <time>2026-09-08T23:51:13.000Z</time>
        <extensions>
          <ns3:TrackPointExtension>
            <ns3:atemp>23.0</ns3:atemp>
            <ns3:hr>145</ns3:hr>
            <ns3:cad>89</ns3:cad>
          </ns3:TrackPointExtension>
        </extensions>
      </trkpt>
      <trkpt lat="39.9380947463214397430419921875" lon="116.38398374430835247039794921875">
        <ele>50.59999847412109375</ele>
        <time>2026-09-08T23:51:14.000Z</time>
        <extensions>
          <ns3:TrackPointExtension>
            <ns3:atemp>23.0</ns3:atemp>
            <ns3:hr>146</ns3:hr>
            <ns3:cad>89</ns3:cad>
          </ns3:TrackPointExtension>
        </extensions>
      </trkpt>
      <trkpt lat="39.9380897171795368194580078125" lon="116.3840175233781337738037109375">
        <ele>50.59999847412109375</ele>
        <time>2026-09-08T23:51:15.000Z</time>
        <extensions>
          <ns3:TrackPointExtension>
            <ns3:atemp>23.0</ns3:atemp>
            <ns3:hr>146</ns3:hr>
            <ns3:cad>89</ns3:cad>
          </ns3:TrackPointExtension>
        </extensions>
      </trkpt>
      <trkpt lat="39.938087873160839080810546875" lon="116.38404761441051959991455078125">
        <ele>50.59999847412109375</ele>
        <time>2026-09-08T23:51:16.000Z</time>
        <extensions>
          <ns3:TrackPointExtension>
            <ns3:atemp>23.0</ns3:atemp>
            <ns3:hr>145</ns3:hr>
            <ns3:cad>88</ns3:cad>
          </ns3:TrackPointExtension>
        </extensions>
      </trkpt>
      <trkpt lat="39.93808728642761707305908203125" lon="116.3840785436332225799560546875">
        <ele>50.59999847412109375</ele>
        <time>2026-09-08T23:51:17.000Z</time>
        <extensions>
          <ns3:TrackPointExtension>
            <ns3:atemp>23.0</ns3:atemp>
            <ns3:hr>146</ns3:hr>
            <ns3:cad>88</ns3:cad>
          </ns3:TrackPointExtension>
        </extensions>
      </trkpt>
      <trkpt lat="39.93808276019990444183349609375" lon="116.3841103948652744293212890625">
        <ele>50.59999847412109375</ele>
        <time>2026-09-08T23:51:18.000Z</time>
        <extensions>
          <ns3:TrackPointExtension>
            <ns3:atemp>23.0</ns3:atemp>
            <ns3:hr>146</ns3:hr>
            <ns3:cad>89</ns3:cad>
          </ns3:TrackPointExtension>
        </extensions>
      </trkpt>
      <trkpt lat="39.9380746297538280487060546875" lon="116.38413964770734310150146484375">
        <ele>50.59999847412109375</ele>
        <time>2026-09-08T23:51:19.000Z</time>
        <extensions>
          <ns3:TrackPointExtension>
            <ns3:atemp>23.0</ns3:atemp>
            <ns3:hr>146</ns3:hr>
            <ns3:cad>88</ns3:cad>
          </ns3:TrackPointExtension>
        </extensions>
      </trkpt>
      <trkpt lat="39.93807169608771800994873046875" lon="116.38416982255876064300537109375">
        <ele>50.59999847412109375</ele>
        <time>2026-09-08T23:51:20.000Z</time>
        <extensions>
          <ns3:TrackPointExtension>
            <ns3:atemp>23.0</ns3:atemp>
            <ns3:hr>146</ns3:hr>
            <ns3:cad>88</ns3:cad>
          </ns3:TrackPointExtension>
        </extensions>
      </trkpt>
      <trkpt lat="39.93806582875549793243408203125" lon="116.3841994106769561767578125">
        <ele>50.59999847412109375</ele>
        <time>2026-09-08T23:51:21.000Z</time>
        <extensions>
          <ns3:TrackPointExtension>
            <ns3:atemp>23.0</ns3:atemp>
            <ns3:hr>147</ns3:hr>
            <ns3:cad>88</ns3:cad>
          </ns3:TrackPointExtension>
        </extensions>
      </trkpt>
      <trkpt lat="39.9380602128803730010986328125" lon="116.38423084281384944915771484375">
        <ele>50.59999847412109375</ele>
        <time>2026-09-08T23:51:22.000Z</time>
        <extensions>
          <ns3:TrackPointExtension>
            <ns3:atemp>23.0</ns3:atemp>
            <ns3:hr>147</ns3:hr>
            <ns3:cad>88</ns3:cad>
          </ns3:TrackPointExtension>
        </extensions>
      </trkpt>
      <trkpt lat="39.9380525015294551849365234375" lon="116.3842659629881381988525390625">
        <ele>50.59999847412109375</ele>
        <time>2026-09-08T23:51:23.000Z</time>
        <extensions>
          <ns3:TrackPointExtension>
            <ns3:atemp>23.0</ns3:atemp>
            <ns3:hr>147</ns3:hr>
            <ns3:cad>88</ns3:cad>
          </ns3:TrackPointExtension>
        </extensions>
      </trkpt>
      <trkpt lat="39.93804596364498138427734375" lon="116.38429655693471431732177734375">
        <ele>50.59999847412109375</ele>
        <time>2026-09-08T23:51:24.000Z</time>
        <extensions>
          <ns3:TrackPointExtension>
            <ns3:atemp>23.0</ns3:atemp>
            <ns3:hr>147</ns3:hr>
            <ns3:cad>88</ns3:cad>
          </ns3:TrackPointExtension>
        </extensions>
      </trkpt>
      <trkpt lat="39.9380384199321269989013671875" lon="116.3843308389186859130859375">
        <ele>50.59999847412109375</ele>
        <time>2026-09-08T23:51:25.000Z</time>
        <extensions>
          <ns3:TrackPointExtension>
            <ns3:atemp>23.0</ns3:atemp>
            <ns3:hr>147</ns3:hr>
            <ns3:cad>89</ns3:cad>
          </ns3:TrackPointExtension>
        </extensions>
      </trkpt>
      <trkpt lat="39.93803347460925579071044921875" lon="116.38435707427561283111572265625">
        <ele>50.59999847412109375</ele>
        <time>2026-09-08T23:51:26.000Z</time>
        <extensions>
          <ns3:TrackPointExtension>
            <ns3:atemp>23.0</ns3:atemp>
            <ns3:hr>147</ns3:hr>
            <ns3:cad>89</ns3:cad>
          </ns3:TrackPointExtension>
        </extensions>
      </trkpt>
      <trkpt lat="39.93802023120224475860595703125" lon="116.38438808731734752655029296875">
        <ele>50.59999847412109375</ele>
        <time>2026-09-08T23:51:27.000Z</time>
        <extensions>
          <ns3:TrackPointExtension>
            <ns3:atemp>23.0</ns3:atemp>
            <ns3:hr>147</ns3:hr>
            <ns3:cad>89</ns3:cad>
          </ns3:TrackPointExtension>
        </extensions>
      </trkpt>
      <trkpt lat="39.93801511824131011962890625" lon="116.3844161666929721832275390625">
        <ele>50.59999847412109375</ele>
        <time>2026-09-08T23:51:28.000Z</time>
        <extensions>
          <ns3:TrackPointExtension>
            <ns3:atemp>23.0</ns3:atemp>
            <ns3:hr>147</ns3:hr>
            <ns3:cad>88</ns3:cad>
          </ns3:TrackPointExtension>
        </extensions>
      </trkpt>
      <trkpt lat="39.93800581432878971099853515625" lon="116.3844510354101657867431640625">
        <ele>50.59999847412109375</ele>
        <time>2026-09-08T23:51:29.000Z</time>
        <extensions>
          <ns3:TrackPointExtension>
            <ns3:atemp>23.0</ns3:atemp>
            <ns3:hr>147</ns3:hr>
            <ns3:cad>88</ns3:cad>
          </ns3:TrackPointExtension>
        </extensions>
      </trkpt>
      <trkpt lat="39.93800011463463306427001953125" lon="116.38447995297610759735107421875">
        <ele>50.59999847412109375</ele>
        <time>2026-09-08T23:51:30.000Z</time>
        <extensions>
          <ns3:TrackPointExtension>
            <ns3:atemp>23.0</ns3:atemp>
            <ns3:hr>147</ns3:hr>
            <ns3:cad>88</ns3:cad>
          </ns3:TrackPointExtension>
        </extensions>
      </trkpt>
      <trkpt lat="39.937990643084049224853515625" lon="116.38451046310365200042724609375">
        <ele>50.799999237060546875</ele>
        <time>2026-09-08T23:51:31.000Z</time>
        <extensions>
          <ns3:TrackPointExtension>
            <ns3:atemp>23.0</ns3:atemp>
            <ns3:hr>147</ns3:hr>
            <ns3:cad>89</ns3:cad>
          </ns3:TrackPointExtension>
        </extensions>
      </trkpt>
      <trkpt lat="39.93798620067536830902099609375" lon="116.38453938066959381103515625">
        <ele>50.799999237060546875</ele>
        <time>2026-09-08T23:51:32.000Z</time>
        <extensions>
          <ns3:TrackPointExtension>
            <ns3:atemp>23.0</ns3:atemp>
            <ns3:hr>146</ns3:hr>
            <ns3:cad>89</ns3:cad>
          </ns3:TrackPointExtension>
        </extensions>
      </trkpt>
      <trkpt lat="39.9379830993711948394775390625" lon="116.3845713995397090911865234375">
        <ele>50.59999847412109375</ele>
        <time>2026-09-08T23:51:33.000Z</time>
        <extensions>
          <ns3:TrackPointExtension>
            <ns3:atemp>23.0</ns3:atemp>
            <ns3:hr>146</ns3:hr>
            <ns3:cad>89</ns3:cad>
          </ns3:TrackPointExtension>
        </extensions>
      </trkpt>
      <trkpt lat="39.9379782378673553466796875" lon="116.3846017420291900634765625">
        <ele>50.59999847412109375</ele>
        <time>2026-09-08T23:51:34.000Z</time>
        <extensions>
          <ns3:TrackPointExtension>
            <ns3:atemp>23.0</ns3:atemp>
            <ns3:hr>146</ns3:hr>
            <ns3:cad>89</ns3:cad>
          </ns3:TrackPointExtension>
        </extensions>
      </trkpt>
      <trkpt lat="39.9379710294306278228759765625" lon="116.38463350944221019744873046875">
        <ele>50.59999847412109375</ele>
        <time>2026-09-08T23:51:35.000Z</time>
        <extensions>
          <ns3:TrackPointExtension>
            <ns3:atemp>23.0</ns3:atemp>
            <ns3:hr>146</ns3:hr>
            <ns3:cad>89</ns3:cad>
          </ns3:TrackPointExtension>
        </extensions>
      </trkpt>
      <trkpt lat="39.9379680119454860687255859375" lon="116.38466116972267627716064453125">
        <ele>50.59999847412109375</ele>
        <time>2026-09-08T23:51:36.000Z</time>
        <extensions>
          <ns3:TrackPointExtension>
            <ns3:atemp>23.0</ns3:atemp>
            <ns3:hr>146</ns3:hr>
            <ns3:cad>88</ns3:cad>
          </ns3:TrackPointExtension>
        </extensions>
      </trkpt>
      <trkpt lat="39.937961809337139129638671875" lon="116.384693272411823272705078125">
        <ele>50.59999847412109375</ele>
        <time>2026-09-08T23:51:37.000Z</time>
        <extensions>
          <ns3:TrackPointExtension>
            <ns3:atemp>23.0</ns3:atemp>
            <ns3:hr>146</ns3:hr>
            <ns3:cad>89</ns3:cad>
          </ns3:TrackPointExtension>
        </extensions>
      </trkpt>
      <trkpt lat="39.93795476853847503662109375" lon="116.38472353108227252960205078125">
        <ele>50.59999847412109375</ele>
        <time>2026-09-08T23:51:38.000Z</time>
        <extensions>
          <ns3:TrackPointExtension>
            <ns3:atemp>23.0</ns3:atemp>
            <ns3:hr>145</ns3:hr>
            <ns3:cad>88</ns3:cad>
          </ns3:TrackPointExtension>
        </extensions>
      </trkpt>
      <trkpt lat="39.93794764392077922821044921875" lon="116.3847514428198337554931640625">
        <ele>50.59999847412109375</ele>
        <time>2026-09-08T23:51:39.000Z</time>
        <extensions>
          <ns3:TrackPointExtension>
            <ns3:atemp>23.0</ns3:atemp>
            <ns3:hr>145</ns3:hr>
            <ns3:cad>88</ns3:cad>
          </ns3:TrackPointExtension>
        </extensions>
      </trkpt>
      <trkpt lat="39.93794395588338375091552734375" lon="116.3847868144512176513671875">
        <ele>50.59999847412109375</ele>
        <time>2026-09-08T23:51:40.000Z</time>
        <extensions>
          <ns3:TrackPointExtension>
            <ns3:atemp>23.0</ns3:atemp>
            <ns3:hr>144</ns3:hr>
            <ns3:cad>88</ns3:cad>
          </ns3:TrackPointExtension>
        </extensions>
      </trkpt>
      <trkpt lat="39.93793825618922710418701171875" lon="116.38481874950230121612548828125">
        <ele>50.59999847412109375</ele>
        <time>2026-09-08T23:51:41.000Z</time>
        <extensions>
          <ns3:TrackPointExtension>
            <ns3:atemp>23.0</ns3:atemp>
            <ns3:hr>143</ns3:hr>
            <ns3:cad>89</ns3:cad>
          </ns3:TrackPointExtension>
        </extensions>
      </trkpt>
      <trkpt lat="39.9379338137805461883544921875" lon="116.384854204952716827392578125">
        <ele>50.59999847412109375</ele>
        <time>2026-09-08T23:51:42.000Z</time>
        <extensions>
          <ns3:TrackPointExtension>
            <ns3:atemp>23.0</ns3:atemp>
            <ns3:hr>143</ns3:hr>
            <ns3:cad>89</ns3:cad>
          </ns3:TrackPointExtension>
        </extensions>
      </trkpt>
      <trkpt lat="39.937932305037975311279296875" lon="116.38488396070897579193115234375">
        <ele>50.59999847412109375</ele>
        <time>2026-09-08T23:51:43.000Z</time>
        <extensions>
          <ns3:TrackPointExtension>
            <ns3:atemp>23.0</ns3:atemp>
            <ns3:hr>143</ns3:hr>
            <ns3:cad>89</ns3:cad>
          </ns3:TrackPointExtension>
        </extensions>
      </trkpt>
      <trkpt lat="39.937923252582550048828125" lon="116.38491949997842311859130859375">
        <ele>50.59999847412109375</ele>
        <time>2026-09-08T23:51:44.000Z</time>
        <extensions>
          <ns3:TrackPointExtension>
            <ns3:atemp>23.0</ns3:atemp>
            <ns3:hr>142</ns3:hr>
            <ns3:cad>88</ns3:cad>
          </ns3:TrackPointExtension>
        </extensions>
      </trkpt>
      <trkpt lat="39.93792417459189891815185546875" lon="116.3849485851824283599853515625">
        <ele>50.799999237060546875</ele>
        <time>2026-09-08T23:51:45.000Z</time>
        <extensions>
          <ns3:TrackPointExtension>
            <ns3:atemp>23.0</ns3:atemp>
            <ns3:hr>142</ns3:hr>
            <ns3:cad>88</ns3:cad>
          </ns3:TrackPointExtension>
        </extensions>
      </trkpt>
      <trkpt lat="39.937917888164520263671875" lon="116.3849790953099727630615234375">
        <ele>50.799999237060546875</ele>
        <time>2026-09-08T23:51:46.000Z</time>
        <extensions>
          <ns3:TrackPointExtension>
            <ns3:atemp>23.0</ns3:atemp>
            <ns3:hr>142</ns3:hr>
            <ns3:cad>88</ns3:cad>
          </ns3:TrackPointExtension>
        </extensions>
      </trkpt>
      <trkpt lat="39.9379116855561733245849609375" lon="116.3850082643330097198486328125">
        <ele>50.799999237060546875</ele>
        <time>2026-09-08T23:51:47.000Z</time>
        <extensions>
          <ns3:TrackPointExtension>
            <ns3:atemp>23.0</ns3:atemp>
            <ns3:hr>143</ns3:hr>
            <ns3:cad>88</ns3:cad>
          </ns3:TrackPointExtension>
        </extensions>
      </trkpt>
      <trkpt lat="39.9379058182239532470703125" lon="116.38503734953701496124267578125">
        <ele>50.799999237060546875</ele>
        <time>2026-09-08T23:51:48.000Z</time>
        <extensions>
          <ns3:TrackPointExtension>
            <ns3:atemp>23.0</ns3:atemp>
            <ns3:hr>143</ns3:hr>
            <ns3:cad>88</ns3:cad>
          </ns3:TrackPointExtension>
        </extensions>
      </trkpt>
      <trkpt lat="39.937900789082050323486328125" lon="116.38506467454135417938232421875">
        <ele>51</ele>
        <time>2026-09-08T23:51:49.000Z</time>
        <extensions>
          <ns3:TrackPointExtension>
            <ns3:atemp>23.0</ns3:atemp>
            <ns3:hr>144</ns3:hr>
            <ns3:cad>88</ns3:cad>
          </ns3:TrackPointExtension>
        </extensions>
      </trkpt>
      <trkpt lat="39.93789953179657459259033203125" lon="116.385096944868564605712890625">
        <ele>51</ele>
        <time>2026-09-08T23:51:50.000Z</time>
        <extensions>
          <ns3:TrackPointExtension>
            <ns3:atemp>23.0</ns3:atemp>
            <ns3:hr>144</ns3:hr>
            <ns3:cad>88</ns3:cad>
          </ns3:TrackPointExtension>
        </extensions>
      </trkpt>
      <trkpt lat="39.93789550848305225372314453125" lon="116.385128460824489593505859375">
        <ele>50.799999237060546875</ele>
        <time>2026-09-08T23:51:51.000Z</time>
        <extensions>
          <ns3:TrackPointExtension>
            <ns3:atemp>23.0</ns3:atemp>
            <ns3:hr>144</ns3:hr>
            <ns3:cad>87</ns3:cad>
          </ns3:TrackPointExtension>
        </extensions>
      </trkpt>
      <trkpt lat="39.937890730798244476318359375" lon="116.38516190461814403533935546875">
        <ele>50.799999237060546875</ele>
        <time>2026-09-08T23:51:52.000Z</time>
        <extensions>
          <ns3:TrackPointExtension>
            <ns3:atemp>23.0</ns3:atemp>
            <ns3:hr>144</ns3:hr>
            <ns3:cad>87</ns3:cad>
          </ns3:TrackPointExtension>
        </extensions>
      </trkpt>
      <trkpt lat="39.9378855340182781219482421875" lon="116.3851903192698955535888671875">
        <ele>50.59999847412109375</ele>
        <time>2026-09-08T23:51:53.000Z</time>
        <extensions>
          <ns3:TrackPointExtension>
            <ns3:atemp>23.0</ns3:atemp>
            <ns3:hr>144</ns3:hr>
            <ns3:cad>87</ns3:cad>
          </ns3:TrackPointExtension>
        </extensions>
      </trkpt>
      <trkpt lat="39.937878660857677459716796875" lon="116.385225690901279449462890625">
        <ele>50.59999847412109375</ele>
        <time>2026-09-08T23:51:54.000Z</time>
        <extensions>
          <ns3:TrackPointExtension>
            <ns3:atemp>23.0</ns3:atemp>
            <ns3:hr>144</ns3:hr>
            <ns3:cad>87</ns3:cad>
          </ns3:TrackPointExtension>
        </extensions>
      </trkpt>
      <trkpt lat="39.9378724582493305206298828125" lon="116.3852526806294918060302734375">
        <ele>50.59999847412109375</ele>
        <time>2026-09-08T23:51:55.000Z</time>
        <extensions>
          <ns3:TrackPointExtension>
            <ns3:atemp>23.0</ns3:atemp>
            <ns3:hr>144</ns3:hr>
            <ns3:cad>87</ns3:cad>
          </ns3:TrackPointExtension>
        </extensions>
      </trkpt>
      <trkpt lat="39.93786734528839588165283203125" lon="116.3852835260331630706787109375">
        <ele>50.40000152587890625</ele>
        <time>2026-09-08T23:51:56.000Z</time>
        <extensions>
          <ns3:TrackPointExtension>
            <ns3:atemp>23.0</ns3:atemp>
            <ns3:hr>144</ns3:hr>
            <ns3:cad>87</ns3:cad>
          </ns3:TrackPointExtension>
        </extensions>
      </trkpt>
      <trkpt lat="39.93786114268004894256591796875" lon="116.38531244359910488128662109375">
        <ele>50.59999847412109375</ele>
        <time>2026-09-08T23:51:57.000Z</time>
        <extensions>
          <ns3:TrackPointExtension>
            <ns3:atemp>23.0</ns3:atemp>
            <ns3:hr>145</ns3:hr>
            <ns3:cad>87</ns3:cad>
          </ns3:TrackPointExtension>
        </extensions>
      </trkpt>
      <trkpt lat="39.937854520976543426513671875" lon="116.3853465579450130462646484375">
        <ele>50.59999847412109375</ele>
        <time>2026-09-08T23:51:58.000Z</time>
        <extensions>
          <ns3:TrackPointExtension>
            <ns3:atemp>23.0</ns3:atemp>
            <ns3:hr>145</ns3:hr>
            <ns3:cad>87</ns3:cad>
          </ns3:TrackPointExtension>
        </extensions>
      </trkpt>
      <trkpt lat="39.93784773163497447967529296875" lon="116.38537581078708171844482421875">
        <ele>50.59999847412109375</ele>
        <time>2026-09-08T23:51:59.000Z</time>
        <extensions>
          <ns3:TrackPointExtension>
            <ns3:atemp>23.0</ns3:atemp>
            <ns3:hr>145</ns3:hr>
            <ns3:cad>88</ns3:cad>
          </ns3:TrackPointExtension>
        </extensions>
      </trkpt>
      <trkpt lat="39.937842451035976409912109375" lon="116.385407745838165283203125">
        <ele>50.59999847412109375</ele>
        <time>2026-09-08T23:52:00.000Z</time>
        <extensions>
          <ns3:TrackPointExtension>
            <ns3:atemp>23.0</ns3:atemp>
            <ns3:hr>145</ns3:hr>
            <ns3:cad>89</ns3:cad>
          </ns3:TrackPointExtension>
        </extensions>
      </trkpt>
      <trkpt lat="39.93783541023731231689453125" lon="116.3854404352605342864990234375">
        <ele>50.59999847412109375</ele>
        <time>2026-09-08T23:52:01.000Z</time>
        <extensions>
          <ns3:TrackPointExtension>
            <ns3:atemp>23.0</ns3:atemp>
            <ns3:hr>146</ns3:hr>
            <ns3:cad>89</ns3:cad>
          </ns3:TrackPointExtension>
        </extensions>
      </trkpt>
      <trkpt lat="39.93783365003764629364013671875" lon="116.38546767644584178924560546875">
        <ele>50.59999847412109375</ele>
        <time>2026-09-08T23:52:02.000Z</time>
        <extensions>
          <ns3:TrackPointExtension>
            <ns3:atemp>23.0</ns3:atemp>
            <ns3:hr>146</ns3:hr>
            <ns3:cad>89</ns3:cad>
          </ns3:TrackPointExtension>
        </extensions>
      </trkpt>
      <trkpt lat="39.93782543577253818511962890625" lon="116.38549692928791046142578125">
        <ele>50.59999847412109375</ele>
        <time>2026-09-08T23:52:03.000Z</time>
        <extensions>
          <ns3:TrackPointExtension>
            <ns3:atemp>23.0</ns3:atemp>
            <ns3:hr>146</ns3:hr>
            <ns3:cad>89</ns3:cad>
          </ns3:TrackPointExtension>
        </extensions>
      </trkpt>
      <trkpt lat="39.93782292120158672332763671875" lon="116.385525763034820556640625">
        <ele>50.59999847412109375</ele>
        <time>2026-09-08T23:52:04.000Z</time>
        <extensions>
          <ns3:TrackPointExtension>
            <ns3:atemp>23.0</ns3:atemp>
            <ns3:hr>146</ns3:hr>
            <ns3:cad>88</ns3:cad>
          </ns3:TrackPointExtension>
        </extensions>
      </trkpt>
      <trkpt lat="39.937816970050334930419921875" lon="116.385557614266872406005859375">
        <ele>50.799999237060546875</ele>
        <time>2026-09-08T23:52:05.000Z</time>
        <extensions>
          <ns3:TrackPointExtension>
            <ns3:atemp>23.0</ns3:atemp>
            <ns3:hr>147</ns3:hr>
            <ns3:cad>88</ns3:cad>
          </ns3:TrackPointExtension>
        </extensions>
      </trkpt>
      <trkpt lat="39.937814287841320037841796875" lon="116.3855852745473384857177734375">
        <ele>50.799999237060546875</ele>
        <time>2026-09-08T23:52:06.000Z</time>
        <extensions>
          <ns3:TrackPointExtension>
            <ns3:atemp>23.0</ns3:atemp>
            <ns3:hr>147</ns3:hr>
            <ns3:cad>88</ns3:cad>
          </ns3:TrackPointExtension>
        </extensions>
      </trkpt>
      <trkpt lat="39.93780934251844882965087890625" lon="116.385615952312946319580078125">
        <ele>50.799999237060546875</ele>
        <time>2026-09-08T23:52:07.000Z</time>
        <extensions>
          <ns3:TrackPointExtension>
            <ns3:atemp>23.0</ns3:atemp>
            <ns3:hr>147</ns3:hr>
            <ns3:cad>88</ns3:cad>
          </ns3:TrackPointExtension>
        </extensions>
      </trkpt>
      <trkpt lat="39.93780456483364105224609375" lon="116.38564252294600009918212890625">
        <ele>50.799999237060546875</ele>
        <time>2026-09-08T23:52:08.000Z</time>
        <extensions>
          <ns3:TrackPointExtension>
            <ns3:atemp>23.0</ns3:atemp>
            <ns3:hr>148</ns3:hr>
            <ns3:cad>88</ns3:cad>
          </ns3:TrackPointExtension>
        </extensions>
      </trkpt>
      <trkpt lat="39.937798865139484405517578125" lon="116.3856761343777179718017578125">
        <ele>50.799999237060546875</ele>
        <time>2026-09-08T23:52:09.000Z</time>
        <extensions>
          <ns3:TrackPointExtension>
            <ns3:atemp>23.0</ns3:atemp>
            <ns3:hr>148</ns3:hr>
            <ns3:cad>88</ns3:cad>
          </ns3:TrackPointExtension>
        </extensions>
      </trkpt>
      <trkpt lat="39.93779241107404232025146484375" lon="116.385705471038818359375">
        <ele>50.799999237060546875</ele>
        <time>2026-09-08T23:52:10.000Z</time>
        <extensions>
          <ns3:TrackPointExtension>
            <ns3:atemp>23.0</ns3:atemp>
            <ns3:hr>148</ns3:hr>
            <ns3:cad>88</ns3:cad>
          </ns3:TrackPointExtension>
        </extensions>
      </trkpt>
      <trkpt lat="39.937786795198917388916015625" lon="116.38573656789958477020263671875">
        <ele>50.799999237060546875</ele>
        <time>2026-09-08T23:52:11.000Z</time>
        <extensions>
          <ns3:TrackPointExtension>
            <ns3:atemp>23.0</ns3:atemp>
            <ns3:hr>148</ns3:hr>
            <ns3:cad>88</ns3:cad>
          </ns3:TrackPointExtension>
        </extensions>
      </trkpt>
      <trkpt lat="39.93778134696185588836669921875" lon="116.38576741330325603485107421875">
        <ele>50.799999237060546875</ele>
        <time>2026-09-08T23:52:12.000Z</time>
        <extensions>
          <ns3:TrackPointExtension>
            <ns3:atemp>23.0</ns3:atemp>
            <ns3:hr>148</ns3:hr>
            <ns3:cad>88</ns3:cad>
          </ns3:TrackPointExtension>
        </extensions>
      </trkpt>
      <trkpt lat="39.9377762340009212493896484375" lon="116.3857988454401493072509765625">
        <ele>50.799999237060546875</ele>
        <time>2026-09-08T23:52:13.000Z</time>
        <extensions>
          <ns3:TrackPointExtension>
            <ns3:atemp>23.0</ns3:atemp>
            <ns3:hr>147</ns3:hr>
            <ns3:cad>87</ns3:cad>
          </ns3:TrackPointExtension>
        </extensions>
      </trkpt>
      <trkpt lat="39.937771372497081756591796875" lon="116.38583279214799404144287109375">
        <ele>50.799999237060546875</ele>
        <time>2026-09-08T23:52:14.000Z</time>
        <extensions>
          <ns3:TrackPointExtension>
            <ns3:atemp>23.0</ns3:atemp>
            <ns3:hr>148</ns3:hr>
            <ns3:cad>88</ns3:cad>
          </ns3:TrackPointExtension>
        </extensions>
      </trkpt>
      <trkpt lat="39.93776676245033740997314453125" lon="116.38586263172328472137451171875">
        <ele>50.799999237060546875</ele>
        <time>2026-09-08T23:52:15.000Z</time>
        <extensions>
          <ns3:TrackPointExtension>
            <ns3:atemp>23.0</ns3:atemp>
            <ns3:hr>148</ns3:hr>
            <ns3:cad>88</ns3:cad>
          </ns3:TrackPointExtension>
        </extensions>
      </trkpt>
      <trkpt lat="39.93776005692780017852783203125" lon="116.38589515350759029388427734375">
        <ele>50.799999237060546875</ele>
        <time>2026-09-08T23:52:16.000Z</time>
        <extensions>
          <ns3:TrackPointExtension>
            <ns3:atemp>23.0</ns3:atemp>
            <ns3:hr>148</ns3:hr>
            <ns3:cad>88</ns3:cad>
          </ns3:TrackPointExtension>
        </extensions>
      </trkpt>
      <trkpt lat="39.93775335140526294708251953125" lon="116.38592901639640331268310546875">
        <ele>51</ele>
        <time>2026-09-08T23:52:17.000Z</time>
        <extensions>
          <ns3:TrackPointExtension>
            <ns3:atemp>23.0</ns3:atemp>
            <ns3:hr>148</ns3:hr>
            <ns3:cad>88</ns3:cad>
          </ns3:TrackPointExtension>
        </extensions>
      </trkpt>
      <trkpt lat="39.93774731643497943878173828125" lon="116.38596271164715290069580078125">
        <ele>51</ele>
        <time>2026-09-08T23:52:18.000Z</time>
        <extensions>
          <ns3:TrackPointExtension>
            <ns3:atemp>23.0</ns3:atemp>
            <ns3:hr>148</ns3:hr>
            <ns3:cad>89</ns3:cad>
          </ns3:TrackPointExtension>
        </extensions>
      </trkpt>
      <trkpt lat="39.937740527093410491943359375" lon="116.38600043021142482757568359375">
        <ele>51.200000762939453125</ele>
        <time>2026-09-08T23:52:19.000Z</time>
        <extensions>
          <ns3:TrackPointExtension>
            <ns3:atemp>23.0</ns3:atemp>
            <ns3:hr>149</ns3:hr>
            <ns3:cad>89</ns3:cad>
          </ns3:TrackPointExtension>
        </extensions>
      </trkpt>
      <trkpt lat="39.937736503779888153076171875" lon="116.38603362254798412322998046875">
        <ele>51.200000762939453125</ele>
        <time>2026-09-08T23:52:20.000Z</time>
        <extensions>
          <ns3:TrackPointExtension>
            <ns3:atemp>23.0</ns3:atemp>
            <ns3:hr>149</ns3:hr>
            <ns3:cad>89</ns3:cad>
          </ns3:TrackPointExtension>
        </extensions>
      </trkpt>
      <trkpt lat="39.9377329833805561065673828125" lon="116.38606077991425991058349609375">
        <ele>51.200000762939453125</ele>
        <time>2026-09-08T23:52:21.000Z</time>
        <extensions>
          <ns3:TrackPointExtension>
            <ns3:atemp>23.0</ns3:atemp>
            <ns3:hr>149</ns3:hr>
            <ns3:cad>89</ns3:cad>
          </ns3:TrackPointExtension>
        </extensions>
      </trkpt>
      <trkpt lat="39.93772820569574832916259765625" lon="116.3860902003943920135498046875">
        <ele>51.200000762939453125</ele>
        <time>2026-09-08T23:52:22.000Z</time>
        <extensions>
          <ns3:TrackPointExtension>
            <ns3:atemp>23.0</ns3:atemp>
            <ns3:hr>149</ns3:hr>
            <ns3:cad>89</ns3:cad>
          </ns3:TrackPointExtension>
        </extensions>
      </trkpt>
      <trkpt lat="39.93772284127771854400634765625" lon="116.38612029142677783966064453125">
        <ele>51.200000762939453125</ele>
        <time>2026-09-08T23:52:23.000Z</time>
        <extensions>
          <ns3:TrackPointExtension>
            <ns3:atemp>23.0</ns3:atemp>
            <ns3:hr>150</ns3:hr>
            <ns3:cad>88</ns3:cad>
          </ns3:TrackPointExtension>
        </extensions>
      </trkpt>
      <trkpt lat="39.9377229250967502593994140625" lon="116.38614862225949764251708984375">
        <ele>51.200000762939453125</ele>
        <time>2026-09-08T23:52:24.000Z</time>
        <extensions>
          <ns3:TrackPointExtension>
            <ns3:atemp>23.0</ns3:atemp>
            <ns3:hr>150</ns3:hr>
            <ns3:cad>88</ns3:cad>
          </ns3:TrackPointExtension>
        </extensions>
      </trkpt>
      <trkpt lat="39.937723092734813690185546875" lon="116.3861753605306148529052734375">
        <ele>51.200000762939453125</ele>
        <time>2026-09-08T23:52:25.000Z</time>
        <extensions>
          <ns3:TrackPointExtension>
            <ns3:atemp>23.0</ns3:atemp>
            <ns3:hr>151</ns3:hr>
            <ns3:cad>88</ns3:cad>
          </ns3:TrackPointExtension>
        </extensions>
      </trkpt>
      <trkpt lat="39.93771814741194248199462890625" lon="116.38620276935398578643798828125">
        <ele>51.200000762939453125</ele>
        <time>2026-09-08T23:52:26.000Z</time>
        <extensions>
          <ns3:TrackPointExtension>
            <ns3:atemp>23.0</ns3:atemp>
            <ns3:hr>151</ns3:hr>
            <ns3:cad>89</ns3:cad>
          </ns3:TrackPointExtension>
        </extensions>
      </trkpt>
      <trkpt lat="39.9377162195742130279541015625" lon="116.38623076491057872772216796875">
        <ele>51.40000152587890625</ele>
        <time>2026-09-08T23:52:27.000Z</time>
        <extensions>
          <ns3:TrackPointExtension>
            <ns3:atemp>23.0</ns3:atemp>
            <ns3:hr>151</ns3:hr>
            <ns3:cad>89</ns3:cad>
          </ns3:TrackPointExtension>
        </extensions>
      </trkpt>
      <trkpt lat="39.9377095140516757965087890625" lon="116.386265046894550323486328125">
        <ele>51.40000152587890625</ele>
        <time>2026-09-08T23:52:28.000Z</time>
        <extensions>
          <ns3:TrackPointExtension>
            <ns3:atemp>23.0</ns3:atemp>
            <ns3:hr>151</ns3:hr>
            <ns3:cad>88</ns3:cad>
          </ns3:TrackPointExtension>
        </extensions>
      </trkpt>
      <trkpt lat="39.9377091787755489349365234375" lon="116.3862906955182552337646484375">
        <ele>51.40000152587890625</ele>
        <time>2026-09-08T23:52:29.000Z</time>
        <extensions>
          <ns3:TrackPointExtension>
            <ns3:atemp>23.0</ns3:atemp>
            <ns3:hr>152</ns3:hr>
            <ns3:cad>88</ns3:cad>
          </ns3:TrackPointExtension>
        </extensions>
      </trkpt>
      <trkpt lat="39.9377011321485042572021484375" lon="116.38632078655064105987548828125">
        <ele>51.40000152587890625</ele>
        <time>2026-09-08T23:52:30.000Z</time>
        <extensions>
          <ns3:TrackPointExtension>
            <ns3:atemp>23.0</ns3:atemp>
            <ns3:hr>152</ns3:hr>
            <ns3:cad>88</ns3:cad>
          </ns3:TrackPointExtension>
        </extensions>
      </trkpt>
      <trkpt lat="39.93769870139658451080322265625" lon="116.386348195374011993408203125">
        <ele>51.40000152587890625</ele>
        <time>2026-09-08T23:52:31.000Z</time>
        <extensions>
          <ns3:TrackPointExtension>
            <ns3:atemp>23.0</ns3:atemp>
            <ns3:hr>152</ns3:hr>
            <ns3:cad>88</ns3:cad>
          </ns3:TrackPointExtension>
        </extensions>
      </trkpt>
      <trkpt lat="39.93768881075084209442138671875" lon="116.386384405195713043212890625">
        <ele>51.40000152587890625</ele>
        <time>2026-09-08T23:52:32.000Z</time>
        <extensions>
          <ns3:TrackPointExtension>
            <ns3:atemp>23.0</ns3:atemp>
            <ns3:hr>152</ns3:hr>
            <ns3:cad>88</ns3:cad>
          </ns3:TrackPointExtension>
        </extensions>
      </trkpt>
      <trkpt lat="39.93768445216119289398193359375" lon="116.3864107243716716766357421875">
        <ele>51.40000152587890625</ele>
        <time>2026-09-08T23:52:33.000Z</time>
        <extensions>
          <ns3:TrackPointExtension>
            <ns3:atemp>23.0</ns3:atemp>
            <ns3:hr>152</ns3:hr>
            <ns3:cad>88</ns3:cad>
          </ns3:TrackPointExtension>
        </extensions>
      </trkpt>
      <trkpt lat="39.93767372332513332366943359375" lon="116.3864471018314361572265625">
        <ele>51.40000152587890625</ele>
        <time>2026-09-08T23:52:34.000Z</time>
        <extensions>
          <ns3:TrackPointExtension>
            <ns3:atemp>23.0</ns3:atemp>
            <ns3:hr>152</ns3:hr>
            <ns3:cad>88</ns3:cad>
          </ns3:TrackPointExtension>
        </extensions>
      </trkpt>
      <trkpt lat="39.93767288513481616973876953125" lon="116.38647652231156826019287109375">
        <ele>51.40000152587890625</ele>
        <time>2026-09-08T23:52:35.000Z</time>
        <extensions>
          <ns3:TrackPointExtension>
            <ns3:atemp>23.0</ns3:atemp>
            <ns3:hr>152</ns3:hr>
            <ns3:cad>88</ns3:cad>
          </ns3:TrackPointExtension>
        </extensions>
      </trkpt>
      <trkpt lat="39.93766500614583492279052734375" lon="116.38651482760906219482421875">
        <ele>51.40000152587890625</ele>
        <time>2026-09-08T23:52:36.000Z</time>
        <extensions>
          <ns3:TrackPointExtension>
            <ns3:atemp>23.0</ns3:atemp>
            <ns3:hr>152</ns3:hr>
            <ns3:cad>88</ns3:cad>
          </ns3:TrackPointExtension>
        </extensions>
      </trkpt>
      <trkpt lat="39.937665760517120361328125" lon="116.3865418173372745513916015625">
        <ele>51.40000152587890625</ele>
        <time>2026-09-08T23:52:37.000Z</time>
        <extensions>
          <ns3:TrackPointExtension>
            <ns3:atemp>23.0</ns3:atemp>
            <ns3:hr>152</ns3:hr>
            <ns3:cad>88</ns3:cad>
          </ns3:TrackPointExtension>
        </extensions>
      </trkpt>
      <trkpt lat="39.93766249157488346099853515625" lon="116.3865773566067218780517578125">
        <ele>51.200000762939453125</ele>
        <time>2026-09-08T23:52:38.000Z</time>
        <extensions>
          <ns3:TrackPointExtension>
            <ns3:atemp>23.0</ns3:atemp>
            <ns3:hr>152</ns3:hr>
            <ns3:cad>89</ns3:cad>
          </ns3:TrackPointExtension>
        </extensions>
      </trkpt>
      <trkpt lat="39.9376608990132808685302734375" lon="116.3866041786968708038330078125">
        <ele>51.200000762939453125</ele>
        <time>2026-09-08T23:52:39.000Z</time>
        <extensions>
          <ns3:TrackPointExtension>
            <ns3:atemp>23.0</ns3:atemp>
            <ns3:hr>152</ns3:hr>
            <ns3:cad>89</ns3:cad>
          </ns3:TrackPointExtension>
        </extensions>
      </trkpt>
      <trkpt lat="39.93765980936586856842041015625" lon="116.38664063997566699981689453125">
        <ele>51.200000762939453125</ele>
        <time>2026-09-08T23:52:40.000Z</time>
        <extensions>
          <ns3:TrackPointExtension>
            <ns3:atemp>23.0</ns3:atemp>
            <ns3:hr>152</ns3:hr>
            <ns3:cad>89</ns3:cad>
          </ns3:TrackPointExtension>
        </extensions>
      </trkpt>
      <trkpt lat="39.93765838444232940673828125" lon="116.3866712339222431182861328125">
        <ele>51.200000762939453125</ele>
        <time>2026-09-08T23:52:41.000Z</time>
        <extensions>
          <ns3:TrackPointExtension>
            <ns3:atemp>23.0</ns3:atemp>
            <ns3:hr>152</ns3:hr>
            <ns3:cad>89</ns3:cad>
          </ns3:TrackPointExtension>
        </extensions>
      </trkpt>
      <trkpt lat="39.93765025399625301361083984375" lon="116.38670928776264190673828125">
        <ele>51.200000762939453125</ele>
        <time>2026-09-08T23:52:42.000Z</time>
        <extensions>
          <ns3:TrackPointExtension>
            <ns3:atemp>23.0</ns3:atemp>
            <ns3:hr>152</ns3:hr>
            <ns3:cad>89</ns3:cad>
          </ns3:TrackPointExtension>
        </extensions>
      </trkpt>
      <trkpt lat="39.937649331986904144287109375" lon="116.38673954643309116363525390625">
        <ele>51.40000152587890625</ele>
        <time>2026-09-08T23:52:43.000Z</time>
        <extensions>
          <ns3:TrackPointExtension>
            <ns3:atemp>23.0</ns3:atemp>
            <ns3:hr>152</ns3:hr>
            <ns3:cad>89</ns3:cad>
          </ns3:TrackPointExtension>
        </extensions>
      </trkpt>
      <trkpt lat="39.9376484937965869903564453125" lon="116.38677340932190418243408203125">
        <ele>51.200000762939453125</ele>
        <time>2026-09-08T23:52:44.000Z</time>
        <extensions>
          <ns3:TrackPointExtension>
            <ns3:atemp>23.0</ns3:atemp>
            <ns3:hr>152</ns3:hr>
            <ns3:cad>89</ns3:cad>
          </ns3:TrackPointExtension>
        </extensions>
      </trkpt>
      <trkpt lat="39.93764497339725494384765625" lon="116.3868038356304168701171875">
        <ele>51.200000762939453125</ele>
        <time>2026-09-08T23:52:45.000Z</time>
        <extensions>
          <ns3:TrackPointExtension>
            <ns3:atemp>23.0</ns3:atemp>
            <ns3:hr>152</ns3:hr>
            <ns3:cad>89</ns3:cad>
          </ns3:TrackPointExtension>
        </extensions>
      </trkpt>
      <trkpt lat="39.93764036335051059722900390625" lon="116.38683862052857875823974609375">
        <ele>51.200000762939453125</ele>
        <time>2026-09-08T23:52:46.000Z</time>
        <extensions>
          <ns3:TrackPointExtension>
            <ns3:atemp>23.0</ns3:atemp>
            <ns3:hr>152</ns3:hr>
            <ns3:cad>89</ns3:cad>
          </ns3:TrackPointExtension>
        </extensions>
      </trkpt>
      <trkpt lat="39.93763558566570281982421875" lon="116.38687147758901119232177734375">
        <ele>51.200000762939453125</ele>
        <time>2026-09-08T23:52:47.000Z</time>
        <extensions>
          <ns3:TrackPointExtension>
            <ns3:atemp>23.0</ns3:atemp>
            <ns3:hr>152</ns3:hr>
            <ns3:cad>89</ns3:cad>
          </ns3:TrackPointExtension>
        </extensions>
      </trkpt>
      <trkpt lat="39.93763030506670475006103515625" lon="116.38690433464944362640380859375">
        <ele>51.40000152587890625</ele>
        <time>2026-09-08T23:52:48.000Z</time>
        <extensions>
          <ns3:TrackPointExtension>
            <ns3:atemp>23.0</ns3:atemp>
            <ns3:hr>152</ns3:hr>
            <ns3:cad>89</ns3:cad>
          </ns3:TrackPointExtension>
        </extensions>
      </trkpt>
      <trkpt lat="39.93762209080159664154052734375" lon="116.3869337551295757293701171875">
        <ele>51.40000152587890625</ele>
        <time>2026-09-08T23:52:49.000Z</time>
        <extensions>
          <ns3:TrackPointExtension>
            <ns3:atemp>23.0</ns3:atemp>
            <ns3:hr>152</ns3:hr>
            <ns3:cad>89</ns3:cad>
          </ns3:TrackPointExtension>
        </extensions>
      </trkpt>
      <trkpt lat="39.93762074969708919525146484375" lon="116.38695864938199520111083984375">
        <ele>51.40000152587890625</ele>
        <time>2026-09-08T23:52:50.000Z</time>
        <extensions>
          <ns3:TrackPointExtension>
            <ns3:atemp>23.0</ns3:atemp>
            <ns3:hr>152</ns3:hr>
            <ns3:cad>89</ns3:cad>
          </ns3:TrackPointExtension>
        </extensions>
      </trkpt>
      <trkpt lat="39.93761739693582057952880859375" lon="116.38698530383408069610595703125">
        <ele>51.59999847412109375</ele>
        <time>2026-09-08T23:52:51.000Z</time>
        <extensions>
          <ns3:TrackPointExtension>
            <ns3:atemp>23.0</ns3:atemp>
            <ns3:hr>152</ns3:hr>
            <ns3:cad>89</ns3:cad>
          </ns3:TrackPointExtension>
        </extensions>
      </trkpt>
      <trkpt lat="39.93761521764099597930908203125" lon="116.3870088569819927215576171875">
        <ele>51.59999847412109375</ele>
        <time>2026-09-08T23:52:52.000Z</time>
        <extensions>
          <ns3:TrackPointExtension>
            <ns3:atemp>23.0</ns3:atemp>
            <ns3:hr>151</ns3:hr>
            <ns3:cad>88</ns3:cad>
          </ns3:TrackPointExtension>
        </extensions>
      </trkpt>
      <trkpt lat="39.93761991150677204132080078125" lon="116.3870343379676342010498046875">
        <ele>51.59999847412109375</ele>
        <time>2026-09-08T23:52:53.000Z</time>
        <extensions>
          <ns3:TrackPointExtension>
            <ns3:atemp>23.0</ns3:atemp>
            <ns3:hr>152</ns3:hr>
            <ns3:cad>88</ns3:cad>
          </ns3:TrackPointExtension>
        </extensions>
      </trkpt>
      <trkpt lat="39.93762242607772350311279296875" lon="116.38705587945878505706787109375">
        <ele>51.799999237060546875</ele>
        <time>2026-09-08T23:52:54.000Z</time>
        <extensions>
          <ns3:TrackPointExtension>
            <ns3:atemp>23.0</ns3:atemp>
            <ns3:hr>152</ns3:hr>
            <ns3:cad>87</ns3:cad>
          </ns3:TrackPointExtension>
        </extensions>
      </trkpt>
      <trkpt lat="39.93761588819324970245361328125" lon="116.387081779539585113525390625">
        <ele>51.799999237060546875</ele>
        <time>2026-09-08T23:52:55.000Z</time>
        <extensions>
          <ns3:TrackPointExtension>
            <ns3:atemp>23.0</ns3:atemp>
            <ns3:hr>151</ns3:hr>
            <ns3:cad>87</ns3:cad>
          </ns3:TrackPointExtension>
        </extensions>
      </trkpt>
      <trkpt lat="39.93761236779391765594482421875" lon="116.38710248284041881561279296875">
        <ele>52</ele>
        <time>2026-09-08T23:52:56.000Z</time>
        <extensions>
          <ns3:TrackPointExtension>
            <ns3:atemp>23.0</ns3:atemp>
            <ns3:hr>152</ns3:hr>
            <ns3:cad>87</ns3:cad>
          </ns3:TrackPointExtension>
        </extensions>
      </trkpt>
      <trkpt lat="39.9376136250793933868408203125" lon="116.3871345855295658111572265625">
        <ele>52</ele>
        <time>2026-09-08T23:52:57.000Z</time>
        <extensions>
          <ns3:TrackPointExtension>
            <ns3:atemp>23.0</ns3:atemp>
            <ns3:hr>152</ns3:hr>
            <ns3:cad>87</ns3:cad>
          </ns3:TrackPointExtension>
        </extensions>
      </trkpt>
      <trkpt lat="39.9376193247735500335693359375" lon="116.3871627487242221832275390625">
        <ele>52</ele>
        <time>2026-09-08T23:52:58.000Z</time>
        <extensions>
          <ns3:TrackPointExtension>
            <ns3:atemp>23.0</ns3:atemp>
            <ns3:hr>151</ns3:hr>
            <ns3:cad>87</ns3:cad>
          </ns3:TrackPointExtension>
        </extensions>
      </trkpt>
      <trkpt lat="39.93763047270476818084716796875" lon="116.3871842063963413238525390625">
        <ele>52.200000762939453125</ele>
        <time>2026-09-08T23:52:59.000Z</time>
        <extensions>
          <ns3:TrackPointExtension>
            <ns3:atemp>23.0</ns3:atemp>
            <ns3:hr>152</ns3:hr>
            <ns3:cad>87</ns3:cad>
          </ns3:TrackPointExtension>
        </extensions>
      </trkpt>
      <trkpt lat="39.93764488957822322845458984375" lon="116.3872039876878261566162109375">
        <ele>52.40000152587890625</ele>
        <time>2026-09-08T23:53:00.000Z</time>
        <extensions>
          <ns3:TrackPointExtension>
            <ns3:atemp>23.0</ns3:atemp>
            <ns3:hr>152</ns3:hr>
            <ns3:cad>87</ns3:cad>
          </ns3:TrackPointExtension>
        </extensions>
      </trkpt>
      <trkpt lat="39.93766148574650287628173828125" lon="116.38721027411520481109619140625">
        <ele>52.59999847412109375</ele>
        <time>2026-09-08T23:53:01.000Z</time>
        <extensions>
          <ns3:TrackPointExtension>
            <ns3:atemp>23.0</ns3:atemp>
            <ns3:hr>151</ns3:hr>
            <ns3:cad>87</ns3:cad>
          </ns3:TrackPointExtension>
        </extensions>
      </trkpt>
      <trkpt lat="39.93767959065735340118408203125" lon="116.38721848838031291961669921875">
        <ele>52.799999237060546875</ele>
        <time>2026-09-08T23:53:02.000Z</time>
        <extensions>
          <ns3:TrackPointExtension>
            <ns3:atemp>23.0</ns3:atemp>
            <ns3:hr>152</ns3:hr>
            <ns3:cad>87</ns3:cad>
          </ns3:TrackPointExtension>
        </extensions>
      </trkpt>
      <trkpt lat="39.93768922984600067138671875" lon="116.38723508454859256744384765625">
        <ele>52.799999237060546875</ele>
        <time>2026-09-08T23:53:03.000Z</time>
        <extensions>
          <ns3:TrackPointExtension>
            <ns3:atemp>23.0</ns3:atemp>
            <ns3:hr>152</ns3:hr>
            <ns3:cad>87</ns3:cad>
          </ns3:TrackPointExtension>
        </extensions>
      </trkpt>
      <trkpt lat="39.9377054907381534576416015625" lon="116.38725101016461849212646484375">
        <ele>52.799999237060546875</ele>
        <time>2026-09-08T23:53:04.000Z</time>
        <extensions>
          <ns3:TrackPointExtension>
            <ns3:atemp>23.0</ns3:atemp>
            <ns3:hr>151</ns3:hr>
            <ns3:cad>85</ns3:cad>
          </ns3:TrackPointExtension>
        </extensions>
      </trkpt>
      <trkpt lat="39.937725104391574859619140625" lon="116.38726986944675445556640625">
        <ele>52.59999847412109375</ele>
        <time>2026-09-08T23:53:05.000Z</time>
        <extensions>
          <ns3:TrackPointExtension>
            <ns3:atemp>23.0</ns3:atemp>
            <ns3:hr>151</ns3:hr>
            <ns3:cad>85</ns3:cad>
          </ns3:TrackPointExtension>
        </extensions>
      </trkpt>
      <trkpt lat="39.93773960508406162261962890625" lon="116.38728336431086063385009765625">
        <ele>52.40000152587890625</ele>
        <time>2026-09-08T23:53:06.000Z</time>
        <extensions>
          <ns3:TrackPointExtension>
            <ns3:atemp>23.0</ns3:atemp>
            <ns3:hr>151</ns3:hr>
            <ns3:cad>84</ns3:cad>
          </ns3:TrackPointExtension>
        </extensions>
      </trkpt>
      <trkpt lat="39.9377611465752124786376953125" lon="116.3873038999736309051513671875">
        <ele>52.200000762939453125</ele>
        <time>2026-09-08T23:53:07.000Z</time>
        <extensions>
          <ns3:TrackPointExtension>
            <ns3:atemp>23.0</ns3:atemp>
            <ns3:hr>152</ns3:hr>
            <ns3:cad>84</ns3:cad>
          </ns3:TrackPointExtension>
        </extensions>
      </trkpt>
      <trkpt lat="39.93778117932379245758056640625" lon="116.387314461171627044677734375">
        <ele>52.200000762939453125</ele>
        <time>2026-09-08T23:53:08.000Z</time>
        <extensions>
          <ns3:TrackPointExtension>
            <ns3:atemp>23.0</ns3:atemp>
            <ns3:hr>151</ns3:hr>
            <ns3:cad>84</ns3:cad>
          </ns3:TrackPointExtension>
        </extensions>
      </trkpt>
      <trkpt lat="39.937804229557514190673828125" lon="116.387333236634731292724609375">
        <ele>52</ele>
        <time>2026-09-08T23:53:09.000Z</time>
        <extensions>
          <ns3:TrackPointExtension>
            <ns3:atemp>23.0</ns3:atemp>
            <ns3:hr>151</ns3:hr>
            <ns3:cad>84</ns3:cad>
          </ns3:TrackPointExtension>
        </extensions>
      </trkpt>
      <trkpt lat="39.9378235079348087310791015625" lon="116.38734388165175914764404296875">
        <ele>52.200000762939453125</ele>
        <time>2026-09-08T23:53:10.000Z</time>
        <extensions>
          <ns3:TrackPointExtension>
            <ns3:atemp>23.0</ns3:atemp>
            <ns3:hr>152</ns3:hr>
            <ns3:cad>85</ns3:cad>
          </ns3:TrackPointExtension>
        </extensions>
      </trkpt>
      <trkpt lat="39.93784479796886444091796875" lon="116.3873635791242122650146484375">
        <ele>52.200000762939453125</ele>
        <time>2026-09-08T23:53:11.000Z</time>
        <extensions>
          <ns3:TrackPointExtension>
            <ns3:atemp>23.0</ns3:atemp>
            <ns3:hr>152</ns3:hr>
            <ns3:cad>87</ns3:cad>
          </ns3:TrackPointExtension>
        </extensions>
      </trkpt>
      <trkpt lat="39.9378603883087635040283203125" lon="116.3873793371021747589111328125">
        <ele>52.200000762939453125</ele>
        <time>2026-09-08T23:53:12.000Z</time>
        <extensions>
          <ns3:TrackPointExtension>
            <ns3:atemp>23.0</ns3:atemp>
            <ns3:hr>152</ns3:hr>
            <ns3:cad>88</ns3:cad>
          </ns3:TrackPointExtension>
        </extensions>
      </trkpt>
      <trkpt lat="39.9378816783428192138671875" lon="116.387403309345245361328125">
        <ele>52.200000762939453125</ele>
        <time>2026-09-08T23:53:13.000Z</time>
        <extensions>
          <ns3:TrackPointExtension>
            <ns3:atemp>23.0</ns3:atemp>
            <ns3:hr>152</ns3:hr>
            <ns3:cad>88</ns3:cad>
          </ns3:TrackPointExtension>
        </extensions>
      </trkpt>
      <trkpt lat="39.93789282627403736114501953125" lon="116.38742904178798198699951171875">
        <ele>52.200000762939453125</ele>
        <time>2026-09-08T23:53:14.000Z</time>
        <extensions>
          <ns3:TrackPointExtension>
            <ns3:atemp>23.0</ns3:atemp>
            <ns3:hr>151</ns3:hr>
            <ns3:cad>88</ns3:cad>
          </ns3:TrackPointExtension>
        </extensions>
      </trkpt>
      <trkpt lat="39.93790355511009693145751953125" lon="116.3874574564397335052490234375">
        <ele>52.200000762939453125</ele>
        <time>2026-09-08T23:53:15.000Z</time>
        <extensions>
          <ns3:TrackPointExtension>
            <ns3:atemp>23.0</ns3:atemp>
            <ns3:hr>152</ns3:hr>
            <ns3:cad>87</ns3:cad>
          </ns3:TrackPointExtension>
        </extensions>
      </trkpt>
      <trkpt lat="39.937909506261348724365234375" lon="116.387487463653087615966796875">
        <ele>52.200000762939453125</ele>
        <time>2026-09-08T23:53:16.000Z</time>
        <extensions>
          <ns3:TrackPointExtension>
            <ns3:atemp>23.0</ns3:atemp>
            <ns3:hr>152</ns3:hr>
            <ns3:cad>87</ns3:cad>
          </ns3:TrackPointExtension>
        </extensions>
      </trkpt>
      <trkpt lat="39.9379123561084270477294921875" lon="116.387512274086475372314453125">
        <ele>52.40000152587890625</ele>
        <time>2026-09-08T23:53:17.000Z</time>
        <extensions>
          <ns3:TrackPointExtension>
            <ns3:atemp>23.0</ns3:atemp>
            <ns3:hr>152</ns3:hr>
            <ns3:cad>87</ns3:cad>
          </ns3:TrackPointExtension>
        </extensions>
      </trkpt>
      <trkpt lat="39.9379033036530017852783203125" lon="116.38754806481301784515380859375">
        <ele>52.40000152587890625</ele>
        <time>2026-09-08T23:53:18.000Z</time>
        <extensions>
          <ns3:TrackPointExtension>
            <ns3:atemp>23.0</ns3:atemp>
            <ns3:hr>151</ns3:hr>
            <ns3:cad>87</ns3:cad>
          </ns3:TrackPointExtension>
        </extensions>
      </trkpt>
      <trkpt lat="39.93789986707270145416259765625" lon="116.38757371343672275543212890625">
        <ele>52.59999847412109375</ele>
        <time>2026-09-08T23:53:19.000Z</time>
        <extensions>
          <ns3:TrackPointExtension>
            <ns3:atemp>23.0</ns3:atemp>
            <ns3:hr>152</ns3:hr>
            <ns3:cad>87</ns3:cad>
          </ns3:TrackPointExtension>
        </extensions>
      </trkpt>
      <trkpt lat="39.9378905631601810455322265625" lon="116.38760774396359920501708984375">
        <ele>52.59999847412109375</ele>
        <time>2026-09-08T23:53:20.000Z</time>
        <extensions>
          <ns3:TrackPointExtension>
            <ns3:atemp>23.0</ns3:atemp>
            <ns3:hr>152</ns3:hr>
            <ns3:cad>86</ns3:cad>
          </ns3:TrackPointExtension>
        </extensions>
      </trkpt>
      <trkpt lat="39.93788260035216808319091796875" lon="116.38763473369181156158447265625">
        <ele>52.59999847412109375</ele>
        <time>2026-09-08T23:53:21.000Z</time>
        <extensions>
          <ns3:TrackPointExtension>
            <ns3:atemp>23.0</ns3:atemp>
            <ns3:hr>152</ns3:hr>
            <ns3:cad>86</ns3:cad>
          </ns3:TrackPointExtension>
        </extensions>
      </trkpt>
      <trkpt lat="39.93787723593413829803466796875" lon="116.3876646570861339569091796875">
        <ele>52.59999847412109375</ele>
        <time>2026-09-08T23:53:22.000Z</time>
        <extensions>
          <ns3:TrackPointExtension>
            <ns3:atemp>23.0</ns3:atemp>
            <ns3:hr>152</ns3:hr>
            <ns3:cad>86</ns3:cad>
          </ns3:TrackPointExtension>
        </extensions>
      </trkpt>
      <trkpt lat="39.93787120096385478973388671875" lon="116.3876904733479022979736328125">
        <ele>52.59999847412109375</ele>
        <time>2026-09-08T23:53:23.000Z</time>
        <extensions>
          <ns3:TrackPointExtension>
            <ns3:atemp>23.0</ns3:atemp>
            <ns3:hr>152</ns3:hr>
            <ns3:cad>87</ns3:cad>
          </ns3:TrackPointExtension>
        </extensions>
      </trkpt>
      <trkpt lat="39.93786466307938098907470703125" lon="116.387718133628368377685546875">
        <ele>52.59999847412109375</ele>
        <time>2026-09-08T23:53:24.000Z</time>
        <extensions>
          <ns3:TrackPointExtension>
            <ns3:atemp>23.0</ns3:atemp>
            <ns3:hr>153</ns3:hr>
            <ns3:cad>87</ns3:cad>
          </ns3:TrackPointExtension>
        </extensions>
      </trkpt>
      <trkpt lat="39.93785728700459003448486328125" lon="116.3877457939088344573974609375">
        <ele>52.59999847412109375</ele>
        <time>2026-09-08T23:53:25.000Z</time>
        <extensions>
          <ns3:TrackPointExtension>
            <ns3:atemp>23.0</ns3:atemp>
            <ns3:hr>153</ns3:hr>
            <ns3:cad>86</ns3:cad>
          </ns3:TrackPointExtension>
        </extensions>
      </trkpt>
      <trkpt lat="39.93785276077687740325927734375" lon="116.38777320273220539093017578125">
        <ele>52.59999847412109375</ele>
        <time>2026-09-08T23:53:26.000Z</time>
        <extensions>
          <ns3:TrackPointExtension>
            <ns3:atemp>23.0</ns3:atemp>
            <ns3:hr>153</ns3:hr>
            <ns3:cad>86</ns3:cad>
          </ns3:TrackPointExtension>
        </extensions>
      </trkpt>
      <trkpt lat="39.93784504942595958709716796875" lon="116.38780103065073490142822265625">
        <ele>52.59999847412109375</ele>
        <time>2026-09-08T23:53:27.000Z</time>
        <extensions>
          <ns3:TrackPointExtension>
            <ns3:atemp>23.0</ns3:atemp>
            <ns3:hr>153</ns3:hr>
            <ns3:cad>87</ns3:cad>
          </ns3:TrackPointExtension>
        </extensions>
      </trkpt>
      <trkpt lat="39.9378406070172786712646484375" lon="116.387826763093471527099609375">
        <ele>52.59999847412109375</ele>
        <time>2026-09-08T23:53:28.000Z</time>
        <extensions>
          <ns3:TrackPointExtension>
            <ns3:atemp>23.0</ns3:atemp>
            <ns3:hr>152</ns3:hr>
            <ns3:cad>87</ns3:cad>
          </ns3:TrackPointExtension>
        </extensions>
      </trkpt>
      <trkpt lat="39.93783465586602687835693359375" lon="116.38785484246909618377685546875">
        <ele>52.59999847412109375</ele>
        <time>2026-09-08T23:53:29.000Z</time>
        <extensions>
          <ns3:TrackPointExtension>
            <ns3:atemp>23.0</ns3:atemp>
            <ns3:hr>153</ns3:hr>
            <ns3:cad>87</ns3:cad>
          </ns3:TrackPointExtension>
        </extensions>
      </trkpt>
      <trkpt lat="39.93782694451510906219482421875" lon="116.38788275420665740966796875">
        <ele>52.59999847412109375</ele>
        <time>2026-09-08T23:53:30.000Z</time>
        <extensions>
          <ns3:TrackPointExtension>
            <ns3:atemp>23.0</ns3:atemp>
            <ns3:hr>153</ns3:hr>
            <ns3:cad>87</ns3:cad>
          </ns3:TrackPointExtension>
        </extensions>
      </trkpt>
      <trkpt lat="39.9378146231174468994140625" lon="116.3879120908677577972412109375">
        <ele>52.59999847412109375</ele>
        <time>2026-09-08T23:53:31.000Z</time>
        <extensions>
          <ns3:TrackPointExtension>
            <ns3:atemp>23.0</ns3:atemp>
            <ns3:hr>152</ns3:hr>
            <ns3:cad>87</ns3:cad>
          </ns3:TrackPointExtension>
        </extensions>
      </trkpt>
      <trkpt lat="39.9378124438226222991943359375" lon="116.38793614692986011505126953125">
        <ele>52.59999847412109375</ele>
        <time>2026-09-08T23:53:32.000Z</time>
        <extensions>
          <ns3:TrackPointExtension>
            <ns3:atemp>23.0</ns3:atemp>
            <ns3:hr>152</ns3:hr>
            <ns3:cad>87</ns3:cad>
          </ns3:TrackPointExtension>
        </extensions>
      </trkpt>
      <trkpt lat="39.93780699558556079864501953125" lon="116.3879677467048168182373046875">
        <ele>52.59999847412109375</ele>
        <time>2026-09-08T23:53:33.000Z</time>
        <extensions>
          <ns3:TrackPointExtension>
            <ns3:atemp>23.0</ns3:atemp>
            <ns3:hr>152</ns3:hr>
            <ns3:cad>87</ns3:cad>
          </ns3:TrackPointExtension>
        </extensions>
      </trkpt>
      <trkpt lat="39.93780783377587795257568359375" lon="116.38798979111015796661376953125">
        <ele>52.59999847412109375</ele>
        <time>2026-09-08T23:53:34.000Z</time>
        <extensions>
          <ns3:TrackPointExtension>
            <ns3:atemp>23.0</ns3:atemp>
            <ns3:hr>152</ns3:hr>
            <ns3:cad>87</ns3:cad>
          </ns3:TrackPointExtension>
        </extensions>
      </trkpt>
      <trkpt lat="39.93780112825334072113037109375" lon="116.3880183733999729156494140625">
        <ele>52.59999847412109375</ele>
        <time>2026-09-08T23:53:35.000Z</time>
        <extensions>
          <ns3:TrackPointExtension>
            <ns3:atemp>23.0</ns3:atemp>
            <ns3:hr>152</ns3:hr>
            <ns3:cad>88</ns3:cad>
          </ns3:TrackPointExtension>
        </extensions>
      </trkpt>
      <trkpt lat="39.9377983622252941131591796875" lon="116.3880472071468830108642578125">
        <ele>52.59999847412109375</ele>
        <time>2026-09-08T23:53:36.000Z</time>
        <extensions>
          <ns3:TrackPointExtension>
            <ns3:atemp>24.0</ns3:atemp>
            <ns3:hr>152</ns3:hr>
            <ns3:cad>88</ns3:cad>
          </ns3:TrackPointExtension>
        </extensions>
      </trkpt>
      <trkpt lat="39.93779391981661319732666015625" lon="116.38807721436023712158203125">
        <ele>52.799999237060546875</ele>
        <time>2026-09-08T23:53:37.000Z</time>
        <extensions>
          <ns3:TrackPointExtension>
            <ns3:atemp>23.0</ns3:atemp>
            <ns3:hr>152</ns3:hr>
            <ns3:cad>88</ns3:cad>
          </ns3:TrackPointExtension>
        </extensions>
      </trkpt>
      <trkpt lat="39.937789477407932281494140625" lon="116.38810412026941776275634765625">
        <ele>52.799999237060546875</ele>
        <time>2026-09-08T23:53:38.000Z</time>
        <extensions>
          <ns3:TrackPointExtension>
            <ns3:atemp>23.0</ns3:atemp>
            <ns3:hr>152</ns3:hr>
            <ns3:cad>88</ns3:cad>
          </ns3:TrackPointExtension>
        </extensions>
      </trkpt>
      <trkpt lat="39.937784783542156219482421875" lon="116.3881316967308521270751953125">
        <ele>52.799999237060546875</ele>
        <time>2026-09-08T23:53:39.000Z</time>
        <extensions>
          <ns3:TrackPointExtension>
            <ns3:atemp>24.0</ns3:atemp>
            <ns3:hr>153</ns3:hr>
            <ns3:cad>88</ns3:cad>
          </ns3:TrackPointExtension>
        </extensions>
      </trkpt>
      <trkpt lat="39.93777648545801639556884765625" lon="116.38816304504871368408203125">
        <ele>52.799999237060546875</ele>
        <time>2026-09-08T23:53:40.000Z</time>
        <extensions>
          <ns3:TrackPointExtension>
            <ns3:atemp>24.0</ns3:atemp>
            <ns3:hr>153</ns3:hr>
            <ns3:cad>87</ns3:cad>
          </ns3:TrackPointExtension>
        </extensions>
      </trkpt>
      <trkpt lat="39.93777715601027011871337890625" lon="116.388189531862735748291015625">
        <ele>53</ele>
        <time>2026-09-08T23:53:41.000Z</time>
        <extensions>
          <ns3:TrackPointExtension>
            <ns3:atemp>24.0</ns3:atemp>
            <ns3:hr>153</ns3:hr>
            <ns3:cad>87</ns3:cad>
          </ns3:TrackPointExtension>
        </extensions>
      </trkpt>
      <trkpt lat="39.93777212686836719512939453125" lon="116.38822331093251705169677734375">
        <ele>53</ele>
        <time>2026-09-08T23:53:42.000Z</time>
        <extensions>
          <ns3:TrackPointExtension>
            <ns3:atemp>24.0</ns3:atemp>
            <ns3:hr>153</ns3:hr>
            <ns3:cad>87</ns3:cad>
          </ns3:TrackPointExtension>
        </extensions>
      </trkpt>
      <trkpt lat="39.93776969611644744873046875" lon="116.38825063593685626983642578125">
        <ele>53</ele>
        <time>2026-09-08T23:53:43.000Z</time>
        <extensions>
          <ns3:TrackPointExtension>
            <ns3:atemp>24.0</ns3:atemp>
            <ns3:hr>153</ns3:hr>
            <ns3:cad>87</ns3:cad>
          </ns3:TrackPointExtension>
        </extensions>
      </trkpt>
      <trkpt lat="39.93776567280292510986328125" lon="116.38828366063535213470458984375">
        <ele>53</ele>
        <time>2026-09-08T23:53:44.000Z</time>
        <extensions>
          <ns3:TrackPointExtension>
            <ns3:atemp>24.0</ns3:atemp>
            <ns3:hr>153</ns3:hr>
            <ns3:cad>87</ns3:cad>
          </ns3:TrackPointExtension>
        </extensions>
      </trkpt>
      <trkpt lat="39.93776106275618076324462890625" lon="116.388314925134181976318359375">
        <ele>52.799999237060546875</ele>
        <time>2026-09-08T23:53:45.000Z</time>
        <extensions>
          <ns3:TrackPointExtension>
            <ns3:atemp>24.0</ns3:atemp>
            <ns3:hr>153</ns3:hr>
            <ns3:cad>88</ns3:cad>
          </ns3:TrackPointExtension>
        </extensions>
      </trkpt>
      <trkpt lat="39.9377544410526752471923828125" lon="116.38833981938660144805908203125">
        <ele>52.799999237060546875</ele>
        <time>2026-09-08T23:53:46.000Z</time>
        <extensions>
          <ns3:TrackPointExtension>
            <ns3:atemp>24.0</ns3:atemp>
            <ns3:hr>153</ns3:hr>
            <ns3:cad>88</ns3:cad>
          </ns3:TrackPointExtension>
        </extensions>
      </trkpt>
      <trkpt lat="39.9377487413585186004638671875" lon="116.38836714439094066619873046875">
        <ele>52.799999237060546875</ele>
        <time>2026-09-08T23:53:47.000Z</time>
        <extensions>
          <ns3:TrackPointExtension>
            <ns3:atemp>24.0</ns3:atemp>
            <ns3:hr>153</ns3:hr>
            <ns3:cad>88</ns3:cad>
          </ns3:TrackPointExtension>
        </extensions>
      </trkpt>
      <trkpt lat="39.9377447180449962615966796875" lon="116.38839631341397762298583984375">
        <ele>52.799999237060546875</ele>
        <time>2026-09-08T23:53:48.000Z</time>
        <extensions>
          <ns3:TrackPointExtension>
            <ns3:atemp>24.0</ns3:atemp>
            <ns3:hr>152</ns3:hr>
            <ns3:cad>87</ns3:cad>
          </ns3:TrackPointExtension>
        </extensions>
      </trkpt>
      <trkpt lat="39.9377380125224590301513671875" lon="116.38842514716088771820068359375">
        <ele>52.799999237060546875</ele>
        <time>2026-09-08T23:53:49.000Z</time>
        <extensions>
          <ns3:TrackPointExtension>
            <ns3:atemp>24.0</ns3:atemp>
            <ns3:hr>153</ns3:hr>
            <ns3:cad>87</ns3:cad>
          </ns3:TrackPointExtension>
        </extensions>
      </trkpt>
      <trkpt lat="39.93773407302796840667724609375" lon="116.3884542323648929595947265625">
        <ele>52.799999237060546875</ele>
        <time>2026-09-08T23:53:50.000Z</time>
        <extensions>
          <ns3:TrackPointExtension>
            <ns3:atemp>24.0</ns3:atemp>
            <ns3:hr>153</ns3:hr>
            <ns3:cad>87</ns3:cad>
          </ns3:TrackPointExtension>
        </extensions>
      </trkpt>
      <trkpt lat="39.9377276189625263214111328125" lon="116.38848365284502506256103515625">
        <ele>52.799999237060546875</ele>
        <time>2026-09-08T23:53:51.000Z</time>
        <extensions>
          <ns3:TrackPointExtension>
            <ns3:atemp>24.0</ns3:atemp>
            <ns3:hr>152</ns3:hr>
            <ns3:cad>87</ns3:cad>
          </ns3:TrackPointExtension>
        </extensions>
      </trkpt>
      <trkpt lat="39.937724433839321136474609375" lon="116.38851164840161800384521484375">
        <ele>52.799999237060546875</ele>
        <time>2026-09-08T23:53:52.000Z</time>
        <extensions>
          <ns3:TrackPointExtension>
            <ns3:atemp>24.0</ns3:atemp>
            <ns3:hr>153</ns3:hr>
            <ns3:cad>87</ns3:cad>
          </ns3:TrackPointExtension>
        </extensions>
      </trkpt>
      <trkpt lat="39.93772082962095737457275390625" lon="116.38854349963366985321044921875">
        <ele>52.799999237060546875</ele>
        <time>2026-09-08T23:53:53.000Z</time>
        <extensions>
          <ns3:TrackPointExtension>
            <ns3:atemp>24.0</ns3:atemp>
            <ns3:hr>153</ns3:hr>
            <ns3:cad>87</ns3:cad>
          </ns3:TrackPointExtension>
        </extensions>
      </trkpt>
      <trkpt lat="39.937718398869037628173828125" lon="116.38857501558959484100341796875">
        <ele>52.799999237060546875</ele>
        <time>2026-09-08T23:53:54.000Z</time>
        <extensions>
          <ns3:TrackPointExtension>
            <ns3:atemp>24.0</ns3:atemp>
            <ns3:hr>153</ns3:hr>
            <ns3:cad>87</ns3:cad>
          </ns3:TrackPointExtension>
        </extensions>
      </trkpt>
      <trkpt lat="39.9377128668129444122314453125" lon="116.38860921375453472137451171875">
        <ele>53</ele>
        <time>2026-09-08T23:53:55.000Z</time>
        <extensions>
          <ns3:TrackPointExtension>
            <ns3:atemp>24.0</ns3:atemp>
            <ns3:hr>152</ns3:hr>
            <ns3:cad>88</ns3:cad>
          </ns3:TrackPointExtension>
        </extensions>
      </trkpt>
      <trkpt lat="39.9377111904323101043701171875" lon="116.38863251544535160064697265625">
        <ele>53</ele>
        <time>2026-09-08T23:53:56.000Z</time>
        <extensions>
          <ns3:TrackPointExtension>
            <ns3:atemp>24.0</ns3:atemp>
            <ns3:hr>152</ns3:hr>
            <ns3:cad>88</ns3:cad>
          </ns3:TrackPointExtension>
        </extensions>
      </trkpt>
      <trkpt lat="39.93770398199558258056640625" lon="116.3886617682874202728271484375">
        <ele>53</ele>
        <time>2026-09-08T23:53:57.000Z</time>
        <extensions>
          <ns3:TrackPointExtension>
            <ns3:atemp>24.0</ns3:atemp>
            <ns3:hr>152</ns3:hr>
            <ns3:cad>88</ns3:cad>
          </ns3:TrackPointExtension>
        </extensions>
      </trkpt>
      <trkpt lat="39.93769786320626735687255859375" lon="116.3886882551014423370361328125">
        <ele>53</ele>
        <time>2026-09-08T23:53:58.000Z</time>
        <extensions>
          <ns3:TrackPointExtension>
            <ns3:atemp>24.0</ns3:atemp>
            <ns3:hr>152</ns3:hr>
            <ns3:cad>88</ns3:cad>
          </ns3:TrackPointExtension>
        </extensions>
      </trkpt>
      <trkpt lat="39.93769191205501556396484375" lon="116.388718597590923309326171875">
        <ele>53</ele>
        <time>2026-09-08T23:53:59.000Z</time>
        <extensions>
          <ns3:TrackPointExtension>
            <ns3:atemp>24.0</ns3:atemp>
            <ns3:hr>152</ns3:hr>
            <ns3:cad>88</ns3:cad>
          </ns3:TrackPointExtension>
        </extensions>
      </trkpt>
      <trkpt lat="39.93769099004566669464111328125" lon="116.388748772442340850830078125">
        <ele>53</ele>
        <time>2026-09-08T23:54:00.000Z</time>
        <extensions>
          <ns3:TrackPointExtension>
            <ns3:atemp>24.0</ns3:atemp>
            <ns3:hr>151</ns3:hr>
            <ns3:cad>88</ns3:cad>
          </ns3:TrackPointExtension>
        </extensions>
      </trkpt>
      <trkpt lat="39.9376910738646984100341796875" lon="116.38878037221729755401611328125">
        <ele>53.200000762939453125</ele>
        <time>2026-09-08T23:54:01.000Z</time>
        <extensions>
          <ns3:TrackPointExtension>
            <ns3:atemp>24.0</ns3:atemp>
            <ns3:hr>151</ns3:hr>
            <ns3:cad>88</ns3:cad>
          </ns3:TrackPointExtension>
        </extensions>
      </trkpt>
      <trkpt lat="39.93769459426403045654296875" lon="116.38881540857255458831787109375">
        <ele>53.200000762939453125</ele>
        <time>2026-09-08T23:54:02.000Z</time>
        <extensions>
          <ns3:TrackPointExtension>
            <ns3:atemp>24.0</ns3:atemp>
            <ns3:hr>151</ns3:hr>
            <ns3:cad>88</ns3:cad>
          </ns3:TrackPointExtension>
        </extensions>
      </trkpt>
      <trkpt lat="39.9377095140516757965087890625" lon="116.38884725980460643768310546875">
        <ele>53.200000762939453125</ele>
        <time>2026-09-08T23:54:03.000Z</time>
        <extensions>
          <ns3:TrackPointExtension>
            <ns3:atemp>24.0</ns3:atemp>
            <ns3:hr>151</ns3:hr>
            <ns3:cad>87</ns3:cad>
          </ns3:TrackPointExtension>
        </extensions>
      </trkpt>
      <trkpt lat="39.9377229250967502593994140625" lon="116.3888773508369922637939453125">
        <ele>53.200000762939453125</ele>
        <time>2026-09-08T23:54:04.000Z</time>
        <extensions>
          <ns3:TrackPointExtension>
            <ns3:atemp>24.0</ns3:atemp>
            <ns3:hr>152</ns3:hr>
            <ns3:cad>87</ns3:cad>
          </ns3:TrackPointExtension>
        </extensions>
      </trkpt>
      <trkpt lat="39.93773675523698329925537109375" lon="116.38889520429074764251708984375">
        <ele>53.200000762939453125</ele>
        <time>2026-09-08T23:54:05.000Z</time>
        <extensions>
          <ns3:TrackPointExtension>
            <ns3:atemp>24.0</ns3:atemp>
            <ns3:hr>151</ns3:hr>
            <ns3:cad>87</ns3:cad>
          </ns3:TrackPointExtension>
        </extensions>
      </trkpt>
      <trkpt lat="39.9377487413585186004638671875" lon="116.38891917653381824493408203125">
        <ele>53.200000762939453125</ele>
        <time>2026-09-08T23:54:06.000Z</time>
        <extensions>
          <ns3:TrackPointExtension>
            <ns3:atemp>24.0</ns3:atemp>
            <ns3:hr>152</ns3:hr>
            <ns3:cad>87</ns3:cad>
          </ns3:TrackPointExtension>
        </extensions>
      </trkpt>
      <trkpt lat="39.93775938637554645538330078125" lon="116.38893828727304935455322265625">
        <ele>53.200000762939453125</ele>
        <time>2026-09-08T23:54:07.000Z</time>
        <extensions>
          <ns3:TrackPointExtension>
            <ns3:atemp>24.0</ns3:atemp>
            <ns3:hr>152</ns3:hr>
            <ns3:cad>87</ns3:cad>
          </ns3:TrackPointExtension>
        </extensions>
      </trkpt>
      <trkpt lat="39.9377728812396526336669921875" lon="116.3889648579061031341552734375">
        <ele>53.200000762939453125</ele>
        <time>2026-09-08T23:54:08.000Z</time>
        <extensions>
          <ns3:TrackPointExtension>
            <ns3:atemp>24.0</ns3:atemp>
            <ns3:hr>152</ns3:hr>
            <ns3:cad>87</ns3:cad>
          </ns3:TrackPointExtension>
        </extensions>
      </trkpt>
      <trkpt lat="39.9377851188182830810546875" lon="116.38898706994950771331787109375">
        <ele>53.200000762939453125</ele>
        <time>2026-09-08T23:54:09.000Z</time>
        <extensions>
          <ns3:TrackPointExtension>
            <ns3:atemp>24.0</ns3:atemp>
            <ns3:hr>153</ns3:hr>
            <ns3:cad>87</ns3:cad>
          </ns3:TrackPointExtension>
        </extensions>
      </trkpt>
      <trkpt lat="39.93780179880559444427490234375" lon="116.38900551013648509979248046875">
        <ele>53.40000152587890625</ele>
        <time>2026-09-08T23:54:10.000Z</time>
        <extensions>
          <ns3:TrackPointExtension>
            <ns3:atemp>24.0</ns3:atemp>
            <ns3:hr>153</ns3:hr>
            <ns3:cad>87</ns3:cad>
          </ns3:TrackPointExtension>
        </extensions>
      </trkpt>
      <trkpt lat="39.9378204904496669769287109375" lon="116.3890262134373188018798828125">
        <ele>53.40000152587890625</ele>
        <time>2026-09-08T23:54:11.000Z</time>
        <extensions>
          <ns3:TrackPointExtension>
            <ns3:atemp>24.0</ns3:atemp>
            <ns3:hr>153</ns3:hr>
            <ns3:cad>87</ns3:cad>
          </ns3:TrackPointExtension>
        </extensions>
      </trkpt>
      <trkpt lat="39.9378339014947414398193359375" lon="116.38904691673815250396728515625">
        <ele>53.59999847412109375</ele>
        <time>2026-09-08T23:54:12.000Z</time>
        <extensions>
          <ns3:TrackPointExtension>
            <ns3:atemp>24.0</ns3:atemp>
            <ns3:hr>153</ns3:hr>
            <ns3:cad>87</ns3:cad>
          </ns3:TrackPointExtension>
        </extensions>
      </trkpt>
      <trkpt lat="39.93784907273948192596435546875" lon="116.3890697993338108062744140625">
        <ele>53.59999847412109375</ele>
        <time>2026-09-08T23:54:13.000Z</time>
        <extensions>
          <ns3:TrackPointExtension>
            <ns3:atemp>24.0</ns3:atemp>
            <ns3:hr>153</ns3:hr>
            <ns3:cad>87</ns3:cad>
          </ns3:TrackPointExtension>
        </extensions>
      </trkpt>
      <trkpt lat="39.9378629028797149658203125" lon="116.3890895806252956390380859375">
        <ele>53.59999847412109375</ele>
        <time>2026-09-08T23:54:14.000Z</time>
        <extensions>
          <ns3:TrackPointExtension>
            <ns3:atemp>24.0</ns3:atemp>
            <ns3:hr>153</ns3:hr>
            <ns3:cad>87</ns3:cad>
          </ns3:TrackPointExtension>
        </extensions>
      </trkpt>
      <trkpt lat="39.93787891231477260589599609375" lon="116.3891120441257953643798828125">
        <ele>53.59999847412109375</ele>
        <time>2026-09-08T23:54:15.000Z</time>
        <extensions>
          <ns3:TrackPointExtension>
            <ns3:atemp>24.0</ns3:atemp>
            <ns3:hr>153</ns3:hr>
            <ns3:cad>87</ns3:cad>
          </ns3:TrackPointExtension>
        </extensions>
      </trkpt>
      <trkpt lat="39.9379033036530017852783203125" lon="116.38913827948272228240966796875">
        <ele>53.59999847412109375</ele>
        <time>2026-09-08T23:54:16.000Z</time>
        <extensions>
          <ns3:TrackPointExtension>
            <ns3:atemp>24.0</ns3:atemp>
            <ns3:hr>154</ns3:hr>
            <ns3:cad>87</ns3:cad>
          </ns3:TrackPointExtension>
        </extensions>
      </trkpt>
      <trkpt lat="39.937924928963184356689453125" lon="116.38916753232479095458984375">
        <ele>53.799999237060546875</ele>
        <time>2026-09-08T23:54:17.000Z</time>
        <extensions>
          <ns3:TrackPointExtension>
            <ns3:atemp>24.0</ns3:atemp>
            <ns3:hr>154</ns3:hr>
            <ns3:cad>87</ns3:cad>
          </ns3:TrackPointExtension>
        </extensions>
      </trkpt>
      <trkpt lat="39.93792987428605556488037109375" lon="116.38918572105467319488525390625">
        <ele>53.799999237060546875</ele>
        <time>2026-09-08T23:54:18.000Z</time>
        <extensions>
          <ns3:TrackPointExtension>
            <ns3:atemp>24.0</ns3:atemp>
            <ns3:hr>154</ns3:hr>
            <ns3:cad>87</ns3:cad>
          </ns3:TrackPointExtension>
        </extensions>
      </trkpt>
      <trkpt lat="39.93793062865734100341796875" lon="116.38922251760959625244140625">
        <ele>53.799999237060546875</ele>
        <time>2026-09-08T23:54:19.000Z</time>
        <extensions>
          <ns3:TrackPointExtension>
            <ns3:atemp>24.0</ns3:atemp>
            <ns3:hr>154</ns3:hr>
            <ns3:cad>87</ns3:cad>
          </ns3:TrackPointExtension>
        </extensions>
      </trkpt>
      <trkpt lat="39.9379307962954044342041015625" lon="116.389255709946155548095703125">
        <ele>54</ele>
        <time>2026-09-08T23:54:20.000Z</time>
        <extensions>
          <ns3:TrackPointExtension>
            <ns3:atemp>24.0</ns3:atemp>
            <ns3:hr>154</ns3:hr>
            <ns3:cad>87</ns3:cad>
          </ns3:TrackPointExtension>
        </extensions>
      </trkpt>
      <trkpt lat="39.9379301257431507110595703125" lon="116.3892907463014125823974609375">
        <ele>54</ele>
        <time>2026-09-08T23:54:21.000Z</time>
        <extensions>
          <ns3:TrackPointExtension>
            <ns3:atemp>24.0</ns3:atemp>
            <ns3:hr>154</ns3:hr>
            <ns3:cad>87</ns3:cad>
          </ns3:TrackPointExtension>
        </extensions>
      </trkpt>
      <trkpt lat="39.937928952276706695556640625" lon="116.38931849040091037750244140625">
        <ele>54</ele>
        <time>2026-09-08T23:54:22.000Z</time>
        <extensions>
          <ns3:TrackPointExtension>
            <ns3:atemp>24.0</ns3:atemp>
            <ns3:hr>154</ns3:hr>
            <ns3:cad>87</ns3:cad>
          </ns3:TrackPointExtension>
        </extensions>
      </trkpt>
      <trkpt lat="39.9379304610192775726318359375" lon="116.3893492519855499267578125">
        <ele>54.200000762939453125</ele>
        <time>2026-09-08T23:54:23.000Z</time>
        <extensions>
          <ns3:TrackPointExtension>
            <ns3:atemp>24.0</ns3:atemp>
            <ns3:hr>154</ns3:hr>
            <ns3:cad>87</ns3:cad>
          </ns3:TrackPointExtension>
        </extensions>
      </trkpt>
      <trkpt lat="39.93793155066668987274169921875" lon="116.38937816955149173736572265625">
        <ele>54.200000762939453125</ele>
        <time>2026-09-08T23:54:24.000Z</time>
        <extensions>
          <ns3:TrackPointExtension>
            <ns3:atemp>24.0</ns3:atemp>
            <ns3:hr>153</ns3:hr>
            <ns3:cad>87</ns3:cad>
          </ns3:TrackPointExtension>
        </extensions>
      </trkpt>
      <trkpt lat="39.937932305037975311279296875" lon="116.389404572546482086181640625">
        <ele>54.200000762939453125</ele>
        <time>2026-09-08T23:54:25.000Z</time>
        <extensions>
          <ns3:TrackPointExtension>
            <ns3:atemp>24.0</ns3:atemp>
            <ns3:hr>153</ns3:hr>
            <ns3:cad>87</ns3:cad>
          </ns3:TrackPointExtension>
        </extensions>
      </trkpt>
      <trkpt lat="39.93792970664799213409423828125" lon="116.38943047262728214263916015625">
        <ele>54.200000762939453125</ele>
        <time>2026-09-08T23:54:26.000Z</time>
        <extensions>
          <ns3:TrackPointExtension>
            <ns3:atemp>24.0</ns3:atemp>
            <ns3:hr>153</ns3:hr>
            <ns3:cad>88</ns3:cad>
          </ns3:TrackPointExtension>
        </extensions>
      </trkpt>
      <trkpt lat="39.937928952276706695556640625" lon="116.38945377431809902191162109375">
        <ele>54.200000762939453125</ele>
        <time>2026-09-08T23:54:27.000Z</time>
        <extensions>
          <ns3:TrackPointExtension>
            <ns3:atemp>24.0</ns3:atemp>
            <ns3:hr>153</ns3:hr>
            <ns3:cad>88</ns3:cad>
          </ns3:TrackPointExtension>
        </extensions>
      </trkpt>
      <trkpt lat="39.93792903609573841094970703125" lon="116.38948738574981689453125">
        <ele>54</ele>
        <time>2026-09-08T23:54:28.000Z</time>
        <extensions>
          <ns3:TrackPointExtension>
            <ns3:atemp>24.0</ns3:atemp>
            <ns3:hr>153</ns3:hr>
            <ns3:cad>88</ns3:cad>
          </ns3:TrackPointExtension>
        </extensions>
      </trkpt>
      <trkpt lat="39.9379274435341358184814453125" lon="116.38951026834547519683837890625">
        <ele>54</ele>
        <time>2026-09-08T23:54:29.000Z</time>
        <extensions>
          <ns3:TrackPointExtension>
            <ns3:atemp>24.0</ns3:atemp>
            <ns3:hr>153</ns3:hr>
            <ns3:cad>88</ns3:cad>
          </ns3:TrackPointExtension>
        </extensions>
      </trkpt>
      <trkpt lat="39.9379301257431507110595703125" lon="116.38954228721559047698974609375">
        <ele>54</ele>
        <time>2026-09-08T23:54:30.000Z</time>
        <extensions>
          <ns3:TrackPointExtension>
            <ns3:atemp>24.0</ns3:atemp>
            <ns3:hr>154</ns3:hr>
            <ns3:cad>87</ns3:cad>
          </ns3:TrackPointExtension>
        </extensions>
      </trkpt>
      <trkpt lat="39.937936328351497650146484375" lon="116.38956240378320217132568359375">
        <ele>54</ele>
        <time>2026-09-08T23:54:31.000Z</time>
        <extensions>
          <ns3:TrackPointExtension>
            <ns3:atemp>24.0</ns3:atemp>
            <ns3:hr>153</ns3:hr>
            <ns3:cad>87</ns3:cad>
          </ns3:TrackPointExtension>
        </extensions>
      </trkpt>
      <trkpt lat="39.9379458837211132049560546875" lon="116.38957925140857696533203125">
        <ele>54</ele>
        <time>2026-09-08T23:54:32.000Z</time>
        <extensions>
          <ns3:TrackPointExtension>
            <ns3:atemp>24.0</ns3:atemp>
            <ns3:hr>153</ns3:hr>
            <ns3:cad>87</ns3:cad>
          </ns3:TrackPointExtension>
        </extensions>
      </trkpt>
      <trkpt lat="39.93796139024198055267333984375" lon="116.38959224335849285125732421875">
        <ele>54</ele>
        <time>2026-09-08T23:54:33.000Z</time>
        <extensions>
          <ns3:TrackPointExtension>
            <ns3:atemp>24.0</ns3:atemp>
            <ns3:hr>154</ns3:hr>
            <ns3:cad>87</ns3:cad>
          </ns3:TrackPointExtension>
        </extensions>
      </trkpt>
      <trkpt lat="39.9379837699234485626220703125" lon="116.38959039933979511260986328125">
        <ele>54</ele>
        <time>2026-09-08T23:54:34.000Z</time>
        <extensions>
          <ns3:TrackPointExtension>
            <ns3:atemp>24.0</ns3:atemp>
            <ns3:hr>154</ns3:hr>
            <ns3:cad>87</ns3:cad>
          </ns3:TrackPointExtension>
        </extensions>
      </trkpt>
      <trkpt lat="39.9380055628716945648193359375" lon="116.3895945064723491668701171875">
        <ele>54</ele>
        <time>2026-09-08T23:54:35.000Z</time>
        <extensions>
          <ns3:TrackPointExtension>
            <ns3:atemp>24.0</ns3:atemp>
            <ns3:hr>155</ns3:hr>
            <ns3:cad>88</ns3:cad>
          </ns3:TrackPointExtension>
        </extensions>
      </trkpt>
      <trkpt lat="39.93802224285900592803955078125" lon="116.38959534466266632080078125">
        <ele>54</ele>
        <time>2026-09-08T23:54:36.000Z</time>
        <extensions>
          <ns3:TrackPointExtension>
            <ns3:atemp>24.0</ns3:atemp>
            <ns3:hr>155</ns3:hr>
            <ns3:cad>88</ns3:cad>
          </ns3:TrackPointExtension>
        </extensions>
      </trkpt>
      <trkpt lat="39.9380380846560001373291015625" lon="116.3895906507968902587890625">
        <ele>54</ele>
        <time>2026-09-08T23:54:37.000Z</time>
        <extensions>
          <ns3:TrackPointExtension>
            <ns3:atemp>24.0</ns3:atemp>
            <ns3:hr>155</ns3:hr>
            <ns3:cad>88</ns3:cad>
          </ns3:TrackPointExtension>
        </extensions>
      </trkpt>
      <trkpt lat="39.9380598776042461395263671875" lon="116.3895971886813640594482421875">
        <ele>53.799999237060546875</ele>
        <time>2026-09-08T23:54:38.000Z</time>
        <extensions>
          <ns3:TrackPointExtension>
            <ns3:atemp>24.0</ns3:atemp>
            <ns3:hr>155</ns3:hr>
            <ns3:cad>88</ns3:cad>
          </ns3:TrackPointExtension>
        </extensions>
      </trkpt>
      <trkpt lat="39.938072450459003448486328125" lon="116.38959559611976146697998046875">
        <ele>54</ele>
        <time>2026-09-08T23:54:39.000Z</time>
        <extensions>
          <ns3:TrackPointExtension>
            <ns3:atemp>24.0</ns3:atemp>
            <ns3:hr>155</ns3:hr>
            <ns3:cad>88</ns3:cad>
          </ns3:TrackPointExtension>
        </extensions>
      </trkpt>
      <trkpt lat="39.938096590340137481689453125" lon="116.38959467411041259765625">
        <ele>54</ele>
        <time>2026-09-08T23:54:40.000Z</time>
        <extensions>
          <ns3:TrackPointExtension>
            <ns3:atemp>24.0</ns3:atemp>
            <ns3:hr>155</ns3:hr>
            <ns3:cad>88</ns3:cad>
          </ns3:TrackPointExtension>
        </extensions>
      </trkpt>
      <trkpt lat="39.93811243213713169097900390625" lon="116.389595679938793182373046875">
        <ele>54</ele>
        <time>2026-09-08T23:54:41.000Z</time>
        <extensions>
          <ns3:TrackPointExtension>
            <ns3:atemp>24.0</ns3:atemp>
            <ns3:hr>155</ns3:hr>
            <ns3:cad>88</ns3:cad>
          </ns3:TrackPointExtension>
        </extensions>
      </trkpt>
      <trkpt lat="39.93813774548470973968505859375" lon="116.38959668576717376708984375">
        <ele>54.200000762939453125</ele>
        <time>2026-09-08T23:54:42.000Z</time>
        <extensions>
          <ns3:TrackPointExtension>
            <ns3:atemp>24.0</ns3:atemp>
            <ns3:hr>155</ns3:hr>
            <ns3:cad>87</ns3:cad>
          </ns3:TrackPointExtension>
        </extensions>
      </trkpt>
      <trkpt lat="39.938154928386211395263671875" lon="116.38959995470941066741943359375">
        <ele>54.200000762939453125</ele>
        <time>2026-09-08T23:54:43.000Z</time>
        <extensions>
          <ns3:TrackPointExtension>
            <ns3:atemp>24.0</ns3:atemp>
            <ns3:hr>155</ns3:hr>
            <ns3:cad>86</ns3:cad>
          </ns3:TrackPointExtension>
        </extensions>
      </trkpt>
      <trkpt lat="39.938176386058330535888671875" lon="116.38960766606032848358154296875">
        <ele>54.200000762939453125</ele>
        <time>2026-09-08T23:54:44.000Z</time>
        <extensions>
          <ns3:TrackPointExtension>
            <ns3:atemp>24.0</ns3:atemp>
            <ns3:hr>154</ns3:hr>
            <ns3:cad>86</ns3:cad>
          </ns3:TrackPointExtension>
        </extensions>
      </trkpt>
      <trkpt lat="39.938197843730449676513671875" lon="116.38961185701191425323486328125">
        <ele>54.200000762939453125</ele>
        <time>2026-09-08T23:54:45.000Z</time>
        <extensions>
          <ns3:TrackPointExtension>
            <ns3:atemp>24.0</ns3:atemp>
            <ns3:hr>154</ns3:hr>
            <ns3:cad>86</ns3:cad>
          </ns3:TrackPointExtension>
        </extensions>
      </trkpt>
      <trkpt lat="39.938219301402568817138671875" lon="116.3896149583160877227783203125">
        <ele>54.200000762939453125</ele>
        <time>2026-09-08T23:54:46.000Z</time>
        <extensions>
          <ns3:TrackPointExtension>
            <ns3:atemp>24.0</ns3:atemp>
            <ns3:hr>154</ns3:hr>
            <ns3:cad>86</ns3:cad>
          </ns3:TrackPointExtension>
        </extensions>
      </trkpt>
      <trkpt lat="39.938239417970180511474609375" lon="116.38961805962026119232177734375">
        <ele>54.200000762939453125</ele>
        <time>2026-09-08T23:54:47.000Z</time>
        <extensions>
          <ns3:TrackPointExtension>
            <ns3:atemp>24.0</ns3:atemp>
            <ns3:hr>154</ns3:hr>
            <ns3:cad>86</ns3:cad>
          </ns3:TrackPointExtension>
        </extensions>
      </trkpt>
      <trkpt lat="39.93825878016650676727294921875" lon="116.38961923308670520782470703125">
        <ele>54.200000762939453125</ele>
        <time>2026-09-08T23:54:48.000Z</time>
        <extensions>
          <ns3:TrackPointExtension>
            <ns3:atemp>24.0</ns3:atemp>
            <ns3:hr>154</ns3:hr>
            <ns3:cad>87</ns3:cad>
          </ns3:TrackPointExtension>
        </extensions>
      </trkpt>
      <trkpt lat="39.938284344971179962158203125" lon="116.38961956836283206939697265625">
        <ele>54.200000762939453125</ele>
        <time>2026-09-08T23:54:49.000Z</time>
        <extensions>
          <ns3:TrackPointExtension>
            <ns3:atemp>24.0</ns3:atemp>
            <ns3:hr>155</ns3:hr>
            <ns3:cad>87</ns3:cad>
          </ns3:TrackPointExtension>
        </extensions>
      </trkpt>
      <trkpt lat="39.93829675018787384033203125" lon="116.389619819819927215576171875">
        <ele>54</ele>
        <time>2026-09-08T23:54:50.000Z</time>
        <extensions>
          <ns3:TrackPointExtension>
            <ns3:atemp>24.0</ns3:atemp>
            <ns3:hr>154</ns3:hr>
            <ns3:cad>87</ns3:cad>
          </ns3:TrackPointExtension>
        </extensions>
      </trkpt>
      <trkpt lat="39.938319884240627288818359375" lon="116.38962610624730587005615234375">
        <ele>54</ele>
        <time>2026-09-08T23:54:51.000Z</time>
        <extensions>
          <ns3:TrackPointExtension>
            <ns3:atemp>24.0</ns3:atemp>
            <ns3:hr>154</ns3:hr>
            <ns3:cad>88</ns3:cad>
          </ns3:TrackPointExtension>
        </extensions>
      </trkpt>
      <trkpt lat="39.93834226392209529876708984375" lon="116.38962292112410068511962890625">
        <ele>54</ele>
        <time>2026-09-08T23:54:52.000Z</time>
        <extensions>
          <ns3:TrackPointExtension>
            <ns3:atemp>24.0</ns3:atemp>
            <ns3:hr>154</ns3:hr>
            <ns3:cad>88</ns3:cad>
          </ns3:TrackPointExtension>
        </extensions>
      </trkpt>
      <trkpt lat="39.93836355395615100860595703125" lon="116.389624178409576416015625">
        <ele>54</ele>
        <time>2026-09-08T23:54:53.000Z</time>
        <extensions>
          <ns3:TrackPointExtension>
            <ns3:atemp>24.0</ns3:atemp>
            <ns3:hr>154</ns3:hr>
            <ns3:cad>88</ns3:cad>
          </ns3:TrackPointExtension>
        </extensions>
      </trkpt>
      <trkpt lat="39.9383783899247646331787109375" lon="116.3896253518760204315185546875">
        <ele>54</ele>
        <time>2026-09-08T23:54:54.000Z</time>
        <extensions>
          <ns3:TrackPointExtension>
            <ns3:atemp>24.0</ns3:atemp>
            <ns3:hr>153</ns3:hr>
            <ns3:cad>88</ns3:cad>
          </ns3:TrackPointExtension>
        </extensions>
      </trkpt>
      <trkpt lat="39.9383988417685031890869140625" lon="116.38962761498987674713134765625">
        <ele>54</ele>
        <time>2026-09-08T23:54:55.000Z</time>
        <extensions>
          <ns3:TrackPointExtension>
            <ns3:atemp>24.0</ns3:atemp>
            <ns3:hr>153</ns3:hr>
            <ns3:cad>88</ns3:cad>
          </ns3:TrackPointExtension>
        </extensions>
      </trkpt>
      <trkpt lat="39.93841736577451229095458984375" lon="116.38962660916149616241455078125">
        <ele>54</ele>
        <time>2026-09-08T23:54:56.000Z</time>
        <extensions>
          <ns3:TrackPointExtension>
            <ns3:atemp>24.0</ns3:atemp>
            <ns3:hr>153</ns3:hr>
            <ns3:cad>88</ns3:cad>
          </ns3:TrackPointExtension>
        </extensions>
      </trkpt>
      <trkpt lat="39.9384387396275997161865234375" lon="116.38962510041892528533935546875">
        <ele>54</ele>
        <time>2026-09-08T23:54:57.000Z</time>
        <extensions>
          <ns3:TrackPointExtension>
            <ns3:atemp>24.0</ns3:atemp>
            <ns3:hr>153</ns3:hr>
            <ns3:cad>88</ns3:cad>
          </ns3:TrackPointExtension>
        </extensions>
      </trkpt>
      <trkpt lat="39.9384601972997188568115234375" lon="116.389619819819927215576171875">
        <ele>54</ele>
        <time>2026-09-08T23:54:58.000Z</time>
        <extensions>
          <ns3:TrackPointExtension>
            <ns3:atemp>24.0</ns3:atemp>
            <ns3:hr>153</ns3:hr>
            <ns3:cad>88</ns3:cad>
          </ns3:TrackPointExtension>
        </extensions>
      </trkpt>
      <trkpt lat="39.93848056532442569732666015625" lon="116.38961755670607089996337890625">
        <ele>54</ele>
        <time>2026-09-08T23:54:59.000Z</time>
        <extensions>
          <ns3:TrackPointExtension>
            <ns3:atemp>24.0</ns3:atemp>
            <ns3:hr>152</ns3:hr>
            <ns3:cad>88</ns3:cad>
          </ns3:TrackPointExtension>
        </extensions>
      </trkpt>
      <trkpt lat="39.93850286118686199188232421875" lon="116.38961504213511943817138671875">
        <ele>53.799999237060546875</ele>
        <time>2026-09-08T23:55:00.000Z</time>
        <extensions>
          <ns3:TrackPointExtension>
            <ns3:atemp>24.0</ns3:atemp>
            <ns3:hr>152</ns3:hr>
            <ns3:cad>88</ns3:cad>
          </ns3:TrackPointExtension>
        </extensions>
      </trkpt>
      <trkpt lat="39.93852549232542514801025390625" lon="116.389619149267673492431640625">
        <ele>53.799999237060546875</ele>
        <time>2026-09-08T23:55:01.000Z</time>
        <extensions>
          <ns3:TrackPointExtension>
            <ns3:atemp>24.0</ns3:atemp>
            <ns3:hr>152</ns3:hr>
            <ns3:cad>87</ns3:cad>
          </ns3:TrackPointExtension>
        </extensions>
      </trkpt>
      <trkpt lat="39.938559941947460174560546875" lon="116.389621831476688385009765625">
        <ele>53.799999237060546875</ele>
        <time>2026-09-08T23:55:02.000Z</time>
        <extensions>
          <ns3:TrackPointExtension>
            <ns3:atemp>24.0</ns3:atemp>
            <ns3:hr>152</ns3:hr>
            <ns3:cad>87</ns3:cad>
          </ns3:TrackPointExtension>
        </extensions>
      </trkpt>
      <trkpt lat="39.93858181871473789215087890625" lon="116.38961655087769031524658203125">
        <ele>53.59999847412109375</ele>
        <time>2026-09-08T23:55:03.000Z</time>
        <extensions>
          <ns3:TrackPointExtension>
            <ns3:atemp>24.0</ns3:atemp>
            <ns3:hr>151</ns3:hr>
            <ns3:cad>87</ns3:cad>
          </ns3:TrackPointExtension>
        </extensions>
      </trkpt>
      <trkpt lat="39.9386053718626499176025390625" lon="116.389593668282032012939453125">
        <ele>53.59999847412109375</ele>
        <time>2026-09-08T23:55:04.000Z</time>
        <extensions>
          <ns3:TrackPointExtension>
            <ns3:atemp>24.0</ns3:atemp>
            <ns3:hr>151</ns3:hr>
            <ns3:cad>87</ns3:cad>
          </ns3:TrackPointExtension>
        </extensions>
      </trkpt>
      <trkpt lat="39.9386234767735004425048828125" lon="116.38957866467535495758056640625">
        <ele>53.40000152587890625</ele>
        <time>2026-09-08T23:55:05.000Z</time>
        <extensions>
          <ns3:TrackPointExtension>
            <ns3:atemp>24.0</ns3:atemp>
            <ns3:hr>151</ns3:hr>
            <ns3:cad>87</ns3:cad>
          </ns3:TrackPointExtension>
        </extensions>
      </trkpt>
      <trkpt lat="39.93864853866398334503173828125" lon="116.3895536027848720550537109375">
        <ele>53.40000152587890625</ele>
        <time>2026-09-08T23:55:06.000Z</time>
        <extensions>
          <ns3:TrackPointExtension>
            <ns3:atemp>24.0</ns3:atemp>
            <ns3:hr>152</ns3:hr>
            <ns3:cad>87</ns3:cad>
          </ns3:TrackPointExtension>
        </extensions>
      </trkpt>
      <trkpt lat="39.93866496719419956207275390625" lon="116.3895370066165924072265625">
        <ele>53.40000152587890625</ele>
        <time>2026-09-08T23:55:07.000Z</time>
        <extensions>
          <ns3:TrackPointExtension>
            <ns3:atemp>24.0</ns3:atemp>
            <ns3:hr>151</ns3:hr>
            <ns3:cad>87</ns3:cad>
          </ns3:TrackPointExtension>
        </extensions>
      </trkpt>
      <trkpt lat="39.93868843652307987213134765625" lon="116.3895183987915515899658203125">
        <ele>53.40000152587890625</ele>
        <time>2026-09-08T23:55:08.000Z</time>
        <extensions>
          <ns3:TrackPointExtension>
            <ns3:atemp>24.0</ns3:atemp>
            <ns3:hr>151</ns3:hr>
            <ns3:cad>87</ns3:cad>
          </ns3:TrackPointExtension>
        </extensions>
      </trkpt>
      <trkpt lat="39.93871408514678478240966796875" lon="116.38950507156550884246826171875">
        <ele>53.40000152587890625</ele>
        <time>2026-09-08T23:55:09.000Z</time>
        <extensions>
          <ns3:TrackPointExtension>
            <ns3:atemp>24.0</ns3:atemp>
            <ns3:hr>151</ns3:hr>
            <ns3:cad>87</ns3:cad>
          </ns3:TrackPointExtension>
        </extensions>
      </trkpt>
      <trkpt lat="39.938736967742443084716796875" lon="116.38949752785265445709228515625">
        <ele>53.40000152587890625</ele>
        <time>2026-09-08T23:55:10.000Z</time>
        <extensions>
          <ns3:TrackPointExtension>
            <ns3:atemp>24.0</ns3:atemp>
            <ns3:hr>152</ns3:hr>
            <ns3:cad>87</ns3:cad>
          </ns3:TrackPointExtension>
        </extensions>
      </trkpt>
      <trkpt lat="39.9387575872242450714111328125" lon="116.3894845359027385711669921875">
        <ele>53.40000152587890625</ele>
        <time>2026-09-08T23:55:11.000Z</time>
        <extensions>
          <ns3:TrackPointExtension>
            <ns3:atemp>24.0</ns3:atemp>
            <ns3:hr>151</ns3:hr>
            <ns3:cad>87</ns3:cad>
          </ns3:TrackPointExtension>
        </extensions>
      </trkpt>
      <trkpt lat="39.93876471184194087982177734375" lon="116.38946257531642913818359375">
        <ele>53.40000152587890625</ele>
        <time>2026-09-08T23:55:12.000Z</time>
        <extensions>
          <ns3:TrackPointExtension>
            <ns3:atemp>23.0</ns3:atemp>
            <ns3:hr>151</ns3:hr>
            <ns3:cad>87</ns3:cad>
          </ns3:TrackPointExtension>
        </extensions>
      </trkpt>
      <trkpt lat="39.9387750215828418731689453125" lon="116.38943097554147243499755859375">
        <ele>53.40000152587890625</ele>
        <time>2026-09-08T23:55:13.000Z</time>
        <extensions>
          <ns3:TrackPointExtension>
            <ns3:atemp>23.0</ns3:atemp>
            <ns3:hr>152</ns3:hr>
            <ns3:cad>86</ns3:cad>
          </ns3:TrackPointExtension>
        </extensions>
      </trkpt>
      <trkpt lat="39.93878223001956939697265625" lon="116.38941161334514617919921875">
        <ele>53.200000762939453125</ele>
        <time>2026-09-08T23:55:14.000Z</time>
        <extensions>
          <ns3:TrackPointExtension>
            <ns3:atemp>24.0</ns3:atemp>
            <ns3:hr>152</ns3:hr>
            <ns3:cad>86</ns3:cad>
          </ns3:TrackPointExtension>
        </extensions>
      </trkpt>
      <trkpt lat="39.938797652721405029296875" lon="116.38938738964498043060302734375">
        <ele>53.200000762939453125</ele>
        <time>2026-09-08T23:55:15.000Z</time>
        <extensions>
          <ns3:TrackPointExtension>
            <ns3:atemp>24.0</ns3:atemp>
            <ns3:hr>152</ns3:hr>
            <ns3:cad>86</ns3:cad>
          </ns3:TrackPointExtension>
        </extensions>
      </trkpt>
      <trkpt lat="39.9388152547180652618408203125" lon="116.38936643488705158233642578125">
        <ele>53</ele>
        <time>2026-09-08T23:55:16.000Z</time>
        <extensions>
          <ns3:TrackPointExtension>
            <ns3:atemp>23.0</ns3:atemp>
            <ns3:hr>151</ns3:hr>
            <ns3:cad>86</ns3:cad>
          </ns3:TrackPointExtension>
        </extensions>
      </trkpt>
      <trkpt lat="39.9388343654572963714599609375" lon="116.38933961279690265655517578125">
        <ele>53</ele>
        <time>2026-09-08T23:55:17.000Z</time>
        <extensions>
          <ns3:TrackPointExtension>
            <ns3:atemp>24.0</ns3:atemp>
            <ns3:hr>151</ns3:hr>
            <ns3:cad>86</ns3:cad>
          </ns3:TrackPointExtension>
        </extensions>
      </trkpt>
      <trkpt lat="39.93884861469268798828125" lon="116.3893158920109272003173828125">
        <ele>53</ele>
        <time>2026-09-08T23:55:18.000Z</time>
        <extensions>
          <ns3:TrackPointExtension>
            <ns3:atemp>23.0</ns3:atemp>
            <ns3:hr>151</ns3:hr>
            <ns3:cad>86</ns3:cad>
          </ns3:TrackPointExtension>
        </extensions>
      </trkpt>
      <trkpt lat="39.938869066536426544189453125" lon="116.38929300941526889801025390625">
        <ele>53</ele>
        <time>2026-09-08T23:55:19.000Z</time>
        <extensions>
          <ns3:TrackPointExtension>
            <ns3:atemp>23.0</ns3:atemp>
            <ns3:hr>152</ns3:hr>
            <ns3:cad>86</ns3:cad>
          </ns3:TrackPointExtension>
        </extensions>
      </trkpt>
      <trkpt lat="39.9388957209885120391845703125" lon="116.389275491237640380859375">
        <ele>53</ele>
        <time>2026-09-08T23:55:20.000Z</time>
        <extensions>
          <ns3:TrackPointExtension>
            <ns3:atemp>23.0</ns3:atemp>
            <ns3:hr>151</ns3:hr>
            <ns3:cad>86</ns3:cad>
          </ns3:TrackPointExtension>
        </extensions>
      </trkpt>
      <trkpt lat="39.938919357955455780029296875" lon="116.38928010128438472747802734375">
        <ele>53</ele>
        <time>2026-09-08T23:55:21.000Z</time>
        <extensions>
          <ns3:TrackPointExtension>
            <ns3:atemp>23.0</ns3:atemp>
            <ns3:hr>151</ns3:hr>
            <ns3:cad>88</ns3:cad>
          </ns3:TrackPointExtension>
        </extensions>
      </trkpt>
      <trkpt lat="39.93894224055111408233642578125" lon="116.38929401524364948272705078125">
        <ele>53</ele>
        <time>2026-09-08T23:55:22.000Z</time>
        <extensions>
          <ns3:TrackPointExtension>
            <ns3:atemp>23.0</ns3:atemp>
            <ns3:hr>152</ns3:hr>
            <ns3:cad>88</ns3:cad>
          </ns3:TrackPointExtension>
        </extensions>
      </trkpt>
      <trkpt lat="39.93896604515612125396728515625" lon="116.3893011398613452911376953125">
        <ele>52.799999237060546875</ele>
        <time>2026-09-08T23:55:23.000Z</time>
        <extensions>
          <ns3:TrackPointExtension>
            <ns3:atemp>23.0</ns3:atemp>
            <ns3:hr>152</ns3:hr>
            <ns3:cad>88</ns3:cad>
          </ns3:TrackPointExtension>
        </extensions>
      </trkpt>
      <trkpt lat="39.938993789255619049072265625" lon="116.38930826447904109954833984375">
        <ele>52.799999237060546875</ele>
        <time>2026-09-08T23:55:24.000Z</time>
        <extensions>
          <ns3:TrackPointExtension>
            <ns3:atemp>23.0</ns3:atemp>
            <ns3:hr>152</ns3:hr>
            <ns3:cad>88</ns3:cad>
          </ns3:TrackPointExtension>
        </extensions>
      </trkpt>
      <trkpt lat="39.939017593860626220703125" lon="116.38931463472545146942138671875">
        <ele>52.59999847412109375</ele>
        <time>2026-09-08T23:55:25.000Z</time>
        <extensions>
          <ns3:TrackPointExtension>
            <ns3:atemp>23.0</ns3:atemp>
            <ns3:hr>153</ns3:hr>
            <ns3:cad>88</ns3:cad>
          </ns3:TrackPointExtension>
        </extensions>
      </trkpt>
      <trkpt lat="39.93904181756079196929931640625" lon="116.38931999914348125457763671875">
        <ele>52.799999237060546875</ele>
        <time>2026-09-08T23:55:26.000Z</time>
        <extensions>
          <ns3:TrackPointExtension>
            <ns3:atemp>23.0</ns3:atemp>
            <ns3:hr>154</ns3:hr>
            <ns3:cad>87</ns3:cad>
          </ns3:TrackPointExtension>
        </extensions>
      </trkpt>
      <trkpt lat="39.939065538346767425537109375" lon="116.38931530527770519256591796875">
        <ele>52.799999237060546875</ele>
        <time>2026-09-08T23:55:27.000Z</time>
        <extensions>
          <ns3:TrackPointExtension>
            <ns3:atemp>23.0</ns3:atemp>
            <ns3:hr>154</ns3:hr>
            <ns3:cad>86</ns3:cad>
          </ns3:TrackPointExtension>
        </extensions>
      </trkpt>
      <trkpt lat="39.93909110315144062042236328125" lon="116.38930642046034336090087890625">
        <ele>52.799999237060546875</ele>
        <time>2026-09-08T23:55:28.000Z</time>
        <extensions>
          <ns3:TrackPointExtension>
            <ns3:atemp>23.0</ns3:atemp>
            <ns3:hr>155</ns3:hr>
            <ns3:cad>86</ns3:cad>
          </ns3:TrackPointExtension>
        </extensions>
      </trkpt>
      <trkpt lat="39.9391153268516063690185546875" lon="116.38929032720625400543212890625">
        <ele>53</ele>
        <time>2026-09-08T23:55:29.000Z</time>
        <extensions>
          <ns3:TrackPointExtension>
            <ns3:atemp>23.0</ns3:atemp>
            <ns3:hr>155</ns3:hr>
            <ns3:cad>86</ns3:cad>
          </ns3:TrackPointExtension>
        </extensions>
      </trkpt>
      <trkpt lat="39.93913049809634685516357421875" lon="116.3892682828009128570556640625">
        <ele>53</ele>
        <time>2026-09-08T23:55:30.000Z</time>
        <extensions>
          <ns3:TrackPointExtension>
            <ns3:atemp>23.0</ns3:atemp>
            <ns3:hr>155</ns3:hr>
            <ns3:cad>87</ns3:cad>
          </ns3:TrackPointExtension>
        </extensions>
      </trkpt>
      <trkpt lat="39.93914491496980190277099609375" lon="116.3892374373972415924072265625">
        <ele>53</ele>
        <time>2026-09-08T23:55:31.000Z</time>
        <extensions>
          <ns3:TrackPointExtension>
            <ns3:atemp>23.0</ns3:atemp>
            <ns3:hr>155</ns3:hr>
            <ns3:cad>87</ns3:cad>
          </ns3:TrackPointExtension>
        </extensions>
      </trkpt>
      <trkpt lat="39.93915882892906665802001953125" lon="116.38921271078288555145263671875">
        <ele>53</ele>
        <time>2026-09-08T23:55:32.000Z</time>
        <extensions>
          <ns3:TrackPointExtension>
            <ns3:atemp>23.0</ns3:atemp>
            <ns3:hr>156</ns3:hr>
            <ns3:cad>87</ns3:cad>
          </ns3:TrackPointExtension>
        </extensions>
      </trkpt>
      <trkpt lat="39.93917341344058513641357421875" lon="116.38918362557888031005859375">
        <ele>53.200000762939453125</ele>
        <time>2026-09-08T23:55:33.000Z</time>
        <extensions>
          <ns3:TrackPointExtension>
            <ns3:atemp>23.0</ns3:atemp>
            <ns3:hr>156</ns3:hr>
            <ns3:cad>87</ns3:cad>
          </ns3:TrackPointExtension>
        </extensions>
      </trkpt>
      <trkpt lat="39.93918464519083499908447265625" lon="116.3891569711267948150634765625">
        <ele>53</ele>
        <time>2026-09-08T23:55:34.000Z</time>
        <extensions>
          <ns3:TrackPointExtension>
            <ns3:atemp>23.0</ns3:atemp>
            <ns3:hr>156</ns3:hr>
            <ns3:cad>87</ns3:cad>
          </ns3:TrackPointExtension>
        </extensions>
      </trkpt>
      <trkpt lat="39.9392013251781463623046875" lon="116.38912729918956756591796875">
        <ele>53.200000762939453125</ele>
        <time>2026-09-08T23:55:35.000Z</time>
        <extensions>
          <ns3:TrackPointExtension>
            <ns3:atemp>23.0</ns3:atemp>
            <ns3:hr>155</ns3:hr>
            <ns3:cad>88</ns3:cad>
          </ns3:TrackPointExtension>
        </extensions>
      </trkpt>
      <trkpt lat="39.9392092041671276092529296875" lon="116.3890989683568477630615234375">
        <ele>53.200000762939453125</ele>
        <time>2026-09-08T23:55:36.000Z</time>
        <extensions>
          <ns3:TrackPointExtension>
            <ns3:atemp>23.0</ns3:atemp>
            <ns3:hr>155</ns3:hr>
            <ns3:cad>88</ns3:cad>
          </ns3:TrackPointExtension>
        </extensions>
      </trkpt>
      <trkpt lat="39.93922538124024868011474609375" lon="116.389071978628635406494140625">
        <ele>53</ele>
        <time>2026-09-08T23:55:37.000Z</time>
        <extensions>
          <ns3:TrackPointExtension>
            <ns3:atemp>23.0</ns3:atemp>
            <ns3:hr>155</ns3:hr>
            <ns3:cad>88</ns3:cad>
          </ns3:TrackPointExtension>
        </extensions>
      </trkpt>
      <trkpt lat="39.93923426605761051177978515625" lon="116.3890429772436618804931640625">
        <ele>53</ele>
        <time>2026-09-08T23:55:38.000Z</time>
        <extensions>
          <ns3:TrackPointExtension>
            <ns3:atemp>23.0</ns3:atemp>
            <ns3:hr>156</ns3:hr>
            <ns3:cad>88</ns3:cad>
          </ns3:TrackPointExtension>
        </extensions>
      </trkpt>
      <trkpt lat="39.9392531253397464752197265625" lon="116.3890158198773860931396484375">
        <ele>53</ele>
        <time>2026-09-08T23:55:39.000Z</time>
        <extensions>
          <ns3:TrackPointExtension>
            <ns3:atemp>23.0</ns3:atemp>
            <ns3:hr>155</ns3:hr>
            <ns3:cad>88</ns3:cad>
          </ns3:TrackPointExtension>
        </extensions>
      </trkpt>
      <trkpt lat="39.93926594965159893035888671875" lon="116.388991177082061767578125">
        <ele>53</ele>
        <time>2026-09-08T23:55:40.000Z</time>
        <extensions>
          <ns3:TrackPointExtension>
            <ns3:atemp>23.0</ns3:atemp>
            <ns3:hr>155</ns3:hr>
            <ns3:cad>88</ns3:cad>
          </ns3:TrackPointExtension>
        </extensions>
      </trkpt>
      <trkpt lat="39.93928992189466953277587890625" lon="116.388972736895084381103515625">
        <ele>53</ele>
        <time>2026-09-08T23:55:41.000Z</time>
        <extensions>
          <ns3:TrackPointExtension>
            <ns3:atemp>23.0</ns3:atemp>
            <ns3:hr>155</ns3:hr>
            <ns3:cad>88</ns3:cad>
          </ns3:TrackPointExtension>
        </extensions>
      </trkpt>
      <trkpt lat="39.939311631023883819580078125" lon="116.38895706273615360260009765625">
        <ele>53</ele>
        <time>2026-09-08T23:55:42.000Z</time>
        <extensions>
          <ns3:TrackPointExtension>
            <ns3:atemp>23.0</ns3:atemp>
            <ns3:hr>155</ns3:hr>
            <ns3:cad>88</ns3:cad>
          </ns3:TrackPointExtension>
        </extensions>
      </trkpt>
      <trkpt lat="39.93934214115142822265625" lon="116.3889558054506778717041015625">
        <ele>53</ele>
        <time>2026-09-08T23:55:43.000Z</time>
        <extensions>
          <ns3:TrackPointExtension>
            <ns3:atemp>23.0</ns3:atemp>
            <ns3:hr>154</ns3:hr>
            <ns3:cad>88</ns3:cad>
          </ns3:TrackPointExtension>
        </extensions>
      </trkpt>
      <trkpt lat="39.93936418555676937103271484375" lon="116.38895572163164615631103515625">
        <ele>52.799999237060546875</ele>
        <time>2026-09-08T23:55:44.000Z</time>
        <extensions>
          <ns3:TrackPointExtension>
            <ns3:atemp>23.0</ns3:atemp>
            <ns3:hr>154</ns3:hr>
            <ns3:cad>88</ns3:cad>
          </ns3:TrackPointExtension>
        </extensions>
      </trkpt>
      <trkpt lat="39.93939377367496490478515625" lon="116.38896443881094455718994140625">
        <ele>52.799999237060546875</ele>
        <time>2026-09-08T23:55:45.000Z</time>
        <extensions>
          <ns3:TrackPointExtension>
            <ns3:atemp>23.0</ns3:atemp>
            <ns3:hr>154</ns3:hr>
            <ns3:cad>88</ns3:cad>
          </ns3:TrackPointExtension>
        </extensions>
      </trkpt>
      <trkpt lat="39.9394123815000057220458984375" lon="116.38897416181862354278564453125">
        <ele>52.799999237060546875</ele>
        <time>2026-09-08T23:55:46.000Z</time>
        <extensions>
          <ns3:TrackPointExtension>
            <ns3:atemp>23.0</ns3:atemp>
            <ns3:hr>154</ns3:hr>
            <ns3:cad>88</ns3:cad>
          </ns3:TrackPointExtension>
        </extensions>
      </trkpt>
      <trkpt lat="39.9394371919333934783935546875" lon="116.38899276964366436004638671875">
        <ele>52.59999847412109375</ele>
        <time>2026-09-08T23:55:47.000Z</time>
        <extensions>
          <ns3:TrackPointExtension>
            <ns3:atemp>23.0</ns3:atemp>
            <ns3:hr>155</ns3:hr>
            <ns3:cad>88</ns3:cad>
          </ns3:TrackPointExtension>
        </extensions>
      </trkpt>
      <trkpt lat="39.9394546262919902801513671875" lon="116.3890148140490055084228515625">
        <ele>52.59999847412109375</ele>
        <time>2026-09-08T23:55:48.000Z</time>
        <extensions>
          <ns3:TrackPointExtension>
            <ns3:atemp>23.0</ns3:atemp>
            <ns3:hr>154</ns3:hr>
            <ns3:cad>88</ns3:cad>
          </ns3:TrackPointExtension>
        </extensions>
      </trkpt>
      <trkpt lat="39.9394734017550945281982421875" lon="116.38903669081628322601318359375">
        <ele>52.59999847412109375</ele>
        <time>2026-09-08T23:55:49.000Z</time>
        <extensions>
          <ns3:TrackPointExtension>
            <ns3:atemp>23.0</ns3:atemp>
            <ns3:hr>154</ns3:hr>
            <ns3:cad>88</ns3:cad>
          </ns3:TrackPointExtension>
        </extensions>
      </trkpt>
      <trkpt lat="39.9394911713898181915283203125" lon="116.38905932195484638214111328125">
        <ele>52.59999847412109375</ele>
        <time>2026-09-08T23:55:50.000Z</time>
        <extensions>
          <ns3:TrackPointExtension>
            <ns3:atemp>23.0</ns3:atemp>
            <ns3:hr>154</ns3:hr>
            <ns3:cad>88</ns3:cad>
          </ns3:TrackPointExtension>
        </extensions>
      </trkpt>
      <trkpt lat="39.93950902484357357025146484375" lon="116.38907893560826778411865234375">
        <ele>52.59999847412109375</ele>
        <time>2026-09-08T23:55:51.000Z</time>
        <extensions>
          <ns3:TrackPointExtension>
            <ns3:atemp>23.0</ns3:atemp>
            <ns3:hr>153</ns3:hr>
            <ns3:cad>88</ns3:cad>
          </ns3:TrackPointExtension>
        </extensions>
      </trkpt>
      <trkpt lat="39.93952629156410694122314453125" lon="116.389103494584560394287109375">
        <ele>52.59999847412109375</ele>
        <time>2026-09-08T23:55:52.000Z</time>
        <extensions>
          <ns3:TrackPointExtension>
            <ns3:atemp>23.0</ns3:atemp>
            <ns3:hr>153</ns3:hr>
            <ns3:cad>87</ns3:cad>
          </ns3:TrackPointExtension>
        </extensions>
      </trkpt>
      <trkpt lat="39.939542300999164581298828125" lon="116.38912302441895008087158203125">
        <ele>52.59999847412109375</ele>
        <time>2026-09-08T23:55:53.000Z</time>
        <extensions>
          <ns3:TrackPointExtension>
            <ns3:atemp>23.0</ns3:atemp>
            <ns3:hr>153</ns3:hr>
            <ns3:cad>87</ns3:cad>
          </ns3:TrackPointExtension>
        </extensions>
      </trkpt>
      <trkpt lat="39.93956065736711025238037109375" lon="116.3891485892236232757568359375">
        <ele>52.59999847412109375</ele>
        <time>2026-09-08T23:55:54.000Z</time>
        <extensions>
          <ns3:TrackPointExtension>
            <ns3:atemp>23.0</ns3:atemp>
            <ns3:hr>153</ns3:hr>
            <ns3:cad>87</ns3:cad>
          </ns3:TrackPointExtension>
        </extensions>
      </trkpt>
      <trkpt lat="39.93957490660250186920166015625" lon="116.389163173735141754150390625">
        <ele>52.59999847412109375</ele>
        <time>2026-09-08T23:55:55.000Z</time>
        <extensions>
          <ns3:TrackPointExtension>
            <ns3:atemp>23.0</ns3:atemp>
            <ns3:hr>152</ns3:hr>
            <ns3:cad>87</ns3:cad>
          </ns3:TrackPointExtension>
        </extensions>
      </trkpt>
      <trkpt lat="39.939591251313686370849609375" lon="116.3891908340156078338623046875">
        <ele>52.59999847412109375</ele>
        <time>2026-09-08T23:55:56.000Z</time>
        <extensions>
          <ns3:TrackPointExtension>
            <ns3:atemp>23.0</ns3:atemp>
            <ns3:hr>152</ns3:hr>
            <ns3:cad>88</ns3:cad>
          </ns3:TrackPointExtension>
        </extensions>
      </trkpt>
      <trkpt lat="39.9396048299968242645263671875" lon="116.389212794601917266845703125">
        <ele>52.59999847412109375</ele>
        <time>2026-09-08T23:55:57.000Z</time>
        <extensions>
          <ns3:TrackPointExtension>
            <ns3:atemp>23.0</ns3:atemp>
            <ns3:hr>152</ns3:hr>
            <ns3:cad>88</ns3:cad>
          </ns3:TrackPointExtension>
        </extensions>
      </trkpt>
      <trkpt lat="39.93961815722286701202392578125" lon="116.38924221508204936981201171875">
        <ele>52.59999847412109375</ele>
        <time>2026-09-08T23:55:58.000Z</time>
        <extensions>
          <ns3:TrackPointExtension>
            <ns3:atemp>23.0</ns3:atemp>
            <ns3:hr>151</ns3:hr>
            <ns3:cad>88</ns3:cad>
          </ns3:TrackPointExtension>
        </extensions>
      </trkpt>
      <trkpt lat="39.93963056243956089019775390625" lon="116.38925948180258274078369140625">
        <ele>52.59999847412109375</ele>
        <time>2026-09-08T23:55:59.000Z</time>
        <extensions>
          <ns3:TrackPointExtension>
            <ns3:atemp>23.0</ns3:atemp>
            <ns3:hr>151</ns3:hr>
            <ns3:cad>88</ns3:cad>
          </ns3:TrackPointExtension>
        </extensions>
      </trkpt>
      <trkpt lat="39.93964514695107936859130859375" lon="116.3892870582640171051025390625">
        <ele>52.799999237060546875</ele>
        <time>2026-09-08T23:56:00.000Z</time>
        <extensions>
          <ns3:TrackPointExtension>
            <ns3:atemp>23.0</ns3:atemp>
            <ns3:hr>150</ns3:hr>
            <ns3:cad>87</ns3:cad>
          </ns3:TrackPointExtension>
        </extensions>
      </trkpt>
      <trkpt lat="39.939658977091312408447265625" lon="116.38930826447904109954833984375">
        <ele>52.799999237060546875</ele>
        <time>2026-09-08T23:56:01.000Z</time>
        <extensions>
          <ns3:TrackPointExtension>
            <ns3:atemp>23.0</ns3:atemp>
            <ns3:hr>150</ns3:hr>
            <ns3:cad>87</ns3:cad>
          </ns3:TrackPointExtension>
        </extensions>
      </trkpt>
      <trkpt lat="39.939671717584133148193359375" lon="116.38933056034147739410400390625">
        <ele>53</ele>
        <time>2026-09-08T23:56:02.000Z</time>
        <extensions>
          <ns3:TrackPointExtension>
            <ns3:atemp>23.0</ns3:atemp>
            <ns3:hr>150</ns3:hr>
            <ns3:cad>87</ns3:cad>
          </ns3:TrackPointExtension>
        </extensions>
      </trkpt>
      <trkpt lat="39.939685799181461334228515625" lon="116.38935302384197711944580078125">
        <ele>53</ele>
        <time>2026-09-08T23:56:03.000Z</time>
        <extensions>
          <ns3:TrackPointExtension>
            <ns3:atemp>23.0</ns3:atemp>
            <ns3:hr>150</ns3:hr>
            <ns3:cad>87</ns3:cad>
          </ns3:TrackPointExtension>
        </extensions>
      </trkpt>
      <trkpt lat="39.93970097042620182037353515625" lon="116.38937163166701793670654296875">
        <ele>53</ele>
        <time>2026-09-08T23:56:04.000Z</time>
        <extensions>
          <ns3:TrackPointExtension>
            <ns3:atemp>23.0</ns3:atemp>
            <ns3:hr>150</ns3:hr>
            <ns3:cad>87</ns3:cad>
          </ns3:TrackPointExtension>
        </extensions>
      </trkpt>
      <trkpt lat="39.93971521966159343719482421875" lon="116.38939409516751766204833984375">
        <ele>53</ele>
        <time>2026-09-08T23:56:05.000Z</time>
        <extensions>
          <ns3:TrackPointExtension>
            <ns3:atemp>23.0</ns3:atemp>
            <ns3:hr>150</ns3:hr>
            <ns3:cad>88</ns3:cad>
          </ns3:TrackPointExtension>
        </extensions>
      </trkpt>
      <trkpt lat="39.93973131291568279266357421875" lon="116.3894101046025753021240234375">
        <ele>52.799999237060546875</ele>
        <time>2026-09-08T23:56:06.000Z</time>
        <extensions>
          <ns3:TrackPointExtension>
            <ns3:atemp>23.0</ns3:atemp>
            <ns3:hr>150</ns3:hr>
            <ns3:cad>88</ns3:cad>
          </ns3:TrackPointExtension>
        </extensions>
      </trkpt>
      <trkpt lat="39.93975394405424594879150390625" lon="116.3894322328269481658935546875">
        <ele>52.799999237060546875</ele>
        <time>2026-09-08T23:56:07.000Z</time>
        <extensions>
          <ns3:TrackPointExtension>
            <ns3:atemp>23.0</ns3:atemp>
            <ns3:hr>150</ns3:hr>
            <ns3:cad>88</ns3:cad>
          </ns3:TrackPointExtension>
        </extensions>
      </trkpt>
      <trkpt lat="39.939774982631206512451171875" lon="116.38944556005299091339111328125">
        <ele>52.799999237060546875</ele>
        <time>2026-09-08T23:56:08.000Z</time>
        <extensions>
          <ns3:TrackPointExtension>
            <ns3:atemp>23.0</ns3:atemp>
            <ns3:hr>150</ns3:hr>
            <ns3:cad>88</ns3:cad>
          </ns3:TrackPointExtension>
        </extensions>
      </trkpt>
      <trkpt lat="39.93980146944522857666015625" lon="116.3894563727080821990966796875">
        <ele>52.799999237060546875</ele>
        <time>2026-09-08T23:56:09.000Z</time>
        <extensions>
          <ns3:TrackPointExtension>
            <ns3:atemp>23.0</ns3:atemp>
            <ns3:hr>151</ns3:hr>
            <ns3:cad>87</ns3:cad>
          </ns3:TrackPointExtension>
        </extensions>
      </trkpt>
      <trkpt lat="39.93982669897377490997314453125" lon="116.38945813290774822235107421875">
        <ele>52.799999237060546875</ele>
        <time>2026-09-08T23:56:10.000Z</time>
        <extensions>
          <ns3:TrackPointExtension>
            <ns3:atemp>23.0</ns3:atemp>
            <ns3:hr>150</ns3:hr>
            <ns3:cad>88</ns3:cad>
          </ns3:TrackPointExtension>
        </extensions>
      </trkpt>
      <trkpt lat="39.93985318578779697418212890625" lon="116.38946366496384143829345703125">
        <ele>52.799999237060546875</ele>
        <time>2026-09-08T23:56:11.000Z</time>
        <extensions>
          <ns3:TrackPointExtension>
            <ns3:atemp>23.0</ns3:atemp>
            <ns3:hr>150</ns3:hr>
            <ns3:cad>88</ns3:cad>
          </ns3:TrackPointExtension>
        </extensions>
      </trkpt>
      <trkpt lat="39.93988059461116790771484375" lon="116.38946701772511005401611328125">
        <ele>52.799999237060546875</ele>
        <time>2026-09-08T23:56:12.000Z</time>
        <extensions>
          <ns3:TrackPointExtension>
            <ns3:atemp>23.0</ns3:atemp>
            <ns3:hr>150</ns3:hr>
            <ns3:cad>88</ns3:cad>
          </ns3:TrackPointExtension>
        </extensions>
      </trkpt>
      <trkpt lat="39.93990666233003139495849609375" lon="116.38947062194347381591796875">
        <ele>52.799999237060546875</ele>
        <time>2026-09-08T23:56:13.000Z</time>
        <extensions>
          <ns3:TrackPointExtension>
            <ns3:atemp>23.0</ns3:atemp>
            <ns3:hr>150</ns3:hr>
            <ns3:cad>87</ns3:cad>
          </ns3:TrackPointExtension>
        </extensions>
      </trkpt>
      <trkpt lat="39.93992812000215053558349609375" lon="116.38947137631475925445556640625">
        <ele>52.799999237060546875</ele>
        <time>2026-09-08T23:56:14.000Z</time>
        <extensions>
          <ns3:TrackPointExtension>
            <ns3:atemp>23.0</ns3:atemp>
            <ns3:hr>150</ns3:hr>
            <ns3:cad>88</ns3:cad>
          </ns3:TrackPointExtension>
        </extensions>
      </trkpt>
      <trkpt lat="39.93995142169296741485595703125" lon="116.389473639428615570068359375">
        <ele>52.799999237060546875</ele>
        <time>2026-09-08T23:56:15.000Z</time>
        <extensions>
          <ns3:TrackPointExtension>
            <ns3:atemp>23.0</ns3:atemp>
            <ns3:hr>150</ns3:hr>
            <ns3:cad>88</ns3:cad>
          </ns3:TrackPointExtension>
        </extensions>
      </trkpt>
      <trkpt lat="39.9399743042886257171630859375" lon="116.38947808183729648590087890625">
        <ele>52.799999237060546875</ele>
        <time>2026-09-08T23:56:16.000Z</time>
        <extensions>
          <ns3:TrackPointExtension>
            <ns3:atemp>23.0</ns3:atemp>
            <ns3:hr>150</ns3:hr>
            <ns3:cad>88</ns3:cad>
          </ns3:TrackPointExtension>
        </extensions>
      </trkpt>
      <trkpt lat="39.939993582665920257568359375" lon="116.3894731365144252777099609375">
        <ele>52.799999237060546875</ele>
        <time>2026-09-08T23:56:17.000Z</time>
        <extensions>
          <ns3:TrackPointExtension>
            <ns3:atemp>23.0</ns3:atemp>
            <ns3:hr>150</ns3:hr>
            <ns3:cad>88</ns3:cad>
          </ns3:TrackPointExtension>
        </extensions>
      </trkpt>
      <trkpt lat="39.940017051994800567626953125" lon="116.38947657309472560882568359375">
        <ele>52.799999237060546875</ele>
        <time>2026-09-08T23:56:18.000Z</time>
        <extensions>
          <ns3:TrackPointExtension>
            <ns3:atemp>23.0</ns3:atemp>
            <ns3:hr>150</ns3:hr>
            <ns3:cad>87</ns3:cad>
          </ns3:TrackPointExtension>
        </extensions>
      </trkpt>
      <trkpt lat="39.940037168562412261962890625" lon="116.38947665691375732421875">
        <ele>52.799999237060546875</ele>
        <time>2026-09-08T23:56:19.000Z</time>
        <extensions>
          <ns3:TrackPointExtension>
            <ns3:atemp>23.0</ns3:atemp>
            <ns3:hr>150</ns3:hr>
            <ns3:cad>87</ns3:cad>
          </ns3:TrackPointExtension>
        </extensions>
      </trkpt>
      <trkpt lat="39.94006072171032428741455078125" lon="116.3894791714847087860107421875">
        <ele>52.799999237060546875</ele>
        <time>2026-09-08T23:56:20.000Z</time>
        <extensions>
          <ns3:TrackPointExtension>
            <ns3:atemp>23.0</ns3:atemp>
            <ns3:hr>150</ns3:hr>
            <ns3:cad>87</ns3:cad>
          </ns3:TrackPointExtension>
        </extensions>
      </trkpt>
      <trkpt lat="39.940084777772426605224609375" lon="116.38947556726634502410888671875">
        <ele>52.799999237060546875</ele>
        <time>2026-09-08T23:56:21.000Z</time>
        <extensions>
          <ns3:TrackPointExtension>
            <ns3:atemp>23.0</ns3:atemp>
            <ns3:hr>150</ns3:hr>
            <ns3:cad>87</ns3:cad>
          </ns3:TrackPointExtension>
        </extensions>
      </trkpt>
      <trkpt lat="39.9401105940341949462890625" lon="116.3894771598279476165771484375">
        <ele>52.799999237060546875</ele>
        <time>2026-09-08T23:56:22.000Z</time>
        <extensions>
          <ns3:TrackPointExtension>
            <ns3:atemp>23.0</ns3:atemp>
            <ns3:hr>150</ns3:hr>
            <ns3:cad>87</ns3:cad>
          </ns3:TrackPointExtension>
        </extensions>
      </trkpt>
      <trkpt lat="39.94013112969696521759033203125" lon="116.3894734717905521392822265625">
        <ele>52.799999237060546875</ele>
        <time>2026-09-08T23:56:23.000Z</time>
        <extensions>
          <ns3:TrackPointExtension>
            <ns3:atemp>23.0</ns3:atemp>
            <ns3:hr>151</ns3:hr>
            <ns3:cad>87</ns3:cad>
          </ns3:TrackPointExtension>
        </extensions>
      </trkpt>
      <trkpt lat="39.9401570297777652740478515625" lon="116.38947506435215473175048828125">
        <ele>52.799999237060546875</ele>
        <time>2026-09-08T23:56:24.000Z</time>
        <extensions>
          <ns3:TrackPointExtension>
            <ns3:atemp>23.0</ns3:atemp>
            <ns3:hr>152</ns3:hr>
            <ns3:cad>88</ns3:cad>
          </ns3:TrackPointExtension>
        </extensions>
      </trkpt>
      <trkpt lat="39.9401784874498844146728515625" lon="116.3894714601337909698486328125">
        <ele>52.799999237060546875</ele>
        <time>2026-09-08T23:56:25.000Z</time>
        <extensions>
          <ns3:TrackPointExtension>
            <ns3:atemp>23.0</ns3:atemp>
            <ns3:hr>152</ns3:hr>
            <ns3:cad>88</ns3:cad>
          </ns3:TrackPointExtension>
        </extensions>
      </trkpt>
      <trkpt lat="39.94020438753068447113037109375" lon="116.389468275010585784912109375">
        <ele>52.799999237060546875</ele>
        <time>2026-09-08T23:56:26.000Z</time>
        <extensions>
          <ns3:TrackPointExtension>
            <ns3:atemp>23.0</ns3:atemp>
            <ns3:hr>152</ns3:hr>
            <ns3:cad>88</ns3:cad>
          </ns3:TrackPointExtension>
        </extensions>
      </trkpt>
      <trkpt lat="39.9402232468128204345703125" lon="116.3894640840590000152587890625">
        <ele>52.799999237060546875</ele>
        <time>2026-09-08T23:56:27.000Z</time>
        <extensions>
          <ns3:TrackPointExtension>
            <ns3:atemp>23.0</ns3:atemp>
            <ns3:hr>152</ns3:hr>
            <ns3:cad>88</ns3:cad>
          </ns3:TrackPointExtension>
        </extensions>
      </trkpt>
      <trkpt lat="39.9402465485036373138427734375" lon="116.389463581144809722900390625">
        <ele>52.799999237060546875</ele>
        <time>2026-09-08T23:56:28.000Z</time>
        <extensions>
          <ns3:TrackPointExtension>
            <ns3:atemp>23.0</ns3:atemp>
            <ns3:hr>153</ns3:hr>
            <ns3:cad>87</ns3:cad>
          </ns3:TrackPointExtension>
        </extensions>
      </trkpt>
      <trkpt lat="39.9402653239667415618896484375" lon="116.3894620724022388458251953125">
        <ele>52.799999237060546875</ele>
        <time>2026-09-08T23:56:29.000Z</time>
        <extensions>
          <ns3:TrackPointExtension>
            <ns3:atemp>23.0</ns3:atemp>
            <ns3:hr>154</ns3:hr>
            <ns3:cad>87</ns3:cad>
          </ns3:TrackPointExtension>
        </extensions>
      </trkpt>
      <trkpt lat="39.94029373861849308013916015625" lon="116.38945980928838253021240234375">
        <ele>52.799999237060546875</ele>
        <time>2026-09-08T23:56:30.000Z</time>
        <extensions>
          <ns3:TrackPointExtension>
            <ns3:atemp>23.0</ns3:atemp>
            <ns3:hr>155</ns3:hr>
            <ns3:cad>87</ns3:cad>
          </ns3:TrackPointExtension>
        </extensions>
      </trkpt>
      <trkpt lat="39.94031553156673908233642578125" lon="116.389459557831287384033203125">
        <ele>52.799999237060546875</ele>
        <time>2026-09-08T23:56:31.000Z</time>
        <extensions>
          <ns3:TrackPointExtension>
            <ns3:atemp>23.0</ns3:atemp>
            <ns3:hr>155</ns3:hr>
            <ns3:cad>88</ns3:cad>
          </ns3:TrackPointExtension>
        </extensions>
      </trkpt>
      <trkpt lat="39.94033682160079479217529296875" lon="116.38945595361292362213134765625">
        <ele>52.799999237060546875</ele>
        <time>2026-09-08T23:56:32.000Z</time>
        <extensions>
          <ns3:TrackPointExtension>
            <ns3:atemp>23.0</ns3:atemp>
            <ns3:hr>155</ns3:hr>
            <ns3:cad>88</ns3:cad>
          </ns3:TrackPointExtension>
        </extensions>
      </trkpt>
      <trkpt lat="39.94036205112934112548828125" lon="116.38945494778454303741455078125">
        <ele>52.799999237060546875</ele>
        <time>2026-09-08T23:56:33.000Z</time>
        <extensions>
          <ns3:TrackPointExtension>
            <ns3:atemp>23.0</ns3:atemp>
            <ns3:hr>156</ns3:hr>
            <ns3:cad>88</ns3:cad>
          </ns3:TrackPointExtension>
        </extensions>
      </trkpt>
      <trkpt lat="39.940385520458221435546875" lon="116.38945545069873332977294921875">
        <ele>52.799999237060546875</ele>
        <time>2026-09-08T23:56:34.000Z</time>
        <extensions>
          <ns3:TrackPointExtension>
            <ns3:atemp>23.0</ns3:atemp>
            <ns3:hr>156</ns3:hr>
            <ns3:cad>88</ns3:cad>
          </ns3:TrackPointExtension>
        </extensions>
      </trkpt>
      <trkpt lat="39.94040454737842082977294921875" lon="116.3894603960216045379638671875">
        <ele>52.799999237060546875</ele>
        <time>2026-09-08T23:56:35.000Z</time>
        <extensions>
          <ns3:TrackPointExtension>
            <ns3:atemp>23.0</ns3:atemp>
            <ns3:hr>156</ns3:hr>
            <ns3:cad>88</ns3:cad>
          </ns3:TrackPointExtension>
        </extensions>
      </trkpt>
      <trkpt lat="39.94042315520346164703369140625" lon="116.38946316204965114593505859375">
        <ele>52.799999237060546875</ele>
        <time>2026-09-08T23:56:36.000Z</time>
        <extensions>
          <ns3:TrackPointExtension>
            <ns3:atemp>23.0</ns3:atemp>
            <ns3:hr>157</ns3:hr>
            <ns3:cad>88</ns3:cad>
          </ns3:TrackPointExtension>
        </extensions>
      </trkpt>
      <trkpt lat="39.94044779799878597259521484375" lon="116.389457546174526214599609375">
        <ele>52.799999237060546875</ele>
        <time>2026-09-08T23:56:37.000Z</time>
        <extensions>
          <ns3:TrackPointExtension>
            <ns3:atemp>23.0</ns3:atemp>
            <ns3:hr>157</ns3:hr>
            <ns3:cad>88</ns3:cad>
          </ns3:TrackPointExtension>
        </extensions>
      </trkpt>
      <trkpt lat="39.9404674954712390899658203125" lon="116.3894513435661792755126953125">
        <ele>52.799999237060546875</ele>
        <time>2026-09-08T23:56:38.000Z</time>
        <extensions>
          <ns3:TrackPointExtension>
            <ns3:atemp>23.0</ns3:atemp>
            <ns3:hr>157</ns3:hr>
            <ns3:cad>88</ns3:cad>
          </ns3:TrackPointExtension>
        </extensions>
      </trkpt>
      <trkpt lat="39.94048970751464366912841796875" lon="116.38945276848971843719482421875">
        <ele>52.799999237060546875</ele>
        <time>2026-09-08T23:56:39.000Z</time>
        <extensions>
          <ns3:TrackPointExtension>
            <ns3:atemp>23.0</ns3:atemp>
            <ns3:hr>156</ns3:hr>
            <ns3:cad>88</ns3:cad>
          </ns3:TrackPointExtension>
        </extensions>
      </trkpt>
      <trkpt lat="39.94051317684352397918701171875" lon="116.38945478014647960662841796875">
        <ele>52.799999237060546875</ele>
        <time>2026-09-08T23:56:40.000Z</time>
        <extensions>
          <ns3:TrackPointExtension>
            <ns3:atemp>23.0</ns3:atemp>
            <ns3:hr>157</ns3:hr>
            <ns3:cad>88</ns3:cad>
          </ns3:TrackPointExtension>
        </extensions>
      </trkpt>
      <trkpt lat="39.9405332095921039581298828125" lon="116.38945528306066989898681640625">
        <ele>52.799999237060546875</ele>
        <time>2026-09-08T23:56:41.000Z</time>
        <extensions>
          <ns3:TrackPointExtension>
            <ns3:atemp>23.0</ns3:atemp>
            <ns3:hr>157</ns3:hr>
            <ns3:cad>87</ns3:cad>
          </ns3:TrackPointExtension>
        </extensions>
      </trkpt>
      <trkpt lat="39.940552823245525360107421875" lon="116.3894538581371307373046875">
        <ele>52.799999237060546875</ele>
        <time>2026-09-08T23:56:42.000Z</time>
        <extensions>
          <ns3:TrackPointExtension>
            <ns3:atemp>23.0</ns3:atemp>
            <ns3:hr>156</ns3:hr>
            <ns3:cad>87</ns3:cad>
          </ns3:TrackPointExtension>
        </extensions>
      </trkpt>
      <trkpt lat="39.94058073498308658599853515625" lon="116.38945318758487701416015625">
        <ele>52.799999237060546875</ele>
        <time>2026-09-08T23:56:43.000Z</time>
        <extensions>
          <ns3:TrackPointExtension>
            <ns3:atemp>23.0</ns3:atemp>
            <ns3:hr>156</ns3:hr>
            <ns3:cad>87</ns3:cad>
          </ns3:TrackPointExtension>
        </extensions>
      </trkpt>
      <trkpt lat="39.94059967808425426483154296875" lon="116.3894503377377986907958984375">
        <ele>52.799999237060546875</ele>
        <time>2026-09-08T23:56:44.000Z</time>
        <extensions>
          <ns3:TrackPointExtension>
            <ns3:atemp>23.0</ns3:atemp>
            <ns3:hr>156</ns3:hr>
            <ns3:cad>88</ns3:cad>
          </ns3:TrackPointExtension>
        </extensions>
      </trkpt>
      <trkpt lat="39.94062264449894428253173828125" lon="116.38943952508270740509033203125">
        <ele>52.799999237060546875</ele>
        <time>2026-09-08T23:56:45.000Z</time>
        <extensions>
          <ns3:TrackPointExtension>
            <ns3:atemp>23.0</ns3:atemp>
            <ns3:hr>156</ns3:hr>
            <ns3:cad>88</ns3:cad>
          </ns3:TrackPointExtension>
        </extensions>
      </trkpt>
      <trkpt lat="39.94063991121947765350341796875" lon="116.38942041434347629547119140625">
        <ele>52.799999237060546875</ele>
        <time>2026-09-08T23:56:46.000Z</time>
        <extensions>
          <ns3:TrackPointExtension>
            <ns3:atemp>23.0</ns3:atemp>
            <ns3:hr>156</ns3:hr>
            <ns3:cad>89</ns3:cad>
          </ns3:TrackPointExtension>
        </extensions>
      </trkpt>
      <trkpt lat="39.94066019542515277862548828125" lon="116.38940155506134033203125">
        <ele>52.799999237060546875</ele>
        <time>2026-09-08T23:56:47.000Z</time>
        <extensions>
          <ns3:TrackPointExtension>
            <ns3:atemp>23.0</ns3:atemp>
            <ns3:hr>156</ns3:hr>
            <ns3:cad>89</ns3:cad>
          </ns3:TrackPointExtension>
        </extensions>
      </trkpt>
      <trkpt lat="39.94068064726889133453369140625" lon="116.3893829472362995147705078125">
        <ele>52.799999237060546875</ele>
        <time>2026-09-08T23:56:48.000Z</time>
        <extensions>
          <ns3:TrackPointExtension>
            <ns3:atemp>23.0</ns3:atemp>
            <ns3:hr>156</ns3:hr>
            <ns3:cad>89</ns3:cad>
          </ns3:TrackPointExtension>
        </extensions>
      </trkpt>
      <trkpt lat="39.9406988359987735748291015625" lon="116.38935687951743602752685546875">
        <ele>52.59999847412109375</ele>
        <time>2026-09-08T23:56:49.000Z</time>
        <extensions>
          <ns3:TrackPointExtension>
            <ns3:atemp>23.0</ns3:atemp>
            <ns3:hr>156</ns3:hr>
            <ns3:cad>88</ns3:cad>
          </ns3:TrackPointExtension>
        </extensions>
      </trkpt>
      <trkpt lat="39.9407192878425121307373046875" lon="116.38933726586401462554931640625">
        <ele>52.59999847412109375</ele>
        <time>2026-09-08T23:56:50.000Z</time>
        <extensions>
          <ns3:TrackPointExtension>
            <ns3:atemp>23.0</ns3:atemp>
            <ns3:hr>156</ns3:hr>
            <ns3:cad>88</ns3:cad>
          </ns3:TrackPointExtension>
        </extensions>
      </trkpt>
      <trkpt lat="39.94073890149593353271484375" lon="116.38931513763964176177978515625">
        <ele>52.59999847412109375</ele>
        <time>2026-09-08T23:56:51.000Z</time>
        <extensions>
          <ns3:TrackPointExtension>
            <ns3:atemp>23.0</ns3:atemp>
            <ns3:hr>156</ns3:hr>
            <ns3:cad>88</ns3:cad>
          </ns3:TrackPointExtension>
        </extensions>
      </trkpt>
      <trkpt lat="39.940760694444179534912109375" lon="116.38929225504398345947265625">
        <ele>52.59999847412109375</ele>
        <time>2026-09-08T23:56:52.000Z</time>
        <extensions>
          <ns3:TrackPointExtension>
            <ns3:atemp>23.0</ns3:atemp>
            <ns3:hr>156</ns3:hr>
            <ns3:cad>88</ns3:cad>
          </ns3:TrackPointExtension>
        </extensions>
      </trkpt>
      <trkpt lat="39.94077988900244235992431640625" lon="116.3892729766666889190673828125">
        <ele>52.59999847412109375</ele>
        <time>2026-09-08T23:56:53.000Z</time>
        <extensions>
          <ns3:TrackPointExtension>
            <ns3:atemp>23.0</ns3:atemp>
            <ns3:hr>156</ns3:hr>
            <ns3:cad>88</ns3:cad>
          </ns3:TrackPointExtension>
        </extensions>
      </trkpt>
      <trkpt lat="39.94080184958875179290771484375" lon="116.38925738632678985595703125">
        <ele>52.59999847412109375</ele>
        <time>2026-09-08T23:56:54.000Z</time>
        <extensions>
          <ns3:TrackPointExtension>
            <ns3:atemp>23.0</ns3:atemp>
            <ns3:hr>156</ns3:hr>
            <ns3:cad>88</ns3:cad>
          </ns3:TrackPointExtension>
        </extensions>
      </trkpt>
      <trkpt lat="39.94082096032798290252685546875" lon="116.38924129307270050048828125">
        <ele>52.59999847412109375</ele>
        <time>2026-09-08T23:56:55.000Z</time>
        <extensions>
          <ns3:TrackPointExtension>
            <ns3:atemp>23.0</ns3:atemp>
            <ns3:hr>156</ns3:hr>
            <ns3:cad>88</ns3:cad>
          </ns3:TrackPointExtension>
        </extensions>
      </trkpt>
      <trkpt lat="39.940841160714626312255859375" lon="116.3892231881618499755859375">
        <ele>52.59999847412109375</ele>
        <time>2026-09-08T23:56:56.000Z</time>
        <extensions>
          <ns3:TrackPointExtension>
            <ns3:atemp>23.0</ns3:atemp>
            <ns3:hr>156</ns3:hr>
            <ns3:cad>88</ns3:cad>
          </ns3:TrackPointExtension>
        </extensions>
      </trkpt>
      <trkpt lat="39.9408577568829059600830078125" lon="116.38920902274549007415771484375">
        <ele>52.59999847412109375</ele>
        <time>2026-09-08T23:56:57.000Z</time>
        <extensions>
          <ns3:TrackPointExtension>
            <ns3:atemp>23.0</ns3:atemp>
            <ns3:hr>156</ns3:hr>
            <ns3:cad>88</ns3:cad>
          </ns3:TrackPointExtension>
        </extensions>
      </trkpt>
      <trkpt lat="39.9408782087266445159912109375" lon="116.38919360004365444183349609375">
        <ele>52.59999847412109375</ele>
        <time>2026-09-08T23:56:58.000Z</time>
        <extensions>
          <ns3:TrackPointExtension>
            <ns3:atemp>23.0</ns3:atemp>
            <ns3:hr>156</ns3:hr>
            <ns3:cad>88</ns3:cad>
          </ns3:TrackPointExtension>
        </extensions>
      </trkpt>
      <trkpt lat="39.9408932961523532867431640625" lon="116.38916694559156894683837890625">
        <ele>52.59999847412109375</ele>
        <time>2026-09-08T23:56:59.000Z</time>
        <extensions>
          <ns3:TrackPointExtension>
            <ns3:atemp>23.0</ns3:atemp>
            <ns3:hr>156</ns3:hr>
            <ns3:cad>88</ns3:cad>
          </ns3:TrackPointExtension>
        </extensions>
      </trkpt>
      <trkpt lat="39.94091718457639217376708984375" lon="116.38914330862462520599365234375">
        <ele>52.59999847412109375</ele>
        <time>2026-09-08T23:57:00.000Z</time>
        <extensions>
          <ns3:TrackPointExtension>
            <ns3:atemp>23.0</ns3:atemp>
            <ns3:hr>156</ns3:hr>
            <ns3:cad>88</ns3:cad>
          </ns3:TrackPointExtension>
        </extensions>
      </trkpt>
      <trkpt lat="39.940933696925640106201171875" lon="116.38912805356085300445556640625">
        <ele>52.59999847412109375</ele>
        <time>2026-09-08T23:57:01.000Z</time>
        <extensions>
          <ns3:TrackPointExtension>
            <ns3:atemp>23.0</ns3:atemp>
            <ns3:hr>156</ns3:hr>
            <ns3:cad>88</ns3:cad>
          </ns3:TrackPointExtension>
        </extensions>
      </trkpt>
      <trkpt lat="39.9409569986164569854736328125" lon="116.389102824032306671142578125">
        <ele>52.59999847412109375</ele>
        <time>2026-09-08T23:57:02.000Z</time>
        <extensions>
          <ns3:TrackPointExtension>
            <ns3:atemp>23.0</ns3:atemp>
            <ns3:hr>156</ns3:hr>
            <ns3:cad>88</ns3:cad>
          </ns3:TrackPointExtension>
        </extensions>
      </trkpt>
      <trkpt lat="39.94097636081278324127197265625" lon="116.38908849097788333892822265625">
        <ele>52.59999847412109375</ele>
        <time>2026-09-08T23:57:03.000Z</time>
        <extensions>
          <ns3:TrackPointExtension>
            <ns3:atemp>23.0</ns3:atemp>
            <ns3:hr>156</ns3:hr>
            <ns3:cad>88</ns3:cad>
          </ns3:TrackPointExtension>
        </extensions>
      </trkpt>
      <trkpt lat="39.941000752151012420654296875" lon="116.3890711404383182525634765625">
        <ele>52.59999847412109375</ele>
        <time>2026-09-08T23:57:04.000Z</time>
        <extensions>
          <ns3:TrackPointExtension>
            <ns3:atemp>23.0</ns3:atemp>
            <ns3:hr>156</ns3:hr>
            <ns3:cad>88</ns3:cad>
          </ns3:TrackPointExtension>
        </extensions>
      </trkpt>
      <trkpt lat="39.94101625867187976837158203125" lon="116.38906560838222503662109375">
        <ele>52.59999847412109375</ele>
        <time>2026-09-08T23:57:05.000Z</time>
        <extensions>
          <ns3:TrackPointExtension>
            <ns3:atemp>23.0</ns3:atemp>
            <ns3:hr>156</ns3:hr>
            <ns3:cad>89</ns3:cad>
          </ns3:TrackPointExtension>
        </extensions>
      </trkpt>
      <trkpt lat="39.941036961972713470458984375" lon="116.38905890285968780517578125">
        <ele>52.59999847412109375</ele>
        <time>2026-09-08T23:57:06.000Z</time>
        <extensions>
          <ns3:TrackPointExtension>
            <ns3:atemp>23.0</ns3:atemp>
            <ns3:hr>156</ns3:hr>
            <ns3:cad>89</ns3:cad>
          </ns3:TrackPointExtension>
        </extensions>
      </trkpt>
      <trkpt lat="39.94105883873999118804931640625" lon="116.38905395753681659698486328125">
        <ele>52.799999237060546875</ele>
        <time>2026-09-08T23:57:07.000Z</time>
        <extensions>
          <ns3:TrackPointExtension>
            <ns3:atemp>23.0</ns3:atemp>
            <ns3:hr>156</ns3:hr>
            <ns3:cad>87</ns3:cad>
          </ns3:TrackPointExtension>
        </extensions>
      </trkpt>
      <trkpt lat="39.94107694365084171295166015625" lon="116.3890446536242961883544921875">
        <ele>52.59999847412109375</ele>
        <time>2026-09-08T23:57:08.000Z</time>
        <extensions>
          <ns3:TrackPointExtension>
            <ns3:atemp>23.0</ns3:atemp>
            <ns3:hr>156</ns3:hr>
            <ns3:cad>87</ns3:cad>
          </ns3:TrackPointExtension>
        </extensions>
      </trkpt>
      <trkpt lat="39.9411061964929103851318359375" lon="116.389047168195247650146484375">
        <ele>52.59999847412109375</ele>
        <time>2026-09-08T23:57:09.000Z</time>
        <extensions>
          <ns3:TrackPointExtension>
            <ns3:atemp>23.0</ns3:atemp>
            <ns3:hr>156</ns3:hr>
            <ns3:cad>87</ns3:cad>
          </ns3:TrackPointExtension>
        </extensions>
      </trkpt>
      <trkpt lat="39.9411284923553466796875" lon="116.38905228115618228912353515625">
        <ele>52.59999847412109375</ele>
        <time>2026-09-08T23:57:10.000Z</time>
        <extensions>
          <ns3:TrackPointExtension>
            <ns3:atemp>23.0</ns3:atemp>
            <ns3:hr>156</ns3:hr>
            <ns3:cad>88</ns3:cad>
          </ns3:TrackPointExtension>
        </extensions>
      </trkpt>
      <trkpt lat="39.9411504529416561126708984375" lon="116.38907440938055515289306640625">
        <ele>52.59999847412109375</ele>
        <time>2026-09-08T23:57:11.000Z</time>
        <extensions>
          <ns3:TrackPointExtension>
            <ns3:atemp>23.0</ns3:atemp>
            <ns3:hr>156</ns3:hr>
            <ns3:cad>88</ns3:cad>
          </ns3:TrackPointExtension>
        </extensions>
      </trkpt>
      <trkpt lat="39.94116805493831634521484375" lon="116.38908572494983673095703125">
        <ele>52.59999847412109375</ele>
        <time>2026-09-08T23:57:12.000Z</time>
        <extensions>
          <ns3:TrackPointExtension>
            <ns3:atemp>23.0</ns3:atemp>
            <ns3:hr>156</ns3:hr>
            <ns3:cad>88</ns3:cad>
          </ns3:TrackPointExtension>
        </extensions>
      </trkpt>
      <trkpt lat="39.9411849863827228546142578125" lon="116.38911078684031963348388671875">
        <ele>52.59999847412109375</ele>
        <time>2026-09-08T23:57:13.000Z</time>
        <extensions>
          <ns3:TrackPointExtension>
            <ns3:atemp>23.0</ns3:atemp>
            <ns3:hr>156</ns3:hr>
            <ns3:cad>88</ns3:cad>
          </ns3:TrackPointExtension>
        </extensions>
      </trkpt>
      <trkpt lat="39.94120015762746334075927734375" lon="116.38912788592278957366943359375">
        <ele>52.40000152587890625</ele>
        <time>2026-09-08T23:57:14.000Z</time>
        <extensions>
          <ns3:TrackPointExtension>
            <ns3:atemp>23.0</ns3:atemp>
            <ns3:hr>156</ns3:hr>
            <ns3:cad>88</ns3:cad>
          </ns3:TrackPointExtension>
        </extensions>
      </trkpt>
      <trkpt lat="39.9412195198237895965576171875" lon="116.38914875686168670654296875">
        <ele>52.40000152587890625</ele>
        <time>2026-09-08T23:57:15.000Z</time>
        <extensions>
          <ns3:TrackPointExtension>
            <ns3:atemp>23.0</ns3:atemp>
            <ns3:hr>156</ns3:hr>
            <ns3:cad>87</ns3:cad>
          </ns3:TrackPointExtension>
        </extensions>
      </trkpt>
      <trkpt lat="39.9412344396114349365234375" lon="116.3891646824777126312255859375">
        <ele>52.59999847412109375</ele>
        <time>2026-09-08T23:57:16.000Z</time>
        <extensions>
          <ns3:TrackPointExtension>
            <ns3:atemp>23.0</ns3:atemp>
            <ns3:hr>156</ns3:hr>
            <ns3:cad>88</ns3:cad>
          </ns3:TrackPointExtension>
        </extensions>
      </trkpt>
      <trkpt lat="39.94125933386385440826416015625" lon="116.3891858048737049102783203125">
        <ele>52.59999847412109375</ele>
        <time>2026-09-08T23:57:17.000Z</time>
        <extensions>
          <ns3:TrackPointExtension>
            <ns3:atemp>23.0</ns3:atemp>
            <ns3:hr>156</ns3:hr>
            <ns3:cad>87</ns3:cad>
          </ns3:TrackPointExtension>
        </extensions>
      </trkpt>
      <trkpt lat="39.94127643294632434844970703125" lon="116.389200054109096527099609375">
        <ele>52.59999847412109375</ele>
        <time>2026-09-08T23:57:18.000Z</time>
        <extensions>
          <ns3:TrackPointExtension>
            <ns3:atemp>23.0</ns3:atemp>
            <ns3:hr>156</ns3:hr>
            <ns3:cad>88</ns3:cad>
          </ns3:TrackPointExtension>
        </extensions>
      </trkpt>
      <trkpt lat="39.94130057282745838165283203125" lon="116.38922385871410369873046875">
        <ele>52.59999847412109375</ele>
        <time>2026-09-08T23:57:19.000Z</time>
        <extensions>
          <ns3:TrackPointExtension>
            <ns3:atemp>23.0</ns3:atemp>
            <ns3:hr>156</ns3:hr>
            <ns3:cad>88</ns3:cad>
          </ns3:TrackPointExtension>
        </extensions>
      </trkpt>
      <trkpt lat="39.94131901301443576812744140625" lon="116.3892419636249542236328125">
        <ele>52.59999847412109375</ele>
        <time>2026-09-08T23:57:20.000Z</time>
        <extensions>
          <ns3:TrackPointExtension>
            <ns3:atemp>23.0</ns3:atemp>
            <ns3:hr>156</ns3:hr>
            <ns3:cad>88</ns3:cad>
          </ns3:TrackPointExtension>
        </extensions>
      </trkpt>
      <trkpt lat="39.94133946485817432403564453125" lon="116.389262415468692779541015625">
        <ele>52.59999847412109375</ele>
        <time>2026-09-08T23:57:21.000Z</time>
        <extensions>
          <ns3:TrackPointExtension>
            <ns3:atemp>23.0</ns3:atemp>
            <ns3:hr>157</ns3:hr>
            <ns3:cad>88</ns3:cad>
          </ns3:TrackPointExtension>
        </extensions>
      </trkpt>
      <trkpt lat="39.94135773740708827972412109375" lon="116.38928152620792388916015625">
        <ele>52.59999847412109375</ele>
        <time>2026-09-08T23:57:22.000Z</time>
        <extensions>
          <ns3:TrackPointExtension>
            <ns3:atemp>23.0</ns3:atemp>
            <ns3:hr>157</ns3:hr>
            <ns3:cad>88</ns3:cad>
          </ns3:TrackPointExtension>
        </extensions>
      </trkpt>
      <trkpt lat="39.941370226442813873291015625" lon="116.38929904438555240631103515625">
        <ele>52.59999847412109375</ele>
        <time>2026-09-08T23:57:23.000Z</time>
        <extensions>
          <ns3:TrackPointExtension>
            <ns3:atemp>23.0</ns3:atemp>
            <ns3:hr>157</ns3:hr>
            <ns3:cad>88</ns3:cad>
          </ns3:TrackPointExtension>
        </extensions>
      </trkpt>
      <trkpt lat="39.94138455949723720550537109375" lon="116.38932620175182819366455078125">
        <ele>52.59999847412109375</ele>
        <time>2026-09-08T23:57:24.000Z</time>
        <extensions>
          <ns3:TrackPointExtension>
            <ns3:atemp>23.0</ns3:atemp>
            <ns3:hr>157</ns3:hr>
            <ns3:cad>87</ns3:cad>
          </ns3:TrackPointExtension>
        </extensions>
      </trkpt>
      <trkpt lat="39.94140199385583400726318359375" lon="116.389341540634632110595703125">
        <ele>52.59999847412109375</ele>
        <time>2026-09-08T23:57:25.000Z</time>
        <extensions>
          <ns3:TrackPointExtension>
            <ns3:atemp>23.0</ns3:atemp>
            <ns3:hr>157</ns3:hr>
            <ns3:cad>88</ns3:cad>
          </ns3:TrackPointExtension>
        </extensions>
      </trkpt>
      <trkpt lat="39.94142018258571624755859375" lon="116.3893648423254489898681640625">
        <ele>52.59999847412109375</ele>
        <time>2026-09-08T23:57:26.000Z</time>
        <extensions>
          <ns3:TrackPointExtension>
            <ns3:atemp>23.0</ns3:atemp>
            <ns3:hr>157</ns3:hr>
            <ns3:cad>88</ns3:cad>
          </ns3:TrackPointExtension>
        </extensions>
      </trkpt>
      <trkpt lat="39.94143736548721790313720703125" lon="116.38938085176050662994384765625">
        <ele>52.799999237060546875</ele>
        <time>2026-09-08T23:57:27.000Z</time>
        <extensions>
          <ns3:TrackPointExtension>
            <ns3:atemp>23.0</ns3:atemp>
            <ns3:hr>158</ns3:hr>
            <ns3:cad>88</ns3:cad>
          </ns3:TrackPointExtension>
        </extensions>
      </trkpt>
      <trkpt lat="39.941456057131290435791015625" lon="116.38940247707068920135498046875">
        <ele>52.799999237060546875</ele>
        <time>2026-09-08T23:57:28.000Z</time>
        <extensions>
          <ns3:TrackPointExtension>
            <ns3:atemp>23.0</ns3:atemp>
            <ns3:hr>157</ns3:hr>
            <ns3:cad>88</ns3:cad>
          </ns3:TrackPointExtension>
        </extensions>
      </trkpt>
      <trkpt lat="39.94147223420441150665283203125" lon="116.38941572047770023345947265625">
        <ele>52.799999237060546875</ele>
        <time>2026-09-08T23:57:29.000Z</time>
        <extensions>
          <ns3:TrackPointExtension>
            <ns3:atemp>23.0</ns3:atemp>
            <ns3:hr>157</ns3:hr>
            <ns3:cad>88</ns3:cad>
          </ns3:TrackPointExtension>
        </extensions>
      </trkpt>
      <trkpt lat="39.94149000383913516998291015625" lon="116.38943851925432682037353515625">
        <ele>52.799999237060546875</ele>
        <time>2026-09-08T23:57:30.000Z</time>
        <extensions>
          <ns3:TrackPointExtension>
            <ns3:atemp>23.0</ns3:atemp>
            <ns3:hr>157</ns3:hr>
            <ns3:cad>88</ns3:cad>
          </ns3:TrackPointExtension>
        </extensions>
      </trkpt>
      <trkpt lat="39.94150425307452678680419921875" lon="116.38944975100457668304443359375">
        <ele>52.799999237060546875</ele>
        <time>2026-09-08T23:57:31.000Z</time>
        <extensions>
          <ns3:TrackPointExtension>
            <ns3:atemp>23.0</ns3:atemp>
            <ns3:hr>157</ns3:hr>
            <ns3:cad>88</ns3:cad>
          </ns3:TrackPointExtension>
        </extensions>
      </trkpt>
      <trkpt lat="39.9415309913456439971923828125" lon="116.389465592801570892333984375">
        <ele>52.799999237060546875</ele>
        <time>2026-09-08T23:57:32.000Z</time>
        <extensions>
          <ns3:TrackPointExtension>
            <ns3:atemp>23.0</ns3:atemp>
            <ns3:hr>158</ns3:hr>
            <ns3:cad>88</ns3:cad>
          </ns3:TrackPointExtension>
        </extensions>
      </trkpt>
      <trkpt lat="39.94154892861843109130859375" lon="116.38947053812444210052490234375">
        <ele>52.799999237060546875</ele>
        <time>2026-09-08T23:57:33.000Z</time>
        <extensions>
          <ns3:TrackPointExtension>
            <ns3:atemp>23.0</ns3:atemp>
            <ns3:hr>158</ns3:hr>
            <ns3:cad>88</ns3:cad>
          </ns3:TrackPointExtension>
        </extensions>
      </trkpt>
      <trkpt lat="39.94157717563211917877197265625" lon="116.3894714601337909698486328125">
        <ele>52.799999237060546875</ele>
        <time>2026-09-08T23:57:34.000Z</time>
        <extensions>
          <ns3:TrackPointExtension>
            <ns3:atemp>23.0</ns3:atemp>
            <ns3:hr>158</ns3:hr>
            <ns3:cad>88</ns3:cad>
          </ns3:TrackPointExtension>
        </extensions>
      </trkpt>
      <trkpt lat="39.94159494526684284210205078125" lon="116.38947506435215473175048828125">
        <ele>52.799999237060546875</ele>
        <time>2026-09-08T23:57:35.000Z</time>
        <extensions>
          <ns3:TrackPointExtension>
            <ns3:atemp>23.0</ns3:atemp>
            <ns3:hr>158</ns3:hr>
            <ns3:cad>88</ns3:cad>
          </ns3:TrackPointExtension>
        </extensions>
      </trkpt>
      <trkpt lat="39.9416151456534862518310546875" lon="116.38947791419923305511474609375">
        <ele>52.799999237060546875</ele>
        <time>2026-09-08T23:57:36.000Z</time>
        <extensions>
          <ns3:TrackPointExtension>
            <ns3:atemp>23.0</ns3:atemp>
            <ns3:hr>157</ns3:hr>
            <ns3:cad>88</ns3:cad>
          </ns3:TrackPointExtension>
        </extensions>
      </trkpt>
      <trkpt lat="39.941635094583034515380859375" lon="116.38948109932243824005126953125">
        <ele>52.799999237060546875</ele>
        <time>2026-09-08T23:57:37.000Z</time>
        <extensions>
          <ns3:TrackPointExtension>
            <ns3:atemp>23.0</ns3:atemp>
            <ns3:hr>158</ns3:hr>
            <ns3:cad>88</ns3:cad>
          </ns3:TrackPointExtension>
        </extensions>
      </trkpt>
      <trkpt lat="39.94165747426450252532958984375" lon="116.389485709369182586669921875">
        <ele>52.799999237060546875</ele>
        <time>2026-09-08T23:57:38.000Z</time>
        <extensions>
          <ns3:TrackPointExtension>
            <ns3:atemp>23.0</ns3:atemp>
            <ns3:hr>158</ns3:hr>
            <ns3:cad>88</ns3:cad>
          </ns3:TrackPointExtension>
        </extensions>
      </trkpt>
      <trkpt lat="39.9416801892220973968505859375" lon="116.38948780484497547149658203125">
        <ele>52.799999237060546875</ele>
        <time>2026-09-08T23:57:39.000Z</time>
        <extensions>
          <ns3:TrackPointExtension>
            <ns3:atemp>23.0</ns3:atemp>
            <ns3:hr>157</ns3:hr>
            <ns3:cad>88</ns3:cad>
          </ns3:TrackPointExtension>
        </extensions>
      </trkpt>
      <trkpt lat="39.94170223362743854522705078125" lon="116.3894887268543243408203125">
        <ele>52.799999237060546875</ele>
        <time>2026-09-08T23:57:40.000Z</time>
        <extensions>
          <ns3:TrackPointExtension>
            <ns3:atemp>23.0</ns3:atemp>
            <ns3:hr>158</ns3:hr>
            <ns3:cad>88</ns3:cad>
          </ns3:TrackPointExtension>
        </extensions>
      </trkpt>
      <trkpt lat="39.9417279660701751708984375" lon="116.38948730193078517913818359375">
        <ele>52.799999237060546875</ele>
        <time>2026-09-08T23:57:41.000Z</time>
        <extensions>
          <ns3:TrackPointExtension>
            <ns3:atemp>23.0</ns3:atemp>
            <ns3:hr>158</ns3:hr>
            <ns3:cad>88</ns3:cad>
          </ns3:TrackPointExtension>
        </extensions>
      </trkpt>
      <trkpt lat="39.94175269268453121185302734375" lon="116.38948428444564342498779296875">
        <ele>52.799999237060546875</ele>
        <time>2026-09-08T23:57:42.000Z</time>
        <extensions>
          <ns3:TrackPointExtension>
            <ns3:atemp>23.0</ns3:atemp>
            <ns3:hr>157</ns3:hr>
            <ns3:cad>89</ns3:cad>
          </ns3:TrackPointExtension>
        </extensions>
      </trkpt>
      <trkpt lat="39.94177498854696750640869140625" lon="116.3894801773130893707275390625">
        <ele>52.59999847412109375</ele>
        <time>2026-09-08T23:57:43.000Z</time>
        <extensions>
          <ns3:TrackPointExtension>
            <ns3:atemp>23.0</ns3:atemp>
            <ns3:hr>157</ns3:hr>
            <ns3:cad>88</ns3:cad>
          </ns3:TrackPointExtension>
        </extensions>
      </trkpt>
      <trkpt lat="39.9417945183813571929931640625" lon="116.3894818536937236785888671875">
        <ele>52.59999847412109375</ele>
        <time>2026-09-08T23:57:44.000Z</time>
        <extensions>
          <ns3:TrackPointExtension>
            <ns3:atemp>23.0</ns3:atemp>
            <ns3:hr>157</ns3:hr>
            <ns3:cad>88</ns3:cad>
          </ns3:TrackPointExtension>
        </extensions>
      </trkpt>
      <trkpt lat="39.94181924499571323394775390625" lon="116.389482356607913970947265625">
        <ele>52.799999237060546875</ele>
        <time>2026-09-08T23:57:45.000Z</time>
        <extensions>
          <ns3:TrackPointExtension>
            <ns3:atemp>23.0</ns3:atemp>
            <ns3:hr>158</ns3:hr>
            <ns3:cad>88</ns3:cad>
          </ns3:TrackPointExtension>
        </extensions>
      </trkpt>
      <trkpt lat="39.94183994829654693603515625" lon="116.38948009349405765533447265625">
        <ele>52.799999237060546875</ele>
        <time>2026-09-08T23:57:46.000Z</time>
        <extensions>
          <ns3:TrackPointExtension>
            <ns3:atemp>23.0</ns3:atemp>
            <ns3:hr>157</ns3:hr>
            <ns3:cad>89</ns3:cad>
          </ns3:TrackPointExtension>
        </extensions>
      </trkpt>
      <trkpt lat="39.94186433963477611541748046875" lon="116.38948269188404083251953125">
        <ele>52.799999237060546875</ele>
        <time>2026-09-08T23:57:47.000Z</time>
        <extensions>
          <ns3:TrackPointExtension>
            <ns3:atemp>23.0</ns3:atemp>
            <ns3:hr>157</ns3:hr>
            <ns3:cad>89</ns3:cad>
          </ns3:TrackPointExtension>
        </extensions>
      </trkpt>
      <trkpt lat="39.94188579730689525604248046875" lon="116.3894798420369625091552734375">
        <ele>52.799999237060546875</ele>
        <time>2026-09-08T23:57:48.000Z</time>
        <extensions>
          <ns3:TrackPointExtension>
            <ns3:atemp>23.0</ns3:atemp>
            <ns3:hr>157</ns3:hr>
            <ns3:cad>89</ns3:cad>
          </ns3:TrackPointExtension>
        </extensions>
      </trkpt>
      <trkpt lat="39.94191278703510761260986328125" lon="116.38948193751275539398193359375">
        <ele>52.799999237060546875</ele>
        <time>2026-09-08T23:57:49.000Z</time>
        <extensions>
          <ns3:TrackPointExtension>
            <ns3:atemp>23.0</ns3:atemp>
            <ns3:hr>157</ns3:hr>
            <ns3:cad>89</ns3:cad>
          </ns3:TrackPointExtension>
        </extensions>
      </trkpt>
      <trkpt lat="39.9419319815933704376220703125" lon="116.38947858475148677825927734375">
        <ele>52.799999237060546875</ele>
        <time>2026-09-08T23:57:50.000Z</time>
        <extensions>
          <ns3:TrackPointExtension>
            <ns3:atemp>23.0</ns3:atemp>
            <ns3:hr>157</ns3:hr>
            <ns3:cad>89</ns3:cad>
          </ns3:TrackPointExtension>
        </extensions>
      </trkpt>
      <trkpt lat="39.94196039624512195587158203125" lon="116.38948042877018451690673828125">
        <ele>52.799999237060546875</ele>
        <time>2026-09-08T23:57:51.000Z</time>
        <extensions>
          <ns3:TrackPointExtension>
            <ns3:atemp>23.0</ns3:atemp>
            <ns3:hr>156</ns3:hr>
            <ns3:cad>88</ns3:cad>
          </ns3:TrackPointExtension>
        </extensions>
      </trkpt>
      <trkpt lat="39.94197984226047992706298828125" lon="116.3894795067608356475830078125">
        <ele>52.799999237060546875</ele>
        <time>2026-09-08T23:57:52.000Z</time>
        <extensions>
          <ns3:TrackPointExtension>
            <ns3:atemp>23.0</ns3:atemp>
            <ns3:hr>156</ns3:hr>
            <ns3:cad>88</ns3:cad>
          </ns3:TrackPointExtension>
        </extensions>
      </trkpt>
      <trkpt lat="39.9420069158077239990234375" lon="116.3894808478653430938720703125">
        <ele>52.799999237060546875</ele>
        <time>2026-09-08T23:57:53.000Z</time>
        <extensions>
          <ns3:TrackPointExtension>
            <ns3:atemp>23.0</ns3:atemp>
            <ns3:hr>156</ns3:hr>
            <ns3:cad>88</ns3:cad>
          </ns3:TrackPointExtension>
        </extensions>
      </trkpt>
      <trkpt lat="39.94202367961406707763671875" lon="116.38947640545666217803955078125">
        <ele>52.799999237060546875</ele>
        <time>2026-09-08T23:57:54.000Z</time>
        <extensions>
          <ns3:TrackPointExtension>
            <ns3:atemp>23.0</ns3:atemp>
            <ns3:hr>156</ns3:hr>
            <ns3:cad>88</ns3:cad>
          </ns3:TrackPointExtension>
        </extensions>
      </trkpt>
      <trkpt lat="39.942049495875835418701171875" lon="116.3894768245518207550048828125">
        <ele>52.799999237060546875</ele>
        <time>2026-09-08T23:57:55.000Z</time>
        <extensions>
          <ns3:TrackPointExtension>
            <ns3:atemp>23.0</ns3:atemp>
            <ns3:hr>156</ns3:hr>
            <ns3:cad>89</ns3:cad>
          </ns3:TrackPointExtension>
        </extensions>
      </trkpt>
      <trkpt lat="39.94207522831857204437255859375" lon="116.389468945562839508056640625">
        <ele>52.799999237060546875</ele>
        <time>2026-09-08T23:57:56.000Z</time>
        <extensions>
          <ns3:TrackPointExtension>
            <ns3:atemp>23.0</ns3:atemp>
            <ns3:hr>156</ns3:hr>
            <ns3:cad>89</ns3:cad>
          </ns3:TrackPointExtension>
        </extensions>
      </trkpt>
      <trkpt lat="39.94210020639002323150634765625" lon="116.38947062194347381591796875">
        <ele>52.799999237060546875</ele>
        <time>2026-09-08T23:57:57.000Z</time>
        <extensions>
          <ns3:TrackPointExtension>
            <ns3:atemp>23.0</ns3:atemp>
            <ns3:hr>156</ns3:hr>
            <ns3:cad>89</ns3:cad>
          </ns3:TrackPointExtension>
        </extensions>
      </trkpt>
      <trkpt lat="39.94212015531957149505615234375" lon="116.38947003521025180816650390625">
        <ele>52.799999237060546875</ele>
        <time>2026-09-08T23:57:58.000Z</time>
        <extensions>
          <ns3:TrackPointExtension>
            <ns3:atemp>23.0</ns3:atemp>
            <ns3:hr>156</ns3:hr>
            <ns3:cad>89</ns3:cad>
          </ns3:TrackPointExtension>
        </extensions>
      </trkpt>
      <trkpt lat="39.9421445466578006744384765625" lon="116.3894701190292835235595703125">
        <ele>52.799999237060546875</ele>
        <time>2026-09-08T23:57:59.000Z</time>
        <extensions>
          <ns3:TrackPointExtension>
            <ns3:atemp>23.0</ns3:atemp>
            <ns3:hr>157</ns3:hr>
            <ns3:cad>88</ns3:cad>
          </ns3:TrackPointExtension>
        </extensions>
      </trkpt>
      <trkpt lat="39.9421680159866809844970703125" lon="116.38946819119155406951904296875">
        <ele>52.799999237060546875</ele>
        <time>2026-09-08T23:58:00.000Z</time>
        <extensions>
          <ns3:TrackPointExtension>
            <ns3:atemp>23.0</ns3:atemp>
            <ns3:hr>156</ns3:hr>
            <ns3:cad>88</ns3:cad>
          </ns3:TrackPointExtension>
        </extensions>
      </trkpt>
      <trkpt lat="39.9421938322484493255615234375" lon="116.38946869410574436187744140625">
        <ele>52.799999237060546875</ele>
        <time>2026-09-08T23:58:01.000Z</time>
        <extensions>
          <ns3:TrackPointExtension>
            <ns3:atemp>23.0</ns3:atemp>
            <ns3:hr>156</ns3:hr>
            <ns3:cad>88</ns3:cad>
          </ns3:TrackPointExtension>
        </extensions>
      </trkpt>
      <trkpt lat="39.94221788831055164337158203125" lon="116.38946366496384143829345703125">
        <ele>52.799999237060546875</ele>
        <time>2026-09-08T23:58:02.000Z</time>
        <extensions>
          <ns3:TrackPointExtension>
            <ns3:atemp>23.0</ns3:atemp>
            <ns3:hr>156</ns3:hr>
            <ns3:cad>88</ns3:cad>
          </ns3:TrackPointExtension>
        </extensions>
      </trkpt>
      <trkpt lat="39.9422444589436054229736328125" lon="116.3894600607454776763916015625">
        <ele>52.799999237060546875</ele>
        <time>2026-09-08T23:58:03.000Z</time>
        <extensions>
          <ns3:TrackPointExtension>
            <ns3:atemp>23.0</ns3:atemp>
            <ns3:hr>156</ns3:hr>
            <ns3:cad>88</ns3:cad>
          </ns3:TrackPointExtension>
        </extensions>
      </trkpt>
      <trkpt lat="39.9422669224441051483154296875" lon="116.38945519924163818359375">
        <ele>52.799999237060546875</ele>
        <time>2026-09-08T23:58:04.000Z</time>
        <extensions>
          <ns3:TrackPointExtension>
            <ns3:atemp>23.0</ns3:atemp>
            <ns3:hr>156</ns3:hr>
            <ns3:cad>89</ns3:cad>
          </ns3:TrackPointExtension>
        </extensions>
      </trkpt>
      <trkpt lat="39.94229064323008060455322265625" lon="116.389452181756496429443359375">
        <ele>52.799999237060546875</ele>
        <time>2026-09-08T23:58:05.000Z</time>
        <extensions>
          <ns3:TrackPointExtension>
            <ns3:atemp>23.0</ns3:atemp>
            <ns3:hr>156</ns3:hr>
            <ns3:cad>89</ns3:cad>
          </ns3:TrackPointExtension>
        </extensions>
      </trkpt>
      <trkpt lat="39.9423145316541194915771484375" lon="116.3894500024616718292236328125">
        <ele>52.799999237060546875</ele>
        <time>2026-09-08T23:58:06.000Z</time>
        <extensions>
          <ns3:TrackPointExtension>
            <ns3:atemp>23.0</ns3:atemp>
            <ns3:hr>156</ns3:hr>
            <ns3:cad>89</ns3:cad>
          </ns3:TrackPointExtension>
        </extensions>
      </trkpt>
      <trkpt lat="39.94233540259301662445068359375" lon="116.3894476555287837982177734375">
        <ele>52.799999237060546875</ele>
        <time>2026-09-08T23:58:07.000Z</time>
        <extensions>
          <ns3:TrackPointExtension>
            <ns3:atemp>23.0</ns3:atemp>
            <ns3:hr>155</ns3:hr>
            <ns3:cad>89</ns3:cad>
          </ns3:TrackPointExtension>
        </extensions>
      </trkpt>
      <trkpt lat="39.94235736317932605743408203125" lon="116.389444805681705474853515625">
        <ele>52.799999237060546875</ele>
        <time>2026-09-08T23:58:08.000Z</time>
        <extensions>
          <ns3:TrackPointExtension>
            <ns3:atemp>23.0</ns3:atemp>
            <ns3:hr>155</ns3:hr>
            <ns3:cad>89</ns3:cad>
          </ns3:TrackPointExtension>
        </extensions>
      </trkpt>
      <trkpt lat="39.94238175451755523681640625" lon="116.38944379985332489013671875">
        <ele>52.799999237060546875</ele>
        <time>2026-09-08T23:58:09.000Z</time>
        <extensions>
          <ns3:TrackPointExtension>
            <ns3:atemp>23.0</ns3:atemp>
            <ns3:hr>155</ns3:hr>
            <ns3:cad>89</ns3:cad>
          </ns3:TrackPointExtension>
        </extensions>
      </trkpt>
      <trkpt lat="39.9424027092754840850830078125" lon="116.389443464577198028564453125">
        <ele>52.799999237060546875</ele>
        <time>2026-09-08T23:58:10.000Z</time>
        <extensions>
          <ns3:TrackPointExtension>
            <ns3:atemp>23.0</ns3:atemp>
            <ns3:hr>155</ns3:hr>
            <ns3:cad>88</ns3:cad>
          </ns3:TrackPointExtension>
        </extensions>
      </trkpt>
      <trkpt lat="39.94242575950920581817626953125" lon="116.38944472186267375946044921875">
        <ele>52.799999237060546875</ele>
        <time>2026-09-08T23:58:11.000Z</time>
        <extensions>
          <ns3:TrackPointExtension>
            <ns3:atemp>23.0</ns3:atemp>
            <ns3:hr>155</ns3:hr>
            <ns3:cad>88</ns3:cad>
          </ns3:TrackPointExtension>
        </extensions>
      </trkpt>
      <trkpt lat="39.94244788773357868194580078125" lon="116.3894543610513210296630859375">
        <ele>52.799999237060546875</ele>
        <time>2026-09-08T23:58:12.000Z</time>
        <extensions>
          <ns3:TrackPointExtension>
            <ns3:atemp>23.0</ns3:atemp>
            <ns3:hr>155</ns3:hr>
            <ns3:cad>88</ns3:cad>
          </ns3:TrackPointExtension>
        </extensions>
      </trkpt>
      <trkpt lat="39.94246959686279296875" lon="116.3894619047641754150390625">
        <ele>52.799999237060546875</ele>
        <time>2026-09-08T23:58:13.000Z</time>
        <extensions>
          <ns3:TrackPointExtension>
            <ns3:atemp>23.0</ns3:atemp>
            <ns3:hr>154</ns3:hr>
            <ns3:cad>88</ns3:cad>
          </ns3:TrackPointExtension>
        </extensions>
      </trkpt>
      <trkpt lat="39.94248258881270885467529296875" lon="116.38947908766567707061767578125">
        <ele>52.799999237060546875</ele>
        <time>2026-09-08T23:58:14.000Z</time>
        <extensions>
          <ns3:TrackPointExtension>
            <ns3:atemp>23.0</ns3:atemp>
            <ns3:hr>153</ns3:hr>
            <ns3:cad>88</ns3:cad>
          </ns3:TrackPointExtension>
        </extensions>
      </trkpt>
      <trkpt lat="39.9424858577549457550048828125" lon="116.3894992880523204803466796875">
        <ele>52.799999237060546875</ele>
        <time>2026-09-08T23:58:15.000Z</time>
        <extensions>
          <ns3:TrackPointExtension>
            <ns3:atemp>23.0</ns3:atemp>
            <ns3:hr>151</ns3:hr>
            <ns3:cad>87</ns3:cad>
          </ns3:TrackPointExtension>
        </extensions>
      </trkpt>
      <trkpt lat="39.94248543865978717803955078125" lon="116.3895294629037380218505859375">
        <ele>52.799999237060546875</ele>
        <time>2026-09-08T23:58:16.000Z</time>
        <extensions>
          <ns3:TrackPointExtension>
            <ns3:atemp>23.0</ns3:atemp>
            <ns3:hr>150</ns3:hr>
            <ns3:cad>87</ns3:cad>
          </ns3:TrackPointExtension>
        </extensions>
      </trkpt>
      <trkpt lat="39.94248225353658199310302734375" lon="116.389556787908077239990234375">
        <ele>52.799999237060546875</ele>
        <time>2026-09-08T23:58:17.000Z</time>
        <extensions>
          <ns3:TrackPointExtension>
            <ns3:atemp>23.0</ns3:atemp>
            <ns3:hr>149</ns3:hr>
            <ns3:cad>87</ns3:cad>
          </ns3:TrackPointExtension>
        </extensions>
      </trkpt>
      <trkpt lat="39.9424804933369159698486328125" lon="116.389588303864002227783203125">
        <ele>52.799999237060546875</ele>
        <time>2026-09-08T23:58:18.000Z</time>
        <extensions>
          <ns3:TrackPointExtension>
            <ns3:atemp>23.0</ns3:atemp>
            <ns3:hr>149</ns3:hr>
            <ns3:cad>87</ns3:cad>
          </ns3:TrackPointExtension>
        </extensions>
      </trkpt>
      <trkpt lat="39.942476637661457061767578125" lon="116.389616467058658599853515625">
        <ele>53</ele>
        <time>2026-09-08T23:58:19.000Z</time>
        <extensions>
          <ns3:TrackPointExtension>
            <ns3:atemp>23.0</ns3:atemp>
            <ns3:hr>149</ns3:hr>
            <ns3:cad>87</ns3:cad>
          </ns3:TrackPointExtension>
        </extensions>
      </trkpt>
      <trkpt lat="39.94247185997664928436279296875" lon="116.38964789919555187225341796875">
        <ele>53</ele>
        <time>2026-09-08T23:58:20.000Z</time>
        <extensions>
          <ns3:TrackPointExtension>
            <ns3:atemp>23.0</ns3:atemp>
            <ns3:hr>149</ns3:hr>
            <ns3:cad>87</ns3:cad>
          </ns3:TrackPointExtension>
        </extensions>
      </trkpt>
      <trkpt lat="39.94246951304376125335693359375" lon="116.3896773196756839752197265625">
        <ele>53</ele>
        <time>2026-09-08T23:58:21.000Z</time>
        <extensions>
          <ns3:TrackPointExtension>
            <ns3:atemp>23.0</ns3:atemp>
            <ns3:hr>149</ns3:hr>
            <ns3:cad>87</ns3:cad>
          </ns3:TrackPointExtension>
        </extensions>
      </trkpt>
      <trkpt lat="39.94246959686279296875" lon="116.3897061534225940704345703125">
        <ele>53</ele>
        <time>2026-09-08T23:58:22.000Z</time>
        <extensions>
          <ns3:TrackPointExtension>
            <ns3:atemp>23.0</ns3:atemp>
            <ns3:hr>149</ns3:hr>
            <ns3:cad>88</ns3:cad>
          </ns3:TrackPointExtension>
        </extensions>
      </trkpt>
      <trkpt lat="39.9424747936427593231201171875" lon="116.38973808847367763519287109375">
        <ele>53</ele>
        <time>2026-09-08T23:58:23.000Z</time>
        <extensions>
          <ns3:TrackPointExtension>
            <ns3:atemp>23.0</ns3:atemp>
            <ns3:hr>150</ns3:hr>
            <ns3:cad>88</ns3:cad>
          </ns3:TrackPointExtension>
        </extensions>
      </trkpt>
      <trkpt lat="39.94247672148048877716064453125" lon="116.38976893387734889984130859375">
        <ele>53</ele>
        <time>2026-09-08T23:58:24.000Z</time>
        <extensions>
          <ns3:TrackPointExtension>
            <ns3:atemp>23.0</ns3:atemp>
            <ns3:hr>151</ns3:hr>
            <ns3:cad>88</ns3:cad>
          </ns3:TrackPointExtension>
        </extensions>
      </trkpt>
      <trkpt lat="39.94247605092823505401611328125" lon="116.38980112038552761077880859375">
        <ele>53</ele>
        <time>2026-09-08T23:58:25.000Z</time>
        <extensions>
          <ns3:TrackPointExtension>
            <ns3:atemp>23.0</ns3:atemp>
            <ns3:hr>151</ns3:hr>
            <ns3:cad>87</ns3:cad>
          </ns3:TrackPointExtension>
        </extensions>
      </trkpt>
      <trkpt lat="39.94247856549918651580810546875" lon="116.38982978649437427520751953125">
        <ele>53</ele>
        <time>2026-09-08T23:58:26.000Z</time>
        <extensions>
          <ns3:TrackPointExtension>
            <ns3:atemp>23.0</ns3:atemp>
            <ns3:hr>152</ns3:hr>
            <ns3:cad>87</ns3:cad>
          </ns3:TrackPointExtension>
        </extensions>
      </trkpt>
      <trkpt lat="39.94247990660369396209716796875" lon="116.38986130245029926300048828125">
        <ele>52.799999237060546875</ele>
        <time>2026-09-08T23:58:27.000Z</time>
        <extensions>
          <ns3:TrackPointExtension>
            <ns3:atemp>23.0</ns3:atemp>
            <ns3:hr>152</ns3:hr>
            <ns3:cad>87</ns3:cad>
          </ns3:TrackPointExtension>
        </extensions>
      </trkpt>
      <trkpt lat="39.942481331527233123779296875" lon="116.38989097438752651214599609375">
        <ele>52.799999237060546875</ele>
        <time>2026-09-08T23:58:28.000Z</time>
        <extensions>
          <ns3:TrackPointExtension>
            <ns3:atemp>23.0</ns3:atemp>
            <ns3:hr>153</ns3:hr>
            <ns3:cad>88</ns3:cad>
          </ns3:TrackPointExtension>
        </extensions>
      </trkpt>
      <trkpt lat="39.9424828402698040008544921875" lon="116.38992249034345149993896484375">
        <ele>52.799999237060546875</ele>
        <time>2026-09-08T23:58:29.000Z</time>
        <extensions>
          <ns3:TrackPointExtension>
            <ns3:atemp>23.0</ns3:atemp>
            <ns3:hr>153</ns3:hr>
            <ns3:cad>88</ns3:cad>
          </ns3:TrackPointExtension>
        </extensions>
      </trkpt>
      <trkpt lat="39.942483007907867431640625" lon="116.3899482227861881256103515625">
        <ele>52.799999237060546875</ele>
        <time>2026-09-08T23:58:30.000Z</time>
        <extensions>
          <ns3:TrackPointExtension>
            <ns3:atemp>23.0</ns3:atemp>
            <ns3:hr>154</ns3:hr>
            <ns3:cad>87</ns3:cad>
          </ns3:TrackPointExtension>
        </extensions>
      </trkpt>
      <trkpt lat="39.94248099625110626220703125" lon="116.38997546397149562835693359375">
        <ele>53</ele>
        <time>2026-09-08T23:58:31.000Z</time>
        <extensions>
          <ns3:TrackPointExtension>
            <ns3:atemp>23.0</ns3:atemp>
            <ns3:hr>154</ns3:hr>
            <ns3:cad>88</ns3:cad>
          </ns3:TrackPointExtension>
        </extensions>
      </trkpt>
      <trkpt lat="39.94248694740235805511474609375" lon="116.3899961672723293304443359375">
        <ele>53</ele>
        <time>2026-09-08T23:58:32.000Z</time>
        <extensions>
          <ns3:TrackPointExtension>
            <ns3:atemp>23.0</ns3:atemp>
            <ns3:hr>154</ns3:hr>
            <ns3:cad>88</ns3:cad>
          </ns3:TrackPointExtension>
        </extensions>
      </trkpt>
      <trkpt lat="39.94248745031654834747314453125" lon="116.3900229893624782562255859375">
        <ele>53</ele>
        <time>2026-09-08T23:58:33.000Z</time>
        <extensions>
          <ns3:TrackPointExtension>
            <ns3:atemp>23.0</ns3:atemp>
            <ns3:hr>154</ns3:hr>
            <ns3:cad>89</ns3:cad>
          </ns3:TrackPointExtension>
        </extensions>
      </trkpt>
      <trkpt lat="39.94248543865978717803955078125" lon="116.39005324803292751312255859375">
        <ele>53</ele>
        <time>2026-09-08T23:58:34.000Z</time>
        <extensions>
          <ns3:TrackPointExtension>
            <ns3:atemp>23.0</ns3:atemp>
            <ns3:hr>154</ns3:hr>
            <ns3:cad>89</ns3:cad>
          </ns3:TrackPointExtension>
        </extensions>
      </trkpt>
      <trkpt lat="39.94248677976429462432861328125" lon="116.3900923915207386016845703125">
        <ele>53</ele>
        <time>2026-09-08T23:58:35.000Z</time>
        <extensions>
          <ns3:TrackPointExtension>
            <ns3:atemp>23.0</ns3:atemp>
            <ns3:hr>154</ns3:hr>
            <ns3:cad>88</ns3:cad>
          </ns3:TrackPointExtension>
        </extensions>
      </trkpt>
      <trkpt lat="39.94249566458165645599365234375" lon="116.3901239074766635894775390625">
        <ele>53</ele>
        <time>2026-09-08T23:58:36.000Z</time>
        <extensions>
          <ns3:TrackPointExtension>
            <ns3:atemp>23.0</ns3:atemp>
            <ns3:hr>154</ns3:hr>
            <ns3:cad>88</ns3:cad>
          </ns3:TrackPointExtension>
        </extensions>
      </trkpt>
      <trkpt lat="39.9424999393522739410400390625" lon="116.3901433534920215606689453125">
        <ele>53.200000762939453125</ele>
        <time>2026-09-08T23:58:37.000Z</time>
        <extensions>
          <ns3:TrackPointExtension>
            <ns3:atemp>23.0</ns3:atemp>
            <ns3:hr>154</ns3:hr>
            <ns3:cad>88</ns3:cad>
          </ns3:TrackPointExtension>
        </extensions>
      </trkpt>
      <trkpt lat="39.9425066448748111724853515625" lon="116.39016288332641124725341796875">
        <ele>53.200000762939453125</ele>
        <time>2026-09-08T23:58:38.000Z</time>
        <extensions>
          <ns3:TrackPointExtension>
            <ns3:atemp>23.0</ns3:atemp>
            <ns3:hr>153</ns3:hr>
            <ns3:cad>88</ns3:cad>
          </ns3:TrackPointExtension>
        </extensions>
      </trkpt>
      <trkpt lat="39.942511506378650665283203125" lon="116.39018970541656017303466796875">
        <ele>53.200000762939453125</ele>
        <time>2026-09-08T23:58:39.000Z</time>
        <extensions>
          <ns3:TrackPointExtension>
            <ns3:atemp>23.0</ns3:atemp>
            <ns3:hr>153</ns3:hr>
            <ns3:cad>88</ns3:cad>
          </ns3:TrackPointExtension>
        </extensions>
      </trkpt>
      <trkpt lat="39.94251812808215618133544921875" lon="116.3902124203741550445556640625">
        <ele>53.40000152587890625</ele>
        <time>2026-09-08T23:58:40.000Z</time>
        <extensions>
          <ns3:TrackPointExtension>
            <ns3:atemp>23.0</ns3:atemp>
            <ns3:hr>153</ns3:hr>
            <ns3:cad>88</ns3:cad>
          </ns3:TrackPointExtension>
        </extensions>
      </trkpt>
      <trkpt lat="39.9425213970243930816650390625" lon="116.39024837873876094818115234375">
        <ele>53.40000152587890625</ele>
        <time>2026-09-08T23:58:41.000Z</time>
        <extensions>
          <ns3:TrackPointExtension>
            <ns3:atemp>23.0</ns3:atemp>
            <ns3:hr>153</ns3:hr>
            <ns3:cad>85</ns3:cad>
          </ns3:TrackPointExtension>
        </extensions>
      </trkpt>
      <trkpt lat="39.942528940737247467041015625" lon="116.39027218334376811981201171875">
        <ele>53.40000152587890625</ele>
        <time>2026-09-08T23:58:42.000Z</time>
        <extensions>
          <ns3:TrackPointExtension>
            <ns3:atemp>23.0</ns3:atemp>
            <ns3:hr>153</ns3:hr>
            <ns3:cad>85</ns3:cad>
          </ns3:TrackPointExtension>
        </extensions>
      </trkpt>
      <trkpt lat="39.94253153912723064422607421875" lon="116.39030478894710540771484375">
        <ele>53.200000762939453125</ele>
        <time>2026-09-08T23:58:43.000Z</time>
        <extensions>
          <ns3:TrackPointExtension>
            <ns3:atemp>23.0</ns3:atemp>
            <ns3:hr>153</ns3:hr>
            <ns3:cad>84</ns3:cad>
          </ns3:TrackPointExtension>
        </extensions>
      </trkpt>
      <trkpt lat="39.94253438897430896759033203125" lon="116.39033420942723751068115234375">
        <ele>53.200000762939453125</ele>
        <time>2026-09-08T23:58:44.000Z</time>
        <extensions>
          <ns3:TrackPointExtension>
            <ns3:atemp>23.0</ns3:atemp>
            <ns3:hr>153</ns3:hr>
            <ns3:cad>84</ns3:cad>
          </ns3:TrackPointExtension>
        </extensions>
      </trkpt>
      <trkpt lat="39.94253422133624553680419921875" lon="116.39036354608833789825439453125">
        <ele>53.200000762939453125</ele>
        <time>2026-09-08T23:58:45.000Z</time>
        <extensions>
          <ns3:TrackPointExtension>
            <ns3:atemp>23.0</ns3:atemp>
            <ns3:hr>153</ns3:hr>
            <ns3:cad>84</ns3:cad>
          </ns3:TrackPointExtension>
        </extensions>
      </trkpt>
      <trkpt lat="39.9425326287746429443359375" lon="116.390396319329738616943359375">
        <ele>53.200000762939453125</ele>
        <time>2026-09-08T23:58:46.000Z</time>
        <extensions>
          <ns3:TrackPointExtension>
            <ns3:atemp>23.0</ns3:atemp>
            <ns3:hr>153</ns3:hr>
            <ns3:cad>88</ns3:cad>
          </ns3:TrackPointExtension>
        </extensions>
      </trkpt>
      <trkpt lat="39.94253405369818210601806640625" lon="116.3904276676476001739501953125">
        <ele>53.200000762939453125</ele>
        <time>2026-09-08T23:58:47.000Z</time>
        <extensions>
          <ns3:TrackPointExtension>
            <ns3:atemp>23.0</ns3:atemp>
            <ns3:hr>153</ns3:hr>
            <ns3:cad>88</ns3:cad>
          </ns3:TrackPointExtension>
        </extensions>
      </trkpt>
      <trkpt lat="39.9425326287746429443359375" lon="116.3904595188796520233154296875">
        <ele>53.200000762939453125</ele>
        <time>2026-09-08T23:58:48.000Z</time>
        <extensions>
          <ns3:TrackPointExtension>
            <ns3:atemp>23.0</ns3:atemp>
            <ns3:hr>153</ns3:hr>
            <ns3:cad>88</ns3:cad>
          </ns3:TrackPointExtension>
        </extensions>
      </trkpt>
      <trkpt lat="39.94253573007881641387939453125" lon="116.39048156328499317169189453125">
        <ele>53.200000762939453125</ele>
        <time>2026-09-08T23:58:49.000Z</time>
        <extensions>
          <ns3:TrackPointExtension>
            <ns3:atemp>23.0</ns3:atemp>
            <ns3:hr>153</ns3:hr>
            <ns3:cad>88</ns3:cad>
          </ns3:TrackPointExtension>
        </extensions>
      </trkpt>
      <trkpt lat="39.942536987364292144775390625" lon="116.3905145041644573211669921875">
        <ele>53.200000762939453125</ele>
        <time>2026-09-08T23:58:50.000Z</time>
        <extensions>
          <ns3:TrackPointExtension>
            <ns3:atemp>23.0</ns3:atemp>
            <ns3:hr>153</ns3:hr>
            <ns3:cad>88</ns3:cad>
          </ns3:TrackPointExtension>
        </extensions>
      </trkpt>
      <trkpt lat="39.94253992103040218353271484375" lon="116.39053738676011562347412109375">
        <ele>53.200000762939453125</ele>
        <time>2026-09-08T23:58:51.000Z</time>
        <extensions>
          <ns3:TrackPointExtension>
            <ns3:atemp>23.0</ns3:atemp>
            <ns3:hr>153</ns3:hr>
            <ns3:cad>87</ns3:cad>
          </ns3:TrackPointExtension>
        </extensions>
      </trkpt>
      <trkpt lat="39.942552745342254638671875" lon="116.39056839980185031890869140625">
        <ele>53.200000762939453125</ele>
        <time>2026-09-08T23:58:52.000Z</time>
        <extensions>
          <ns3:TrackPointExtension>
            <ns3:atemp>23.0</ns3:atemp>
            <ns3:hr>154</ns3:hr>
            <ns3:cad>87</ns3:cad>
          </ns3:TrackPointExtension>
        </extensions>
      </trkpt>
      <trkpt lat="39.94256950914859771728515625" lon="116.39057527296245098114013671875">
        <ele>53.200000762939453125</ele>
        <time>2026-09-08T23:58:53.000Z</time>
        <extensions>
          <ns3:TrackPointExtension>
            <ns3:atemp>23.0</ns3:atemp>
            <ns3:hr>154</ns3:hr>
            <ns3:cad>87</ns3:cad>
          </ns3:TrackPointExtension>
        </extensions>
      </trkpt>
      <trkpt lat="39.94259591214358806610107421875" lon="116.39058482833206653594970703125">
        <ele>53.200000762939453125</ele>
        <time>2026-09-08T23:58:54.000Z</time>
        <extensions>
          <ns3:TrackPointExtension>
            <ns3:atemp>23.0</ns3:atemp>
            <ns3:hr>154</ns3:hr>
            <ns3:cad>87</ns3:cad>
          </ns3:TrackPointExtension>
        </extensions>
      </trkpt>
      <trkpt lat="39.94261418469250202178955078125" lon="116.3905896060168743133544921875">
        <ele>53.200000762939453125</ele>
        <time>2026-09-08T23:58:55.000Z</time>
        <extensions>
          <ns3:TrackPointExtension>
            <ns3:atemp>23.0</ns3:atemp>
            <ns3:hr>154</ns3:hr>
            <ns3:cad>87</ns3:cad>
          </ns3:TrackPointExtension>
        </extensions>
      </trkpt>
      <trkpt lat="39.94263614527881145477294921875" lon="116.39059237204492092132568359375">
        <ele>53.200000762939453125</ele>
        <time>2026-09-08T23:58:56.000Z</time>
        <extensions>
          <ns3:TrackPointExtension>
            <ns3:atemp>23.0</ns3:atemp>
            <ns3:hr>154</ns3:hr>
            <ns3:cad>87</ns3:cad>
          </ns3:TrackPointExtension>
        </extensions>
      </trkpt>
      <trkpt lat="39.94265743531286716461181640625" lon="116.39058851636946201324462890625">
        <ele>53.200000762939453125</ele>
        <time>2026-09-08T23:58:57.000Z</time>
        <extensions>
          <ns3:TrackPointExtension>
            <ns3:atemp>23.0</ns3:atemp>
            <ns3:hr>153</ns3:hr>
            <ns3:cad>87</ns3:cad>
          </ns3:TrackPointExtension>
        </extensions>
      </trkpt>
      <trkpt lat="39.94267855770885944366455078125" lon="116.39058700762689113616943359375">
        <ele>53</ele>
        <time>2026-09-08T23:58:58.000Z</time>
        <extensions>
          <ns3:TrackPointExtension>
            <ns3:atemp>23.0</ns3:atemp>
            <ns3:hr>153</ns3:hr>
            <ns3:cad>87</ns3:cad>
          </ns3:TrackPointExtension>
        </extensions>
      </trkpt>
      <trkpt lat="39.94269968010485172271728515625" lon="116.3905889354646205902099609375">
        <ele>53.200000762939453125</ele>
        <time>2026-09-08T23:58:59.000Z</time>
        <extensions>
          <ns3:TrackPointExtension>
            <ns3:atemp>23.0</ns3:atemp>
            <ns3:hr>153</ns3:hr>
            <ns3:cad>88</ns3:cad>
          </ns3:TrackPointExtension>
        </extensions>
      </trkpt>
      <trkpt lat="39.94272097013890743255615234375" lon="116.39059019275009632110595703125">
        <ele>53.200000762939453125</ele>
        <time>2026-09-08T23:59:00.000Z</time>
        <extensions>
          <ns3:TrackPointExtension>
            <ns3:atemp>23.0</ns3:atemp>
            <ns3:hr>153</ns3:hr>
            <ns3:cad>88</ns3:cad>
          </ns3:TrackPointExtension>
        </extensions>
      </trkpt>
      <trkpt lat="39.94274376891553401947021484375" lon="116.3905929587781429290771484375">
        <ele>53.200000762939453125</ele>
        <time>2026-09-08T23:59:01.000Z</time>
        <extensions>
          <ns3:TrackPointExtension>
            <ns3:atemp>23.0</ns3:atemp>
            <ns3:hr>153</ns3:hr>
            <ns3:cad>88</ns3:cad>
          </ns3:TrackPointExtension>
        </extensions>
      </trkpt>
      <trkpt lat="39.94276472367346286773681640625" lon="116.390592791140079498291015625">
        <ele>53.200000762939453125</ele>
        <time>2026-09-08T23:59:02.000Z</time>
        <extensions>
          <ns3:TrackPointExtension>
            <ns3:atemp>23.0</ns3:atemp>
            <ns3:hr>153</ns3:hr>
            <ns3:cad>88</ns3:cad>
          </ns3:TrackPointExtension>
        </extensions>
      </trkpt>
      <trkpt lat="39.942791126668453216552734375" lon="116.39059270732104778289794921875">
        <ele>53.200000762939453125</ele>
        <time>2026-09-08T23:59:03.000Z</time>
        <extensions>
          <ns3:TrackPointExtension>
            <ns3:atemp>23.0</ns3:atemp>
            <ns3:hr>153</ns3:hr>
            <ns3:cad>88</ns3:cad>
          </ns3:TrackPointExtension>
        </extensions>
      </trkpt>
      <trkpt lat="39.94281451217830181121826171875" lon="116.390592120587825775146484375">
        <ele>53.200000762939453125</ele>
        <time>2026-09-08T23:59:04.000Z</time>
        <extensions>
          <ns3:TrackPointExtension>
            <ns3:atemp>23.0</ns3:atemp>
            <ns3:hr>153</ns3:hr>
            <ns3:cad>88</ns3:cad>
          </ns3:TrackPointExtension>
        </extensions>
      </trkpt>
      <trkpt lat="39.9428435973823070526123046875" lon="116.3905926235020160675048828125">
        <ele>53</ele>
        <time>2026-09-08T23:59:05.000Z</time>
        <extensions>
          <ns3:TrackPointExtension>
            <ns3:atemp>23.0</ns3:atemp>
            <ns3:hr>153</ns3:hr>
            <ns3:cad>88</ns3:cad>
          </ns3:TrackPointExtension>
        </extensions>
      </trkpt>
      <trkpt lat="39.9428663961589336395263671875" lon="116.3905899412930011749267578125">
        <ele>53</ele>
        <time>2026-09-08T23:59:06.000Z</time>
        <extensions>
          <ns3:TrackPointExtension>
            <ns3:atemp>23.0</ns3:atemp>
            <ns3:hr>153</ns3:hr>
            <ns3:cad>87</ns3:cad>
          </ns3:TrackPointExtension>
        </extensions>
      </trkpt>
      <trkpt lat="39.94289539754390716552734375" lon="116.3905916176736354827880859375">
        <ele>53</ele>
        <time>2026-09-08T23:59:07.000Z</time>
        <extensions>
          <ns3:TrackPointExtension>
            <ns3:atemp>23.0</ns3:atemp>
            <ns3:hr>153</ns3:hr>
            <ns3:cad>90</ns3:cad>
          </ns3:TrackPointExtension>
        </extensions>
      </trkpt>
      <trkpt lat="39.9429188668727874755859375" lon="116.3905909471213817596435546875">
        <ele>53</ele>
        <time>2026-09-08T23:59:08.000Z</time>
        <extensions>
          <ns3:TrackPointExtension>
            <ns3:atemp>23.0</ns3:atemp>
            <ns3:hr>153</ns3:hr>
            <ns3:cad>90</ns3:cad>
          </ns3:TrackPointExtension>
        </extensions>
      </trkpt>
      <trkpt lat="39.942939318716526031494140625" lon="116.390594802796840667724609375">
        <ele>53</ele>
        <time>2026-09-08T23:59:09.000Z</time>
        <extensions>
          <ns3:TrackPointExtension>
            <ns3:atemp>23.0</ns3:atemp>
            <ns3:hr>153</ns3:hr>
            <ns3:cad>89</ns3:cad>
          </ns3:TrackPointExtension>
        </extensions>
      </trkpt>
      <trkpt lat="39.94295683689415454864501953125" lon="116.3905932940542697906494140625">
        <ele>53</ele>
        <time>2026-09-08T23:59:10.000Z</time>
        <extensions>
          <ns3:TrackPointExtension>
            <ns3:atemp>23.0</ns3:atemp>
            <ns3:hr>153</ns3:hr>
            <ns3:cad>89</ns3:cad>
          </ns3:TrackPointExtension>
        </extensions>
      </trkpt>
      <trkpt lat="39.94298013858497142791748046875" lon="116.39059052802622318267822265625">
        <ele>53</ele>
        <time>2026-09-08T23:59:11.000Z</time>
        <extensions>
          <ns3:TrackPointExtension>
            <ns3:atemp>23.0</ns3:atemp>
            <ns3:hr>153</ns3:hr>
            <ns3:cad>88</ns3:cad>
          </ns3:TrackPointExtension>
        </extensions>
      </trkpt>
      <trkpt lat="39.94300134479999542236328125" lon="116.39058968983590602874755859375">
        <ele>53</ele>
        <time>2026-09-08T23:59:12.000Z</time>
        <extensions>
          <ns3:TrackPointExtension>
            <ns3:atemp>23.0</ns3:atemp>
            <ns3:hr>153</ns3:hr>
            <ns3:cad>88</ns3:cad>
          </ns3:TrackPointExtension>
        </extensions>
      </trkpt>
      <trkpt lat="39.943026490509510040283203125" lon="116.39058583416044712066650390625">
        <ele>53</ele>
        <time>2026-09-08T23:59:13.000Z</time>
        <extensions>
          <ns3:TrackPointExtension>
            <ns3:atemp>23.0</ns3:atemp>
            <ns3:hr>153</ns3:hr>
            <ns3:cad>88</ns3:cad>
          </ns3:TrackPointExtension>
        </extensions>
      </trkpt>
      <trkpt lat="39.943045936524868011474609375" lon="116.390583403408527374267578125">
        <ele>53.200000762939453125</ele>
        <time>2026-09-08T23:59:14.000Z</time>
        <extensions>
          <ns3:TrackPointExtension>
            <ns3:atemp>23.0</ns3:atemp>
            <ns3:hr>154</ns3:hr>
            <ns3:cad>88</ns3:cad>
          </ns3:TrackPointExtension>
        </extensions>
      </trkpt>
      <trkpt lat="39.9430682323873043060302734375" lon="116.390586756169795989990234375">
        <ele>53.200000762939453125</ele>
        <time>2026-09-08T23:59:15.000Z</time>
        <extensions>
          <ns3:TrackPointExtension>
            <ns3:atemp>23.0</ns3:atemp>
            <ns3:hr>154</ns3:hr>
            <ns3:cad>88</ns3:cad>
          </ns3:TrackPointExtension>
        </extensions>
      </trkpt>
      <trkpt lat="39.94308642111718654632568359375" lon="116.39058801345527172088623046875">
        <ele>53.200000762939453125</ele>
        <time>2026-09-08T23:59:16.000Z</time>
        <extensions>
          <ns3:TrackPointExtension>
            <ns3:atemp>23.0</ns3:atemp>
            <ns3:hr>155</ns3:hr>
            <ns3:cad>88</ns3:cad>
          </ns3:TrackPointExtension>
        </extensions>
      </trkpt>
      <trkpt lat="39.943108297884464263916015625" lon="116.39058600179851055145263671875">
        <ele>53.200000762939453125</ele>
        <time>2026-09-08T23:59:17.000Z</time>
        <extensions>
          <ns3:TrackPointExtension>
            <ns3:atemp>23.0</ns3:atemp>
            <ns3:hr>155</ns3:hr>
            <ns3:cad>88</ns3:cad>
          </ns3:TrackPointExtension>
        </extensions>
      </trkpt>
      <trkpt lat="39.943130426108837127685546875" lon="116.3905845768749713897705078125">
        <ele>53.200000762939453125</ele>
        <time>2026-09-08T23:59:18.000Z</time>
        <extensions>
          <ns3:TrackPointExtension>
            <ns3:atemp>23.0</ns3:atemp>
            <ns3:hr>155</ns3:hr>
            <ns3:cad>88</ns3:cad>
          </ns3:TrackPointExtension>
        </extensions>
      </trkpt>
      <trkpt lat="39.94315247051417827606201171875" lon="116.390577368438243865966796875">
        <ele>53.200000762939453125</ele>
        <time>2026-09-08T23:59:19.000Z</time>
        <extensions>
          <ns3:TrackPointExtension>
            <ns3:atemp>23.0</ns3:atemp>
            <ns3:hr>155</ns3:hr>
            <ns3:cad>88</ns3:cad>
          </ns3:TrackPointExtension>
        </extensions>
      </trkpt>
      <trkpt lat="39.94317912496626377105712890625" lon="116.39058063738048076629638671875">
        <ele>53.200000762939453125</ele>
        <time>2026-09-08T23:59:20.000Z</time>
        <extensions>
          <ns3:TrackPointExtension>
            <ns3:atemp>23.0</ns3:atemp>
            <ns3:hr>156</ns3:hr>
            <ns3:cad>89</ns3:cad>
          </ns3:TrackPointExtension>
        </extensions>
      </trkpt>
      <trkpt lat="39.94320393539965152740478515625" lon="116.39057812280952930450439453125">
        <ele>53.200000762939453125</ele>
        <time>2026-09-08T23:59:21.000Z</time>
        <extensions>
          <ns3:TrackPointExtension>
            <ns3:atemp>23.0</ns3:atemp>
            <ns3:hr>156</ns3:hr>
            <ns3:cad>89</ns3:cad>
          </ns3:TrackPointExtension>
        </extensions>
      </trkpt>
      <trkpt lat="39.94323008693754673004150390625" lon="116.39057896099984645843505859375">
        <ele>53.200000762939453125</ele>
        <time>2026-09-08T23:59:22.000Z</time>
        <extensions>
          <ns3:TrackPointExtension>
            <ns3:atemp>23.0</ns3:atemp>
            <ns3:hr>156</ns3:hr>
            <ns3:cad>88</ns3:cad>
          </ns3:TrackPointExtension>
        </extensions>
      </trkpt>
      <trkpt lat="39.94325657375156879425048828125" lon="116.39057879336178302764892578125">
        <ele>53.200000762939453125</ele>
        <time>2026-09-08T23:59:23.000Z</time>
        <extensions>
          <ns3:TrackPointExtension>
            <ns3:atemp>23.0</ns3:atemp>
            <ns3:hr>156</ns3:hr>
            <ns3:cad>88</ns3:cad>
          </ns3:TrackPointExtension>
        </extensions>
      </trkpt>
      <trkpt lat="39.94328406639397144317626953125" lon="116.39058466069400310516357421875">
        <ele>53.40000152587890625</ele>
        <time>2026-09-08T23:59:24.000Z</time>
        <extensions>
          <ns3:TrackPointExtension>
            <ns3:atemp>23.0</ns3:atemp>
            <ns3:hr>156</ns3:hr>
            <ns3:cad>88</ns3:cad>
          </ns3:TrackPointExtension>
        </extensions>
      </trkpt>
      <trkpt lat="39.94330309331417083740234375" lon="116.39058415777981281280517578125">
        <ele>53.40000152587890625</ele>
        <time>2026-09-08T23:59:25.000Z</time>
        <extensions>
          <ns3:TrackPointExtension>
            <ns3:atemp>23.0</ns3:atemp>
            <ns3:hr>156</ns3:hr>
            <ns3:cad>88</ns3:cad>
          </ns3:TrackPointExtension>
        </extensions>
      </trkpt>
      <trkpt lat="39.94332966394722461700439453125" lon="116.3905859179794788360595703125">
        <ele>53.40000152587890625</ele>
        <time>2026-09-08T23:59:26.000Z</time>
        <extensions>
          <ns3:TrackPointExtension>
            <ns3:atemp>23.0</ns3:atemp>
            <ns3:hr>157</ns3:hr>
            <ns3:cad>88</ns3:cad>
          </ns3:TrackPointExtension>
        </extensions>
      </trkpt>
      <trkpt lat="39.94335112161934375762939453125" lon="116.390578709542751312255859375">
        <ele>53.200000762939453125</ele>
        <time>2026-09-08T23:59:27.000Z</time>
        <extensions>
          <ns3:TrackPointExtension>
            <ns3:atemp>23.0</ns3:atemp>
            <ns3:hr>156</ns3:hr>
            <ns3:cad>89</ns3:cad>
          </ns3:TrackPointExtension>
        </extensions>
      </trkpt>
      <trkpt lat="39.94337978772819042205810546875" lon="116.390572674572467803955078125">
        <ele>53.40000152587890625</ele>
        <time>2026-09-08T23:59:28.000Z</time>
        <extensions>
          <ns3:TrackPointExtension>
            <ns3:atemp>23.0</ns3:atemp>
            <ns3:hr>156</ns3:hr>
            <ns3:cad>89</ns3:cad>
          </ns3:TrackPointExtension>
        </extensions>
      </trkpt>
      <trkpt lat="39.9433991499245166778564453125" lon="116.39057007618248462677001953125">
        <ele>53.40000152587890625</ele>
        <time>2026-09-08T23:59:29.000Z</time>
        <extensions>
          <ns3:TrackPointExtension>
            <ns3:atemp>23.0</ns3:atemp>
            <ns3:hr>157</ns3:hr>
            <ns3:cad>88</ns3:cad>
          </ns3:TrackPointExtension>
        </extensions>
      </trkpt>
      <trkpt lat="39.9434269778430461883544921875" lon="116.39056990854442119598388671875">
        <ele>53.40000152587890625</ele>
        <time>2026-09-08T23:59:30.000Z</time>
        <extensions>
          <ns3:TrackPointExtension>
            <ns3:atemp>23.0</ns3:atemp>
            <ns3:hr>157</ns3:hr>
            <ns3:cad>88</ns3:cad>
          </ns3:TrackPointExtension>
        </extensions>
      </trkpt>
      <trkpt lat="39.94344918988645076751708984375" lon="116.3905661366879940032958984375">
        <ele>53.40000152587890625</ele>
        <time>2026-09-08T23:59:31.000Z</time>
        <extensions>
          <ns3:TrackPointExtension>
            <ns3:atemp>23.0</ns3:atemp>
            <ns3:hr>156</ns3:hr>
            <ns3:cad>88</ns3:cad>
          </ns3:TrackPointExtension>
        </extensions>
      </trkpt>
      <trkpt lat="39.94347483851015567779541015625" lon="116.3905715011060237884521484375">
        <ele>53.40000152587890625</ele>
        <time>2026-09-08T23:59:32.000Z</time>
        <extensions>
          <ns3:TrackPointExtension>
            <ns3:atemp>23.0</ns3:atemp>
            <ns3:hr>156</ns3:hr>
            <ns3:cad>88</ns3:cad>
          </ns3:TrackPointExtension>
        </extensions>
      </trkpt>
      <trkpt lat="39.943497888743877410888671875" lon="116.39056898653507232666015625">
        <ele>53.200000762939453125</ele>
        <time>2026-09-08T23:59:33.000Z</time>
        <extensions>
          <ns3:TrackPointExtension>
            <ns3:atemp>23.0</ns3:atemp>
            <ns3:hr>156</ns3:hr>
            <ns3:cad>88</ns3:cad>
          </ns3:TrackPointExtension>
        </extensions>
      </trkpt>
      <trkpt lat="39.94351959787309169769287109375" lon="116.3905694894492626190185546875">
        <ele>53.200000762939453125</ele>
        <time>2026-09-08T23:59:34.000Z</time>
        <extensions>
          <ns3:TrackPointExtension>
            <ns3:atemp>23.0</ns3:atemp>
            <ns3:hr>156</ns3:hr>
            <ns3:cad>88</ns3:cad>
          </ns3:TrackPointExtension>
        </extensions>
      </trkpt>
      <trkpt lat="39.9435413070023059844970703125" lon="116.39057108201086521148681640625">
        <ele>53.200000762939453125</ele>
        <time>2026-09-08T23:59:35.000Z</time>
        <extensions>
          <ns3:TrackPointExtension>
            <ns3:atemp>23.0</ns3:atemp>
            <ns3:hr>156</ns3:hr>
            <ns3:cad>89</ns3:cad>
          </ns3:TrackPointExtension>
        </extensions>
      </trkpt>
      <trkpt lat="39.94356268085539340972900390625" lon="116.39057007618248462677001953125">
        <ele>53.200000762939453125</ele>
        <time>2026-09-08T23:59:36.000Z</time>
        <extensions>
          <ns3:TrackPointExtension>
            <ns3:atemp>23.0</ns3:atemp>
            <ns3:hr>157</ns3:hr>
            <ns3:cad>89</ns3:cad>
          </ns3:TrackPointExtension>
        </extensions>
      </trkpt>
      <trkpt lat="39.94358514435589313507080078125" lon="116.39056907035410404205322265625">
        <ele>53.200000762939453125</ele>
        <time>2026-09-08T23:59:37.000Z</time>
        <extensions>
          <ns3:TrackPointExtension>
            <ns3:atemp>23.0</ns3:atemp>
            <ns3:hr>156</ns3:hr>
            <ns3:cad>89</ns3:cad>
          </ns3:TrackPointExtension>
        </extensions>
      </trkpt>
      <trkpt lat="39.94360710494220256805419921875" lon="116.3905711658298969268798828125">
        <ele>53.200000762939453125</ele>
        <time>2026-09-08T23:59:38.000Z</time>
        <extensions>
          <ns3:TrackPointExtension>
            <ns3:atemp>23.0</ns3:atemp>
            <ns3:hr>156</ns3:hr>
            <ns3:cad>88</ns3:cad>
          </ns3:TrackPointExtension>
        </extensions>
      </trkpt>
      <trkpt lat="39.94362906552851200103759765625" lon="116.39057409949600696563720703125">
        <ele>53.200000762939453125</ele>
        <time>2026-09-08T23:59:39.000Z</time>
        <extensions>
          <ns3:TrackPointExtension>
            <ns3:atemp>23.0</ns3:atemp>
            <ns3:hr>156</ns3:hr>
            <ns3:cad>88</ns3:cad>
          </ns3:TrackPointExtension>
        </extensions>
      </trkpt>
      <trkpt lat="39.943653456866741180419921875" lon="116.390574686229228973388671875">
        <ele>53.200000762939453125</ele>
        <time>2026-09-08T23:59:40.000Z</time>
        <extensions>
          <ns3:TrackPointExtension>
            <ns3:atemp>23.0</ns3:atemp>
            <ns3:hr>156</ns3:hr>
            <ns3:cad>88</ns3:cad>
          </ns3:TrackPointExtension>
        </extensions>
      </trkpt>
      <trkpt lat="39.943673573434352874755859375" lon="116.39058030210435390472412109375">
        <ele>53</ele>
        <time>2026-09-08T23:59:41.000Z</time>
        <extensions>
          <ns3:TrackPointExtension>
            <ns3:atemp>23.0</ns3:atemp>
            <ns3:hr>156</ns3:hr>
            <ns3:cad>88</ns3:cad>
          </ns3:TrackPointExtension>
        </extensions>
      </trkpt>
      <trkpt lat="39.9436940252780914306640625" lon="116.39058298431336879730224609375">
        <ele>53.200000762939453125</ele>
        <time>2026-09-08T23:59:42.000Z</time>
        <extensions>
          <ns3:TrackPointExtension>
            <ns3:atemp>23.0</ns3:atemp>
            <ns3:hr>156</ns3:hr>
            <ns3:cad>88</ns3:cad>
          </ns3:TrackPointExtension>
        </extensions>
      </trkpt>
      <trkpt lat="39.94371883571147918701171875" lon="116.39058080501854419708251953125">
        <ele>53.200000762939453125</ele>
        <time>2026-09-08T23:59:43.000Z</time>
        <extensions>
          <ns3:TrackPointExtension>
            <ns3:atemp>23.0</ns3:atemp>
            <ns3:hr>156</ns3:hr>
            <ns3:cad>88</ns3:cad>
          </ns3:TrackPointExtension>
        </extensions>
      </trkpt>
      <trkpt lat="39.94374272413551807403564453125" lon="116.390574686229228973388671875">
        <ele>53.200000762939453125</ele>
        <time>2026-09-08T23:59:44.000Z</time>
        <extensions>
          <ns3:TrackPointExtension>
            <ns3:atemp>23.0</ns3:atemp>
            <ns3:hr>156</ns3:hr>
            <ns3:cad>88</ns3:cad>
          </ns3:TrackPointExtension>
        </extensions>
      </trkpt>
      <trkpt lat="39.9437572248280048370361328125" lon="116.3905830681324005126953125">
        <ele>53.200000762939453125</ele>
        <time>2026-09-08T23:59:45.000Z</time>
        <extensions>
          <ns3:TrackPointExtension>
            <ns3:atemp>23.0</ns3:atemp>
            <ns3:hr>156</ns3:hr>
            <ns3:cad>88</ns3:cad>
          </ns3:TrackPointExtension>
        </extensions>
      </trkpt>
      <trkpt lat="39.94377960450947284698486328125" lon="116.39058650471270084381103515625">
        <ele>53.200000762939453125</ele>
        <time>2026-09-08T23:59:46.000Z</time>
        <extensions>
          <ns3:TrackPointExtension>
            <ns3:atemp>23.0</ns3:atemp>
            <ns3:hr>156</ns3:hr>
            <ns3:cad>88</ns3:cad>
          </ns3:TrackPointExtension>
        </extensions>
      </trkpt>
      <trkpt lat="39.94380441494286060333251953125" lon="116.3905869238078594207763671875">
        <ele>53</ele>
        <time>2026-09-08T23:59:47.000Z</time>
        <extensions>
          <ns3:TrackPointExtension>
            <ns3:atemp>23.0</ns3:atemp>
            <ns3:hr>156</ns3:hr>
            <ns3:cad>88</ns3:cad>
          </ns3:TrackPointExtension>
        </extensions>
      </trkpt>
      <trkpt lat="39.94382604025304317474365234375" lon="116.3905845768749713897705078125">
        <ele>53</ele>
        <time>2026-09-08T23:59:48.000Z</time>
        <extensions>
          <ns3:TrackPointExtension>
            <ns3:atemp>23.0</ns3:atemp>
            <ns3:hr>155</ns3:hr>
            <ns3:cad>88</ns3:cad>
          </ns3:TrackPointExtension>
        </extensions>
      </trkpt>
      <trkpt lat="39.9438521079719066619873046875" lon="116.390588767826557159423828125">
        <ele>53</ele>
        <time>2026-09-08T23:59:49.000Z</time>
        <extensions>
          <ns3:TrackPointExtension>
            <ns3:atemp>23.0</ns3:atemp>
            <ns3:hr>155</ns3:hr>
            <ns3:cad>88</ns3:cad>
          </ns3:TrackPointExtension>
        </extensions>
      </trkpt>
      <trkpt lat="39.94387306272983551025390625" lon="116.39058717526495456695556640625">
        <ele>53</ele>
        <time>2026-09-08T23:59:50.000Z</time>
        <extensions>
          <ns3:TrackPointExtension>
            <ns3:atemp>23.0</ns3:atemp>
            <ns3:hr>155</ns3:hr>
            <ns3:cad>87</ns3:cad>
          </ns3:TrackPointExtension>
        </extensions>
      </trkpt>
      <trkpt lat="39.94390524923801422119140625" lon="116.39059446752071380615234375">
        <ele>53</ele>
        <time>2026-09-08T23:59:51.000Z</time>
        <extensions>
          <ns3:TrackPointExtension>
            <ns3:atemp>23.0</ns3:atemp>
            <ns3:hr>155</ns3:hr>
            <ns3:cad>87</ns3:cad>
          </ns3:TrackPointExtension>
        </extensions>
      </trkpt>
      <trkpt lat="39.9439312331378459930419921875" lon="116.390592791140079498291015625">
        <ele>53</ele>
        <time>2026-09-08T23:59:52.000Z</time>
        <extensions>
          <ns3:TrackPointExtension>
            <ns3:atemp>23.0</ns3:atemp>
            <ns3:hr>155</ns3:hr>
            <ns3:cad>87</ns3:cad>
          </ns3:TrackPointExtension>
        </extensions>
      </trkpt>
      <trkpt lat="39.9439553730189800262451171875" lon="116.39059044420719146728515625">
        <ele>53.200000762939453125</ele>
        <time>2026-09-08T23:59:53.000Z</time>
        <extensions>
          <ns3:TrackPointExtension>
            <ns3:atemp>23.0</ns3:atemp>
            <ns3:hr>155</ns3:hr>
            <ns3:cad>87</ns3:cad>
          </ns3:TrackPointExtension>
        </extensions>
      </trkpt>
      <trkpt lat="39.9439862184226512908935546875" lon="116.39059220440685749053955078125">
        <ele>53</ele>
        <time>2026-09-08T23:59:54.000Z</time>
        <extensions>
          <ns3:TrackPointExtension>
            <ns3:atemp>23.0</ns3:atemp>
            <ns3:hr>155</ns3:hr>
            <ns3:cad>87</ns3:cad>
          </ns3:TrackPointExtension>
        </extensions>
      </trkpt>
      <trkpt lat="39.94400977157056331634521484375" lon="116.3905929587781429290771484375">
        <ele>53</ele>
        <time>2026-09-08T23:59:55.000Z</time>
        <extensions>
          <ns3:TrackPointExtension>
            <ns3:atemp>23.0</ns3:atemp>
            <ns3:hr>155</ns3:hr>
            <ns3:cad>87</ns3:cad>
          </ns3:TrackPointExtension>
        </extensions>
      </trkpt>
      <trkpt lat="39.94403659366071224212646484375" lon="116.390592120587825775146484375">
        <ele>53</ele>
        <time>2026-09-08T23:59:56.000Z</time>
        <extensions>
          <ns3:TrackPointExtension>
            <ns3:atemp>23.0</ns3:atemp>
            <ns3:hr>155</ns3:hr>
            <ns3:cad>87</ns3:cad>
          </ns3:TrackPointExtension>
        </extensions>
      </trkpt>
      <trkpt lat="39.94405679404735565185546875" lon="116.39059237204492092132568359375">
        <ele>53</ele>
        <time>2026-09-08T23:59:57.000Z</time>
        <extensions>
          <ns3:TrackPointExtension>
            <ns3:atemp>23.0</ns3:atemp>
            <ns3:hr>155</ns3:hr>
            <ns3:cad>87</ns3:cad>
          </ns3:TrackPointExtension>
        </extensions>
      </trkpt>
      <trkpt lat="39.9440831132233142852783203125" lon="116.39059706591069698333740234375">
        <ele>53</ele>
        <time>2026-09-08T23:59:58.000Z</time>
        <extensions>
          <ns3:TrackPointExtension>
            <ns3:atemp>23.0</ns3:atemp>
            <ns3:hr>155</ns3:hr>
            <ns3:cad>87</ns3:cad>
          </ns3:TrackPointExtension>
        </extensions>
      </trkpt>
      <trkpt lat="39.9441042356193065643310546875" lon="116.39060041867196559906005859375">
        <ele>53</ele>
        <time>2026-09-08T23:59:59.000Z</time>
        <extensions>
          <ns3:TrackPointExtension>
            <ns3:atemp>23.0</ns3:atemp>
            <ns3:hr>155</ns3:hr>
            <ns3:cad>87</ns3:cad>
          </ns3:TrackPointExtension>
        </extensions>
      </trkpt>
      <trkpt lat="39.94412862695753574371337890625" lon="116.39060343615710735321044921875">
        <ele>53</ele>
        <time>2026-09-09T00:00:00.000Z</time>
        <extensions>
          <ns3:TrackPointExtension>
            <ns3:atemp>23.0</ns3:atemp>
            <ns3:hr>154</ns3:hr>
            <ns3:cad>87</ns3:cad>
          </ns3:TrackPointExtension>
        </extensions>
      </trkpt>
      <trkpt lat="39.9441526830196380615234375" lon="116.39060310088098049163818359375">
        <ele>53</ele>
        <time>2026-09-09T00:00:01.000Z</time>
        <extensions>
          <ns3:TrackPointExtension>
            <ns3:atemp>23.0</ns3:atemp>
            <ns3:hr>155</ns3:hr>
            <ns3:cad>88</ns3:cad>
          </ns3:TrackPointExtension>
        </extensions>
      </trkpt>
      <trkpt lat="39.9441790021955966949462890625" lon="116.39060544781386852264404296875">
        <ele>53</ele>
        <time>2026-09-09T00:00:02.000Z</time>
        <extensions>
          <ns3:TrackPointExtension>
            <ns3:atemp>23.0</ns3:atemp>
            <ns3:hr>155</ns3:hr>
            <ns3:cad>88</ns3:cad>
          </ns3:TrackPointExtension>
        </extensions>
      </trkpt>
      <trkpt lat="39.94420926086604595184326171875" lon="116.390608213841915130615234375">
        <ele>53</ele>
        <time>2026-09-09T00:00:03.000Z</time>
        <extensions>
          <ns3:TrackPointExtension>
            <ns3:atemp>23.0</ns3:atemp>
            <ns3:hr>155</ns3:hr>
            <ns3:cad>88</ns3:cad>
          </ns3:TrackPointExtension>
        </extensions>
      </trkpt>
      <trkpt lat="39.94423172436654567718505859375" lon="116.39061014167964458465576171875">
        <ele>53</ele>
        <time>2026-09-09T00:00:04.000Z</time>
        <extensions>
          <ns3:TrackPointExtension>
            <ns3:atemp>23.0</ns3:atemp>
            <ns3:hr>155</ns3:hr>
            <ns3:cad>88</ns3:cad>
          </ns3:TrackPointExtension>
        </extensions>
      </trkpt>
      <trkpt lat="39.94425418786704540252685546875" lon="116.3906056992709636688232421875">
        <ele>52.799999237060546875</ele>
        <time>2026-09-09T00:00:05.000Z</time>
        <extensions>
          <ns3:TrackPointExtension>
            <ns3:atemp>23.0</ns3:atemp>
            <ns3:hr>155</ns3:hr>
            <ns3:cad>89</ns3:cad>
          </ns3:TrackPointExtension>
        </extensions>
      </trkpt>
      <trkpt lat="39.9442819319665431976318359375" lon="116.390610225498676300048828125">
        <ele>52.799999237060546875</ele>
        <time>2026-09-09T00:00:06.000Z</time>
        <extensions>
          <ns3:TrackPointExtension>
            <ns3:atemp>23.0</ns3:atemp>
            <ns3:hr>155</ns3:hr>
            <ns3:cad>89</ns3:cad>
          </ns3:TrackPointExtension>
        </extensions>
      </trkpt>
      <trkpt lat="39.94430732913315296173095703125" lon="116.39061450026929378509521484375">
        <ele>52.799999237060546875</ele>
        <time>2026-09-09T00:00:07.000Z</time>
        <extensions>
          <ns3:TrackPointExtension>
            <ns3:atemp>23.0</ns3:atemp>
            <ns3:hr>155</ns3:hr>
            <ns3:cad>89</ns3:cad>
          </ns3:TrackPointExtension>
        </extensions>
      </trkpt>
      <trkpt lat="39.9443292059004306793212890625" lon="116.39061785303056240081787109375">
        <ele>53</ele>
        <time>2026-09-09T00:00:08.000Z</time>
        <extensions>
          <ns3:TrackPointExtension>
            <ns3:atemp>23.0</ns3:atemp>
            <ns3:hr>155</ns3:hr>
            <ns3:cad>89</ns3:cad>
          </ns3:TrackPointExtension>
        </extensions>
      </trkpt>
      <trkpt lat="39.94434957392513751983642578125" lon="116.3906211219727993011474609375">
        <ele>53</ele>
        <time>2026-09-09T00:00:09.000Z</time>
        <extensions>
          <ns3:TrackPointExtension>
            <ns3:atemp>23.0</ns3:atemp>
            <ns3:hr>156</ns3:hr>
            <ns3:cad>89</ns3:cad>
          </ns3:TrackPointExtension>
        </extensions>
      </trkpt>
      <trkpt lat="39.94437036104500293731689453125" lon="116.3906206190586090087890625">
        <ele>53</ele>
        <time>2026-09-09T00:00:10.000Z</time>
        <extensions>
          <ns3:TrackPointExtension>
            <ns3:atemp>23.0</ns3:atemp>
            <ns3:hr>156</ns3:hr>
            <ns3:cad>89</ns3:cad>
          </ns3:TrackPointExtension>
        </extensions>
      </trkpt>
      <trkpt lat="39.9443902261555194854736328125" lon="116.3906241394579410552978515625">
        <ele>53</ele>
        <time>2026-09-09T00:00:11.000Z</time>
        <extensions>
          <ns3:TrackPointExtension>
            <ns3:atemp>23.0</ns3:atemp>
            <ns3:hr>157</ns3:hr>
            <ns3:cad>89</ns3:cad>
          </ns3:TrackPointExtension>
        </extensions>
      </trkpt>
      <trkpt lat="39.9444074928760528564453125" lon="116.39061986468732357025146484375">
        <ele>53</ele>
        <time>2026-09-09T00:00:12.000Z</time>
        <extensions>
          <ns3:TrackPointExtension>
            <ns3:atemp>23.0</ns3:atemp>
            <ns3:hr>157</ns3:hr>
            <ns3:cad>89</ns3:cad>
          </ns3:TrackPointExtension>
        </extensions>
      </trkpt>
      <trkpt lat="39.94443506933748722076416015625" lon="116.39062187634408473968505859375">
        <ele>52.799999237060546875</ele>
        <time>2026-09-09T00:00:13.000Z</time>
        <extensions>
          <ns3:TrackPointExtension>
            <ns3:atemp>23.0</ns3:atemp>
            <ns3:hr>158</ns3:hr>
            <ns3:cad>89</ns3:cad>
          </ns3:TrackPointExtension>
        </extensions>
      </trkpt>
      <trkpt lat="39.94445644319057464599609375" lon="116.3906191103160381317138671875">
        <ele>52.799999237060546875</ele>
        <time>2026-09-09T00:00:14.000Z</time>
        <extensions>
          <ns3:TrackPointExtension>
            <ns3:atemp>23.0</ns3:atemp>
            <ns3:hr>158</ns3:hr>
            <ns3:cad>89</ns3:cad>
          </ns3:TrackPointExtension>
        </extensions>
      </trkpt>
      <trkpt lat="39.94447924196720123291015625" lon="116.3906211219727993011474609375">
        <ele>52.799999237060546875</ele>
        <time>2026-09-09T00:00:15.000Z</time>
        <extensions>
          <ns3:TrackPointExtension>
            <ns3:atemp>23.0</ns3:atemp>
            <ns3:hr>158</ns3:hr>
            <ns3:cad>89</ns3:cad>
          </ns3:TrackPointExtension>
        </extensions>
      </trkpt>
      <trkpt lat="39.94450271129608154296875" lon="116.3906181044876575469970703125">
        <ele>52.799999237060546875</ele>
        <time>2026-09-09T00:00:16.000Z</time>
        <extensions>
          <ns3:TrackPointExtension>
            <ns3:atemp>23.0</ns3:atemp>
            <ns3:hr>158</ns3:hr>
            <ns3:cad>89</ns3:cad>
          </ns3:TrackPointExtension>
        </extensions>
      </trkpt>
      <trkpt lat="39.94452944956719875335693359375" lon="116.3906160928308963775634765625">
        <ele>52.799999237060546875</ele>
        <time>2026-09-09T00:00:17.000Z</time>
        <extensions>
          <ns3:TrackPointExtension>
            <ns3:atemp>23.0</ns3:atemp>
            <ns3:hr>158</ns3:hr>
            <ns3:cad>89</ns3:cad>
          </ns3:TrackPointExtension>
        </extensions>
      </trkpt>
      <trkpt lat="39.94455375708639621734619140625" lon="116.390612907707691192626953125">
        <ele>52.799999237060546875</ele>
        <time>2026-09-09T00:00:18.000Z</time>
        <extensions>
          <ns3:TrackPointExtension>
            <ns3:atemp>23.0</ns3:atemp>
            <ns3:hr>158</ns3:hr>
            <ns3:cad>88</ns3:cad>
          </ns3:TrackPointExtension>
        </extensions>
      </trkpt>
      <trkpt lat="39.94458292610943317413330078125" lon="116.39061617664992809295654296875">
        <ele>52.799999237060546875</ele>
        <time>2026-09-09T00:00:19.000Z</time>
        <extensions>
          <ns3:TrackPointExtension>
            <ns3:atemp>23.0</ns3:atemp>
            <ns3:hr>158</ns3:hr>
            <ns3:cad>88</ns3:cad>
          </ns3:TrackPointExtension>
        </extensions>
      </trkpt>
      <trkpt lat="39.9446001090109348297119140625" lon="116.39061097986996173858642578125">
        <ele>52.799999237060546875</ele>
        <time>2026-09-09T00:00:20.000Z</time>
        <extensions>
          <ns3:TrackPointExtension>
            <ns3:atemp>23.0</ns3:atemp>
            <ns3:hr>159</ns3:hr>
            <ns3:cad>88</ns3:cad>
          </ns3:TrackPointExtension>
        </extensions>
      </trkpt>
      <trkpt lat="39.94462047703564167022705078125" lon="116.39061726629734039306640625">
        <ele>52.799999237060546875</ele>
        <time>2026-09-09T00:00:21.000Z</time>
        <extensions>
          <ns3:TrackPointExtension>
            <ns3:atemp>23.0</ns3:atemp>
            <ns3:hr>158</ns3:hr>
            <ns3:cad>88</ns3:cad>
          </ns3:TrackPointExtension>
        </extensions>
      </trkpt>
      <trkpt lat="39.94463958777487277984619140625" lon="116.3906150870025157928466796875">
        <ele>52.799999237060546875</ele>
        <time>2026-09-09T00:00:22.000Z</time>
        <extensions>
          <ns3:TrackPointExtension>
            <ns3:atemp>23.0</ns3:atemp>
            <ns3:hr>158</ns3:hr>
            <ns3:cad>88</ns3:cad>
          </ns3:TrackPointExtension>
        </extensions>
      </trkpt>
      <trkpt lat="39.94466255418956279754638671875" lon="116.39061802066862583160400390625">
        <ele>52.799999237060546875</ele>
        <time>2026-09-09T00:00:23.000Z</time>
        <extensions>
          <ns3:TrackPointExtension>
            <ns3:atemp>23.0</ns3:atemp>
            <ns3:hr>158</ns3:hr>
            <ns3:cad>88</ns3:cad>
          </ns3:TrackPointExtension>
        </extensions>
      </trkpt>
      <trkpt lat="39.944684766232967376708984375" lon="116.390616931021213531494140625">
        <ele>52.59999847412109375</ele>
        <time>2026-09-09T00:00:24.000Z</time>
        <extensions>
          <ns3:TrackPointExtension>
            <ns3:atemp>23.0</ns3:atemp>
            <ns3:hr>158</ns3:hr>
            <ns3:cad>87</ns3:cad>
          </ns3:TrackPointExtension>
        </extensions>
      </trkpt>
      <trkpt lat="39.94471251033246517181396484375" lon="116.3906170986592769622802734375">
        <ele>52.59999847412109375</ele>
        <time>2026-09-09T00:00:25.000Z</time>
        <extensions>
          <ns3:TrackPointExtension>
            <ns3:atemp>23.0</ns3:atemp>
            <ns3:hr>158</ns3:hr>
            <ns3:cad>87</ns3:cad>
          </ns3:TrackPointExtension>
        </extensions>
      </trkpt>
      <trkpt lat="39.94473396800458431243896484375" lon="116.39061391353607177734375">
        <ele>52.59999847412109375</ele>
        <time>2026-09-09T00:00:26.000Z</time>
        <extensions>
          <ns3:TrackPointExtension>
            <ns3:atemp>23.0</ns3:atemp>
            <ns3:hr>158</ns3:hr>
            <ns3:cad>88</ns3:cad>
          </ns3:TrackPointExtension>
        </extensions>
      </trkpt>
      <trkpt lat="39.94475961662828922271728515625" lon="116.3906140811741352081298828125">
        <ele>52.59999847412109375</ele>
        <time>2026-09-09T00:00:27.000Z</time>
        <extensions>
          <ns3:TrackPointExtension>
            <ns3:atemp>23.0</ns3:atemp>
            <ns3:hr>157</ns3:hr>
            <ns3:cad>87</ns3:cad>
          </ns3:TrackPointExtension>
        </extensions>
      </trkpt>
      <trkpt lat="39.94478576816618442535400390625" lon="116.39061047695577144622802734375">
        <ele>52.59999847412109375</ele>
        <time>2026-09-09T00:00:28.000Z</time>
        <extensions>
          <ns3:TrackPointExtension>
            <ns3:atemp>23.0</ns3:atemp>
            <ns3:hr>158</ns3:hr>
            <ns3:cad>88</ns3:cad>
          </ns3:TrackPointExtension>
        </extensions>
      </trkpt>
      <trkpt lat="39.944808147847652435302734375" lon="116.39060385525226593017578125">
        <ele>52.59999847412109375</ele>
        <time>2026-09-09T00:00:29.000Z</time>
        <extensions>
          <ns3:TrackPointExtension>
            <ns3:atemp>23.0</ns3:atemp>
            <ns3:hr>158</ns3:hr>
            <ns3:cad>88</ns3:cad>
          </ns3:TrackPointExtension>
        </extensions>
      </trkpt>
      <trkpt lat="39.944833628833293914794921875" lon="116.3906026817858219146728515625">
        <ele>52.59999847412109375</ele>
        <time>2026-09-09T00:00:30.000Z</time>
        <extensions>
          <ns3:TrackPointExtension>
            <ns3:atemp>23.0</ns3:atemp>
            <ns3:hr>158</ns3:hr>
            <ns3:cad>88</ns3:cad>
          </ns3:TrackPointExtension>
        </extensions>
      </trkpt>
      <trkpt lat="39.94486740790307521820068359375" lon="116.39059689827263355255126953125">
        <ele>52.40000152587890625</ele>
        <time>2026-09-09T00:00:31.000Z</time>
        <extensions>
          <ns3:TrackPointExtension>
            <ns3:atemp>23.0</ns3:atemp>
            <ns3:hr>157</ns3:hr>
            <ns3:cad>88</ns3:cad>
          </ns3:TrackPointExtension>
        </extensions>
      </trkpt>
      <trkpt lat="39.94489657692611217498779296875" lon="116.39058918692171573638916015625">
        <ele>52.40000152587890625</ele>
        <time>2026-09-09T00:00:32.000Z</time>
        <extensions>
          <ns3:TrackPointExtension>
            <ns3:atemp>23.0</ns3:atemp>
            <ns3:hr>158</ns3:hr>
            <ns3:cad>89</ns3:cad>
          </ns3:TrackPointExtension>
        </extensions>
      </trkpt>
      <trkpt lat="39.9449179507791996002197265625" lon="116.3905842415988445281982421875">
        <ele>52.40000152587890625</ele>
        <time>2026-09-09T00:00:33.000Z</time>
        <extensions>
          <ns3:TrackPointExtension>
            <ns3:atemp>23.0</ns3:atemp>
            <ns3:hr>158</ns3:hr>
            <ns3:cad>89</ns3:cad>
          </ns3:TrackPointExtension>
        </extensions>
      </trkpt>
      <trkpt lat="39.94494468905031681060791015625" lon="116.39058114029467105865478515625">
        <ele>52.40000152587890625</ele>
        <time>2026-09-09T00:00:34.000Z</time>
        <extensions>
          <ns3:TrackPointExtension>
            <ns3:atemp>23.0</ns3:atemp>
            <ns3:hr>157</ns3:hr>
            <ns3:cad>89</ns3:cad>
          </ns3:TrackPointExtension>
        </extensions>
      </trkpt>
      <trkpt lat="39.9449652247130870819091796875" lon="116.390579380095005035400390625">
        <ele>52.40000152587890625</ele>
        <time>2026-09-09T00:00:35.000Z</time>
        <extensions>
          <ns3:TrackPointExtension>
            <ns3:atemp>23.0</ns3:atemp>
            <ns3:hr>158</ns3:hr>
            <ns3:cad>89</ns3:cad>
          </ns3:TrackPointExtension>
        </extensions>
      </trkpt>
      <trkpt lat="39.94499129243195056915283203125" lon="116.390575356781482696533203125">
        <ele>52.40000152587890625</ele>
        <time>2026-09-09T00:00:36.000Z</time>
        <extensions>
          <ns3:TrackPointExtension>
            <ns3:atemp>23.0</ns3:atemp>
            <ns3:hr>157</ns3:hr>
            <ns3:cad>89</ns3:cad>
          </ns3:TrackPointExtension>
        </extensions>
      </trkpt>
      <trkpt lat="39.94501224718987941741943359375" lon="116.3905735127627849578857421875">
        <ele>52.200000762939453125</ele>
        <time>2026-09-09T00:00:37.000Z</time>
        <extensions>
          <ns3:TrackPointExtension>
            <ns3:atemp>23.0</ns3:atemp>
            <ns3:hr>157</ns3:hr>
            <ns3:cad>88</ns3:cad>
          </ns3:TrackPointExtension>
        </extensions>
      </trkpt>
      <trkpt lat="39.94503580033779144287109375" lon="116.39057577587664127349853515625">
        <ele>52.200000762939453125</ele>
        <time>2026-09-09T00:00:38.000Z</time>
        <extensions>
          <ns3:TrackPointExtension>
            <ns3:atemp>23.0</ns3:atemp>
            <ns3:hr>157</ns3:hr>
            <ns3:cad>88</ns3:cad>
          </ns3:TrackPointExtension>
        </extensions>
      </trkpt>
      <trkpt lat="39.9450557492673397064208984375" lon="116.390572004020214080810546875">
        <ele>52.200000762939453125</ele>
        <time>2026-09-09T00:00:39.000Z</time>
        <extensions>
          <ns3:TrackPointExtension>
            <ns3:atemp>23.0</ns3:atemp>
            <ns3:hr>158</ns3:hr>
            <ns3:cad>88</ns3:cad>
          </ns3:TrackPointExtension>
        </extensions>
      </trkpt>
      <trkpt lat="39.945079721510410308837890625" lon="116.3905708305537700653076171875">
        <ele>52.200000762939453125</ele>
        <time>2026-09-09T00:00:40.000Z</time>
        <extensions>
          <ns3:TrackPointExtension>
            <ns3:atemp>23.0</ns3:atemp>
            <ns3:hr>157</ns3:hr>
            <ns3:cad>88</ns3:cad>
          </ns3:TrackPointExtension>
        </extensions>
      </trkpt>
      <trkpt lat="39.94509707204997539520263671875" lon="116.3905681483447551727294921875">
        <ele>52.200000762939453125</ele>
        <time>2026-09-09T00:00:41.000Z</time>
        <extensions>
          <ns3:TrackPointExtension>
            <ns3:atemp>23.0</ns3:atemp>
            <ns3:hr>157</ns3:hr>
            <ns3:cad>88</ns3:cad>
          </ns3:TrackPointExtension>
        </extensions>
      </trkpt>
      <trkpt lat="39.94512355886399745941162109375" lon="116.390567310154438018798828125">
        <ele>52.200000762939453125</ele>
        <time>2026-09-09T00:00:42.000Z</time>
        <extensions>
          <ns3:TrackPointExtension>
            <ns3:atemp>23.0</ns3:atemp>
            <ns3:hr>157</ns3:hr>
            <ns3:cad>89</ns3:cad>
          </ns3:TrackPointExtension>
        </extensions>
      </trkpt>
      <trkpt lat="39.9451452679932117462158203125" lon="116.390561945736408233642578125">
        <ele>52.200000762939453125</ele>
        <time>2026-09-09T00:00:43.000Z</time>
        <extensions>
          <ns3:TrackPointExtension>
            <ns3:atemp>23.0</ns3:atemp>
            <ns3:hr>157</ns3:hr>
            <ns3:cad>89</ns3:cad>
          </ns3:TrackPointExtension>
        </extensions>
      </trkpt>
      <trkpt lat="39.9451714195311069488525390625" lon="116.39055867679417133331298828125">
        <ele>52.200000762939453125</ele>
        <time>2026-09-09T00:00:44.000Z</time>
        <extensions>
          <ns3:TrackPointExtension>
            <ns3:atemp>23.0</ns3:atemp>
            <ns3:hr>157</ns3:hr>
            <ns3:cad>88</ns3:cad>
          </ns3:TrackPointExtension>
        </extensions>
      </trkpt>
      <trkpt lat="39.9451938830316066741943359375" lon="116.39055616222321987152099609375">
        <ele>52.200000762939453125</ele>
        <time>2026-09-09T00:00:45.000Z</time>
        <extensions>
          <ns3:TrackPointExtension>
            <ns3:atemp>23.0</ns3:atemp>
            <ns3:hr>158</ns3:hr>
            <ns3:cad>89</ns3:cad>
          </ns3:TrackPointExtension>
        </extensions>
      </trkpt>
      <trkpt lat="39.94521953165531158447265625" lon="116.39055415056645870208740234375">
        <ele>52.200000762939453125</ele>
        <time>2026-09-09T00:00:46.000Z</time>
        <extensions>
          <ns3:TrackPointExtension>
            <ns3:atemp>23.0</ns3:atemp>
            <ns3:hr>157</ns3:hr>
            <ns3:cad>88</ns3:cad>
          </ns3:TrackPointExtension>
        </extensions>
      </trkpt>
      <trkpt lat="39.9452418275177478790283203125" lon="116.39055314473807811737060546875">
        <ele>52.200000762939453125</ele>
        <time>2026-09-09T00:00:47.000Z</time>
        <extensions>
          <ns3:TrackPointExtension>
            <ns3:atemp>23.0</ns3:atemp>
            <ns3:hr>157</ns3:hr>
            <ns3:cad>88</ns3:cad>
          </ns3:TrackPointExtension>
        </extensions>
      </trkpt>
      <trkpt lat="39.94526873342692852020263671875" lon="116.3905503787100315093994140625">
        <ele>52.200000762939453125</ele>
        <time>2026-09-09T00:00:48.000Z</time>
        <extensions>
          <ns3:TrackPointExtension>
            <ns3:atemp>23.0</ns3:atemp>
            <ns3:hr>158</ns3:hr>
            <ns3:cad>88</ns3:cad>
          </ns3:TrackPointExtension>
        </extensions>
      </trkpt>
      <trkpt lat="39.94529329240322113037109375" lon="116.39054308645427227020263671875">
        <ele>52.200000762939453125</ele>
        <time>2026-09-09T00:00:49.000Z</time>
        <extensions>
          <ns3:TrackPointExtension>
            <ns3:atemp>23.0</ns3:atemp>
            <ns3:hr>157</ns3:hr>
            <ns3:cad>88</ns3:cad>
          </ns3:TrackPointExtension>
        </extensions>
      </trkpt>
      <trkpt lat="39.94531684555113315582275390625" lon="116.39053822495043277740478515625">
        <ele>52.200000762939453125</ele>
        <time>2026-09-09T00:00:50.000Z</time>
        <extensions>
          <ns3:TrackPointExtension>
            <ns3:atemp>23.0</ns3:atemp>
            <ns3:hr>158</ns3:hr>
            <ns3:cad>88</ns3:cad>
          </ns3:TrackPointExtension>
        </extensions>
      </trkpt>
      <trkpt lat="39.9453414045274257659912109375" lon="116.3905356265604496002197265625">
        <ele>52.200000762939453125</ele>
        <time>2026-09-09T00:00:51.000Z</time>
        <extensions>
          <ns3:TrackPointExtension>
            <ns3:atemp>23.0</ns3:atemp>
            <ns3:hr>158</ns3:hr>
            <ns3:cad>88</ns3:cad>
          </ns3:TrackPointExtension>
        </extensions>
      </trkpt>
      <trkpt lat="39.945364706218242645263671875" lon="116.390536129474639892578125">
        <ele>52.200000762939453125</ele>
        <time>2026-09-09T00:00:52.000Z</time>
        <extensions>
          <ns3:TrackPointExtension>
            <ns3:atemp>23.0</ns3:atemp>
            <ns3:hr>158</ns3:hr>
            <ns3:cad>88</ns3:cad>
          </ns3:TrackPointExtension>
        </extensions>
      </trkpt>
      <trkpt lat="39.9453903548419475555419921875" lon="116.390537135303020477294921875">
        <ele>52.200000762939453125</ele>
        <time>2026-09-09T00:00:53.000Z</time>
        <extensions>
          <ns3:TrackPointExtension>
            <ns3:atemp>23.0</ns3:atemp>
            <ns3:hr>157</ns3:hr>
            <ns3:cad>88</ns3:cad>
          </ns3:TrackPointExtension>
        </extensions>
      </trkpt>
      <trkpt lat="39.9454141594469547271728515625" lon="116.390530765056610107421875">
        <ele>52.200000762939453125</ele>
        <time>2026-09-09T00:00:54.000Z</time>
        <extensions>
          <ns3:TrackPointExtension>
            <ns3:atemp>23.0</ns3:atemp>
            <ns3:hr>157</ns3:hr>
            <ns3:cad>89</ns3:cad>
          </ns3:TrackPointExtension>
        </extensions>
      </trkpt>
      <trkpt lat="39.94544173590838909149169921875" lon="116.390533111989498138427734375">
        <ele>52.200000762939453125</ele>
        <time>2026-09-09T00:00:55.000Z</time>
        <extensions>
          <ns3:TrackPointExtension>
            <ns3:atemp>23.0</ns3:atemp>
            <ns3:hr>157</ns3:hr>
            <ns3:cad>89</ns3:cad>
          </ns3:TrackPointExtension>
        </extensions>
      </trkpt>
      <trkpt lat="39.94546302594244480133056640625" lon="116.39053403399884700775146484375">
        <ele>52.200000762939453125</ele>
        <time>2026-09-09T00:00:56.000Z</time>
        <extensions>
          <ns3:TrackPointExtension>
            <ns3:atemp>23.0</ns3:atemp>
            <ns3:hr>157</ns3:hr>
            <ns3:cad>89</ns3:cad>
          </ns3:TrackPointExtension>
        </extensions>
      </trkpt>
      <trkpt lat="39.94548833929002285003662109375" lon="116.3905342854559421539306640625">
        <ele>52.200000762939453125</ele>
        <time>2026-09-09T00:00:57.000Z</time>
        <extensions>
          <ns3:TrackPointExtension>
            <ns3:atemp>23.0</ns3:atemp>
            <ns3:hr>157</ns3:hr>
            <ns3:cad>89</ns3:cad>
          </ns3:TrackPointExtension>
        </extensions>
      </trkpt>
      <trkpt lat="39.945508874952793121337890625" lon="116.39053571037948131561279296875">
        <ele>52.200000762939453125</ele>
        <time>2026-09-09T00:00:58.000Z</time>
        <extensions>
          <ns3:TrackPointExtension>
            <ns3:atemp>23.0</ns3:atemp>
            <ns3:hr>157</ns3:hr>
            <ns3:cad>89</ns3:cad>
          </ns3:TrackPointExtension>
        </extensions>
      </trkpt>
      <trkpt lat="39.9455368705093860626220703125" lon="116.390536129474639892578125">
        <ele>52.200000762939453125</ele>
        <time>2026-09-09T00:00:59.000Z</time>
        <extensions>
          <ns3:TrackPointExtension>
            <ns3:atemp>23.0</ns3:atemp>
            <ns3:hr>156</ns3:hr>
            <ns3:cad>89</ns3:cad>
          </ns3:TrackPointExtension>
        </extensions>
      </trkpt>
      <trkpt lat="39.94555346667766571044921875" lon="116.3905373029410839080810546875">
        <ele>52</ele>
        <time>2026-09-09T00:01:00.000Z</time>
        <extensions>
          <ns3:TrackPointExtension>
            <ns3:atemp>23.0</ns3:atemp>
            <ns3:hr>156</ns3:hr>
            <ns3:cad>89</ns3:cad>
          </ns3:TrackPointExtension>
        </extensions>
      </trkpt>
      <trkpt lat="39.94558171369135379791259765625" lon="116.390539817512035369873046875">
        <ele>52</ele>
        <time>2026-09-09T00:01:01.000Z</time>
        <extensions>
          <ns3:TrackPointExtension>
            <ns3:atemp>23.0</ns3:atemp>
            <ns3:hr>156</ns3:hr>
            <ns3:cad>89</ns3:cad>
          </ns3:TrackPointExtension>
        </extensions>
      </trkpt>
      <trkpt lat="39.94560233317315578460693359375" lon="116.39053680002689361572265625">
        <ele>52</ele>
        <time>2026-09-09T00:01:02.000Z</time>
        <extensions>
          <ns3:TrackPointExtension>
            <ns3:atemp>23.0</ns3:atemp>
            <ns3:hr>156</ns3:hr>
            <ns3:cad>88</ns3:cad>
          </ns3:TrackPointExtension>
        </extensions>
      </trkpt>
      <trkpt lat="39.9456310831010341644287109375" lon="116.390537135303020477294921875">
        <ele>52</ele>
        <time>2026-09-09T00:01:03.000Z</time>
        <extensions>
          <ns3:TrackPointExtension>
            <ns3:atemp>23.0</ns3:atemp>
            <ns3:hr>156</ns3:hr>
            <ns3:cad>88</ns3:cad>
          </ns3:TrackPointExtension>
        </extensions>
      </trkpt>
      <trkpt lat="39.94565061293542385101318359375" lon="116.390536464750766754150390625">
        <ele>52</ele>
        <time>2026-09-09T00:01:04.000Z</time>
        <extensions>
          <ns3:TrackPointExtension>
            <ns3:atemp>23.0</ns3:atemp>
            <ns3:hr>156</ns3:hr>
            <ns3:cad>88</ns3:cad>
          </ns3:TrackPointExtension>
        </extensions>
      </trkpt>
      <trkpt lat="39.94568087160587310791015625" lon="116.39053872786462306976318359375">
        <ele>52.200000762939453125</ele>
        <time>2026-09-09T00:01:05.000Z</time>
        <extensions>
          <ns3:TrackPointExtension>
            <ns3:atemp>23.0</ns3:atemp>
            <ns3:hr>156</ns3:hr>
            <ns3:cad>88</ns3:cad>
          </ns3:TrackPointExtension>
        </extensions>
      </trkpt>
      <trkpt lat="39.94569939561188220977783203125" lon="116.39053470455110073089599609375">
        <ele>52.200000762939453125</ele>
        <time>2026-09-09T00:01:06.000Z</time>
        <extensions>
          <ns3:TrackPointExtension>
            <ns3:atemp>23.0</ns3:atemp>
            <ns3:hr>156</ns3:hr>
            <ns3:cad>88</ns3:cad>
          </ns3:TrackPointExtension>
        </extensions>
      </trkpt>
      <trkpt lat="39.94573158212006092071533203125" lon="116.390532441437244415283203125">
        <ele>52.200000762939453125</ele>
        <time>2026-09-09T00:01:07.000Z</time>
        <extensions>
          <ns3:TrackPointExtension>
            <ns3:atemp>23.0</ns3:atemp>
            <ns3:hr>155</ns3:hr>
            <ns3:cad>88</ns3:cad>
          </ns3:TrackPointExtension>
        </extensions>
      </trkpt>
      <trkpt lat="39.94575253687798976898193359375" lon="116.39053487218916416168212890625">
        <ele>52.200000762939453125</ele>
        <time>2026-09-09T00:01:08.000Z</time>
        <extensions>
          <ns3:TrackPointExtension>
            <ns3:atemp>23.0</ns3:atemp>
            <ns3:hr>156</ns3:hr>
            <ns3:cad>88</ns3:cad>
          </ns3:TrackPointExtension>
        </extensions>
      </trkpt>
      <trkpt lat="39.945779107511043548583984375" lon="116.39053621329367160797119140625">
        <ele>52.200000762939453125</ele>
        <time>2026-09-09T00:01:09.000Z</time>
        <extensions>
          <ns3:TrackPointExtension>
            <ns3:atemp>23.0</ns3:atemp>
            <ns3:hr>156</ns3:hr>
            <ns3:cad>88</ns3:cad>
          </ns3:TrackPointExtension>
        </extensions>
      </trkpt>
      <trkpt lat="39.94580182246863842010498046875" lon="116.39053923077881336212158203125">
        <ele>52.200000762939453125</ele>
        <time>2026-09-09T00:01:10.000Z</time>
        <extensions>
          <ns3:TrackPointExtension>
            <ns3:atemp>23.0</ns3:atemp>
            <ns3:hr>156</ns3:hr>
            <ns3:cad>89</ns3:cad>
          </ns3:TrackPointExtension>
        </extensions>
      </trkpt>
      <trkpt lat="39.945825040340423583984375" lon="116.3905423320829868316650390625">
        <ele>52</ele>
        <time>2026-09-09T00:01:11.000Z</time>
        <extensions>
          <ns3:TrackPointExtension>
            <ns3:atemp>23.0</ns3:atemp>
            <ns3:hr>155</ns3:hr>
            <ns3:cad>89</ns3:cad>
          </ns3:TrackPointExtension>
        </extensions>
      </trkpt>
      <trkpt lat="39.9458503536880016326904296875" lon="116.39054476283490657806396484375">
        <ele>52</ele>
        <time>2026-09-09T00:01:12.000Z</time>
        <extensions>
          <ns3:TrackPointExtension>
            <ns3:atemp>23.0</ns3:atemp>
            <ns3:hr>156</ns3:hr>
            <ns3:cad>89</ns3:cad>
          </ns3:TrackPointExtension>
        </extensions>
      </trkpt>
      <trkpt lat="39.94587575085461139678955078125" lon="116.39054643921554088592529296875">
        <ele>52</ele>
        <time>2026-09-09T00:01:13.000Z</time>
        <extensions>
          <ns3:TrackPointExtension>
            <ns3:atemp>23.0</ns3:atemp>
            <ns3:hr>156</ns3:hr>
            <ns3:cad>88</ns3:cad>
          </ns3:TrackPointExtension>
        </extensions>
      </trkpt>
      <trkpt lat="39.945900142192840576171875" lon="116.39055616222321987152099609375">
        <ele>52</ele>
        <time>2026-09-09T00:01:14.000Z</time>
        <extensions>
          <ns3:TrackPointExtension>
            <ns3:atemp>23.0</ns3:atemp>
            <ns3:hr>156</ns3:hr>
            <ns3:cad>88</ns3:cad>
          </ns3:TrackPointExtension>
        </extensions>
      </trkpt>
      <trkpt lat="39.94592386297881603240966796875" lon="116.39056320302188396453857421875">
        <ele>52</ele>
        <time>2026-09-09T00:01:15.000Z</time>
        <extensions>
          <ns3:TrackPointExtension>
            <ns3:atemp>23.0</ns3:atemp>
            <ns3:hr>156</ns3:hr>
            <ns3:cad>88</ns3:cad>
          </ns3:TrackPointExtension>
        </extensions>
      </trkpt>
      <trkpt lat="39.9459551274776458740234375" lon="116.39056404121220111846923828125">
        <ele>52</ele>
        <time>2026-09-09T00:01:16.000Z</time>
        <extensions>
          <ns3:TrackPointExtension>
            <ns3:atemp>23.0</ns3:atemp>
            <ns3:hr>156</ns3:hr>
            <ns3:cad>88</ns3:cad>
          </ns3:TrackPointExtension>
        </extensions>
      </trkpt>
      <trkpt lat="39.9460055865347385406494140625" lon="116.39056873507797718048095703125">
        <ele>52</ele>
        <time>2026-09-09T00:01:17.000Z</time>
        <extensions>
          <ns3:TrackPointExtension>
            <ns3:atemp>23.0</ns3:atemp>
            <ns3:hr>156</ns3:hr>
            <ns3:cad>88</ns3:cad>
          </ns3:TrackPointExtension>
        </extensions>
      </trkpt>
      <trkpt lat="39.9460243619978427886962890625" lon="116.3905696570873260498046875">
        <ele>52.200000762939453125</ele>
        <time>2026-09-09T00:01:18.000Z</time>
        <extensions>
          <ns3:TrackPointExtension>
            <ns3:atemp>23.0</ns3:atemp>
            <ns3:hr>156</ns3:hr>
            <ns3:cad>88</ns3:cad>
          </ns3:TrackPointExtension>
        </extensions>
      </trkpt>
      <trkpt lat="39.94605277664959430694580078125" lon="116.39058164320886135101318359375">
        <ele>52.200000762939453125</ele>
        <time>2026-09-09T00:01:19.000Z</time>
        <extensions>
          <ns3:TrackPointExtension>
            <ns3:atemp>23.0</ns3:atemp>
            <ns3:hr>156</ns3:hr>
            <ns3:cad>88</ns3:cad>
          </ns3:TrackPointExtension>
        </extensions>
      </trkpt>
      <trkpt lat="39.94606669060885906219482421875" lon="116.39059404842555522918701171875">
        <ele>52.200000762939453125</ele>
        <time>2026-09-09T00:01:20.000Z</time>
        <extensions>
          <ns3:TrackPointExtension>
            <ns3:atemp>23.0</ns3:atemp>
            <ns3:hr>156</ns3:hr>
            <ns3:cad>88</ns3:cad>
          </ns3:TrackPointExtension>
        </extensions>
      </trkpt>
      <trkpt lat="39.94608915410935878753662109375" lon="116.3906140811741352081298828125">
        <ele>52.200000762939453125</ele>
        <time>2026-09-09T00:01:21.000Z</time>
        <extensions>
          <ns3:TrackPointExtension>
            <ns3:atemp>23.0</ns3:atemp>
            <ns3:hr>156</ns3:hr>
            <ns3:cad>87</ns3:cad>
          </ns3:TrackPointExtension>
        </extensions>
      </trkpt>
      <trkpt lat="39.9461111985146999359130859375" lon="116.39062799513339996337890625">
        <ele>52.200000762939453125</ele>
        <time>2026-09-09T00:01:22.000Z</time>
        <extensions>
          <ns3:TrackPointExtension>
            <ns3:atemp>23.0</ns3:atemp>
            <ns3:hr>156</ns3:hr>
            <ns3:cad>88</ns3:cad>
          </ns3:TrackPointExtension>
        </extensions>
      </trkpt>
      <trkpt lat="39.9461316503584384918212890625" lon="116.39063947834074497222900390625">
        <ele>52.200000762939453125</ele>
        <time>2026-09-09T00:01:23.000Z</time>
        <extensions>
          <ns3:TrackPointExtension>
            <ns3:atemp>23.0</ns3:atemp>
            <ns3:hr>156</ns3:hr>
            <ns3:cad>88</ns3:cad>
          </ns3:TrackPointExtension>
        </extensions>
      </trkpt>
      <trkpt lat="39.9461517669260501861572265625" lon="116.3906466029584407806396484375">
        <ele>52.40000152587890625</ele>
        <time>2026-09-09T00:01:24.000Z</time>
        <extensions>
          <ns3:TrackPointExtension>
            <ns3:atemp>23.0</ns3:atemp>
            <ns3:hr>157</ns3:hr>
            <ns3:cad>88</ns3:cad>
          </ns3:TrackPointExtension>
        </extensions>
      </trkpt>
      <trkpt lat="39.94617037475109100341796875" lon="116.39064610004425048828125">
        <ele>52.40000152587890625</ele>
        <time>2026-09-09T00:01:25.000Z</time>
        <extensions>
          <ns3:TrackPointExtension>
            <ns3:atemp>23.0</ns3:atemp>
            <ns3:hr>157</ns3:hr>
            <ns3:cad>87</ns3:cad>
          </ns3:TrackPointExtension>
        </extensions>
      </trkpt>
    </trkseg>
  </trk>
</gpx>
